<?xml version="1.0" encoding="UTF-8"?>
<gpx creator="Wikiloc - https://www.wikiloc.com" version="1.1" schemaLocation="http://www.topografix.com/GPX/1/1 http://www.topografix.com/GPX/1/1/gpx.xsd" xmlns="http://www.topografix.com/GPX/1/1" xmlns:xsi="http://www.w3.org/2001/XMLSchema-instance" xsi:schemaLocation="http://www.topografix.com/GPX/1/1 http://www.topografix.com/GPX/1/1/gpx.xsd http://www.garmin.com/xmlschemas/GpxExtensions/v3 http://www.garmin.com/xmlschemas/GpxExtensionsv3.xsd http://www.garmin.com/xmlschemas/TrackPointExtension/v1 http://www.garmin.com/xmlschemas/TrackPointExtensionv1.xsd http://www.garmin.com/xmlschemas/PowerExtension/v1 http://www.garmin.com/xmlschemas/PowerExtensionv1.xsd http://www.topografix.com/GPX/gpx_style/0/2 http://www.topografix.com/GPX/gpx_style/0/2/gpx_style.xsd" xmlns:gpxtpx="http://www.garmin.com/xmlschemas/TrackPointExtension/v1" xmlns:gpxx="http://www.garmin.com/xmlschemas/GpxExtensions/v3" xmlns:gpxpx="http://www.garmin.com/xmlschemas/PowerExtension/v1" xmlns:gpx_style="http://www.topografix.com/GPX/gpx_style/0/2">
  <metadata>
    <name>Fajalata desde Santa Elena</name>
    <desc>Track de subida.</desc>
    <author>
      <name>gpx.studio</name>
      <link href="https://gpx.studio"/>
    </author>
    <link href="https://www.wikiloc.com/trail-running-trails/fajalata-pena-blanca-pena-roya-desde-santa-elena-220841508">
      <text>Fajalata, Peña Blanca, Peña Roya desde Santa Elena. on Wikiloc</text>
    </link>
    <time>2025-07-06T10:48:33.000Z</time>
  </metadata>
  <trk>
    <name>Fajalata desde Santa Elena</name>
    <trkseg>
      <trkpt lat="42.660495" lon="-0.322204">
        <ele>993.258</ele>
        <time>2025-07-06T05:02:07.000Z</time>
      </trkpt>
      <trkpt lat="42.660531" lon="-0.322161">
        <ele>993.498</ele>
        <time>2025-07-06T05:02:13.000Z</time>
      </trkpt>
      <trkpt lat="42.660537" lon="-0.322161">
        <ele>993.616</ele>
        <time>2025-07-06T05:02:14.000Z</time>
      </trkpt>
      <trkpt lat="42.660574" lon="-0.322138">
        <ele>994.824</ele>
        <time>2025-07-06T05:02:19.000Z</time>
      </trkpt>
      <trkpt lat="42.660574" lon="-0.322137">
        <ele>995.28</ele>
        <time>2025-07-06T05:02:20.000Z</time>
      </trkpt>
      <trkpt lat="42.660566" lon="-0.322124">
        <ele>996.217</ele>
        <time>2025-07-06T05:02:24.000Z</time>
      </trkpt>
      <trkpt lat="42.660563" lon="-0.322125">
        <ele>996.661</ele>
        <time>2025-07-06T05:02:26.000Z</time>
      </trkpt>
      <trkpt lat="42.660563" lon="-0.322116">
        <ele>997.266</ele>
        <time>2025-07-06T05:02:30.000Z</time>
      </trkpt>
      <trkpt lat="42.660563" lon="-0.322101">
        <ele>997.634</ele>
        <time>2025-07-06T05:02:32.000Z</time>
      </trkpt>
      <trkpt lat="42.660568" lon="-0.322071">
        <ele>998.238</ele>
        <time>2025-07-06T05:02:35.000Z</time>
      </trkpt>
      <trkpt lat="42.66057" lon="-0.322064">
        <ele>998.27</ele>
        <time>2025-07-06T05:02:36.000Z</time>
      </trkpt>
      <trkpt lat="42.660576" lon="-0.322032">
        <ele>999.017</ele>
        <time>2025-07-06T05:02:41.000Z</time>
      </trkpt>
      <trkpt lat="42.660579" lon="-0.322028">
        <ele>999.409</ele>
        <time>2025-07-06T05:02:42.000Z</time>
      </trkpt>
      <trkpt lat="42.660582" lon="-0.322017">
        <ele>1000.425</ele>
        <time>2025-07-06T05:02:48.000Z</time>
      </trkpt>
      <trkpt lat="42.660588" lon="-0.322014">
        <ele>1001.035</ele>
        <time>2025-07-06T05:02:50.000Z</time>
      </trkpt>
      <trkpt lat="42.660602" lon="-0.321992">
        <ele>1001.653</ele>
        <time>2025-07-06T05:02:57.000Z</time>
      </trkpt>
      <trkpt lat="42.660607" lon="-0.321985">
        <ele>1001.831</ele>
        <time>2025-07-06T05:02:58.000Z</time>
      </trkpt>
      <trkpt lat="42.660609" lon="-0.321972">
        <ele>1002.617</ele>
        <time>2025-07-06T05:03:00.000Z</time>
      </trkpt>
      <trkpt lat="42.660612" lon="-0.321959">
        <ele>1003.284</ele>
        <time>2025-07-06T05:03:03.000Z</time>
      </trkpt>
      <trkpt lat="42.660612" lon="-0.321951">
        <ele>1003.828</ele>
        <time>2025-07-06T05:03:06.000Z</time>
      </trkpt>
      <trkpt lat="42.660634" lon="-0.321914">
        <ele>1005.023</ele>
        <time>2025-07-06T05:03:10.000Z</time>
      </trkpt>
      <trkpt lat="42.660635" lon="-0.321893">
        <ele>1006.271</ele>
        <time>2025-07-06T05:03:13.000Z</time>
      </trkpt>
      <trkpt lat="42.660654" lon="-0.321873">
        <ele>1006.641</ele>
        <time>2025-07-06T05:03:16.000Z</time>
      </trkpt>
      <trkpt lat="42.66066" lon="-0.32186">
        <ele>1007.281</ele>
        <time>2025-07-06T05:03:19.000Z</time>
      </trkpt>
      <trkpt lat="42.660651" lon="-0.321839">
        <ele>1008.409</ele>
        <time>2025-07-06T05:03:23.000Z</time>
      </trkpt>
      <trkpt lat="42.660653" lon="-0.321835">
        <ele>1008.809</ele>
        <time>2025-07-06T05:03:24.000Z</time>
      </trkpt>
      <trkpt lat="42.660656" lon="-0.321825">
        <ele>1009.436</ele>
        <time>2025-07-06T05:03:27.000Z</time>
      </trkpt>
      <trkpt lat="42.660667" lon="-0.321809">
        <ele>1010.096</ele>
        <time>2025-07-06T05:03:30.000Z</time>
      </trkpt>
      <trkpt lat="42.660669" lon="-0.321806">
        <ele>1010.254</ele>
        <time>2025-07-06T05:03:31.000Z</time>
      </trkpt>
      <trkpt lat="42.660671" lon="-0.321807">
        <ele>1010.672</ele>
        <time>2025-07-06T05:03:32.000Z</time>
      </trkpt>
      <trkpt lat="42.660683" lon="-0.321794">
        <ele>1011.688</ele>
        <time>2025-07-06T05:03:36.000Z</time>
      </trkpt>
      <trkpt lat="42.660686" lon="-0.321763">
        <ele>1012.865</ele>
        <time>2025-07-06T05:03:41.000Z</time>
      </trkpt>
      <trkpt lat="42.66069" lon="-0.32176">
        <ele>1013.289</ele>
        <time>2025-07-06T05:03:43.000Z</time>
      </trkpt>
      <trkpt lat="42.660708" lon="-0.321753">
        <ele>1013.874</ele>
        <time>2025-07-06T05:03:46.000Z</time>
      </trkpt>
      <trkpt lat="42.660713" lon="-0.321762">
        <ele>1014.422</ele>
        <time>2025-07-06T05:03:48.000Z</time>
      </trkpt>
      <trkpt lat="42.660717" lon="-0.321763">
        <ele>1015.265</ele>
        <time>2025-07-06T05:03:50.000Z</time>
      </trkpt>
      <trkpt lat="42.660734" lon="-0.321759">
        <ele>1016.268</ele>
        <time>2025-07-06T05:03:54.000Z</time>
      </trkpt>
      <trkpt lat="42.660744" lon="-0.321736">
        <ele>1017.214</ele>
        <time>2025-07-06T05:03:57.000Z</time>
      </trkpt>
      <trkpt lat="42.660743" lon="-0.321735">
        <ele>1017.409</ele>
        <time>2025-07-06T05:03:58.000Z</time>
      </trkpt>
      <trkpt lat="42.660751" lon="-0.321738">
        <ele>1018.078</ele>
        <time>2025-07-06T05:04:01.000Z</time>
      </trkpt>
      <trkpt lat="42.660757" lon="-0.321742">
        <ele>1018.678</ele>
        <time>2025-07-06T05:04:03.000Z</time>
      </trkpt>
      <trkpt lat="42.660764" lon="-0.321737">
        <ele>1019.016</ele>
        <time>2025-07-06T05:04:05.000Z</time>
      </trkpt>
      <trkpt lat="42.660773" lon="-0.321738">
        <ele>1019.494</ele>
        <time>2025-07-06T05:04:07.000Z</time>
      </trkpt>
      <trkpt lat="42.660778" lon="-0.321737">
        <ele>1019.82</ele>
        <time>2025-07-06T05:04:08.000Z</time>
      </trkpt>
      <trkpt lat="42.660787" lon="-0.321743">
        <ele>1020.427</ele>
        <time>2025-07-06T05:04:11.000Z</time>
      </trkpt>
      <trkpt lat="42.660793" lon="-0.321747">
        <ele>1021.031</ele>
        <time>2025-07-06T05:04:13.000Z</time>
      </trkpt>
      <trkpt lat="42.660807" lon="-0.321751">
        <ele>1022.036</ele>
        <time>2025-07-06T05:04:19.000Z</time>
      </trkpt>
      <trkpt lat="42.660812" lon="-0.321754">
        <ele>1023.234</ele>
        <time>2025-07-06T05:04:24.000Z</time>
      </trkpt>
      <trkpt lat="42.660816" lon="-0.32176">
        <ele>1023.686</ele>
        <time>2025-07-06T05:04:27.000Z</time>
      </trkpt>
      <trkpt lat="42.660823" lon="-0.321766">
        <ele>1024.26</ele>
        <time>2025-07-06T05:04:29.000Z</time>
      </trkpt>
      <trkpt lat="42.660846" lon="-0.321771">
        <ele>1025.426</ele>
        <time>2025-07-06T05:04:33.000Z</time>
      </trkpt>
      <trkpt lat="42.660872" lon="-0.321774">
        <ele>1026.609</ele>
        <time>2025-07-06T05:04:38.000Z</time>
      </trkpt>
      <trkpt lat="42.660885" lon="-0.321767">
        <ele>1027.68</ele>
        <time>2025-07-06T05:04:42.000Z</time>
      </trkpt>
      <trkpt lat="42.660888" lon="-0.32176">
        <ele>1028.07</ele>
        <time>2025-07-06T05:04:43.000Z</time>
      </trkpt>
      <trkpt lat="42.660889" lon="-0.321751">
        <ele>1028.838</ele>
        <time>2025-07-06T05:04:45.000Z</time>
      </trkpt>
      <trkpt lat="42.660904" lon="-0.321752">
        <ele>1029.496</ele>
        <time>2025-07-06T05:04:49.000Z</time>
      </trkpt>
      <trkpt lat="42.660909" lon="-0.321753">
        <ele>1029.812</ele>
        <time>2025-07-06T05:04:50.000Z</time>
      </trkpt>
      <trkpt lat="42.660923" lon="-0.321747">
        <ele>1030.829</ele>
        <time>2025-07-06T05:04:53.000Z</time>
      </trkpt>
      <trkpt lat="42.660936" lon="-0.321736">
        <ele>1031.863</ele>
        <time>2025-07-06T05:04:56.000Z</time>
      </trkpt>
      <trkpt lat="42.660938" lon="-0.321733">
        <ele>1032.268</ele>
        <time>2025-07-06T05:04:57.000Z</time>
      </trkpt>
      <trkpt lat="42.660936" lon="-0.321732">
        <ele>1032.856</ele>
        <time>2025-07-06T05:05:00.000Z</time>
      </trkpt>
      <trkpt lat="42.660939" lon="-0.321737">
        <ele>1032.848</ele>
        <time>2025-07-06T05:05:01.000Z</time>
      </trkpt>
      <trkpt lat="42.660948" lon="-0.321734">
        <ele>1033.061</ele>
        <time>2025-07-06T05:05:04.000Z</time>
      </trkpt>
      <trkpt lat="42.660963" lon="-0.321738">
        <ele>1034.017</ele>
        <time>2025-07-06T05:05:08.000Z</time>
      </trkpt>
      <trkpt lat="42.660984" lon="-0.321747">
        <ele>1035.209</ele>
        <time>2025-07-06T05:05:13.000Z</time>
      </trkpt>
      <trkpt lat="42.661002" lon="-0.321721">
        <ele>1036.296</ele>
        <time>2025-07-06T05:05:18.000Z</time>
      </trkpt>
      <trkpt lat="42.661004" lon="-0.321709">
        <ele>1037.486</ele>
        <time>2025-07-06T05:05:21.000Z</time>
      </trkpt>
      <trkpt lat="42.661008" lon="-0.321706">
        <ele>1037.464</ele>
        <time>2025-07-06T05:05:22.000Z</time>
      </trkpt>
      <trkpt lat="42.661015" lon="-0.321702">
        <ele>1038.432</ele>
        <time>2025-07-06T05:05:26.000Z</time>
      </trkpt>
      <trkpt lat="42.661021" lon="-0.321704">
        <ele>1039.288</ele>
        <time>2025-07-06T05:05:28.000Z</time>
      </trkpt>
      <trkpt lat="42.661028" lon="-0.321694">
        <ele>1040.215</ele>
        <time>2025-07-06T05:05:32.000Z</time>
      </trkpt>
      <trkpt lat="42.661033" lon="-0.321674">
        <ele>1040.639</ele>
        <time>2025-07-06T05:05:37.000Z</time>
      </trkpt>
      <trkpt lat="42.661038" lon="-0.321665">
        <ele>1041.214</ele>
        <time>2025-07-06T05:05:40.000Z</time>
      </trkpt>
      <trkpt lat="42.661062" lon="-0.321649">
        <ele>1042.682</ele>
        <time>2025-07-06T05:05:45.000Z</time>
      </trkpt>
      <trkpt lat="42.661069" lon="-0.321642">
        <ele>1043.262</ele>
        <time>2025-07-06T05:05:47.000Z</time>
      </trkpt>
      <trkpt lat="42.661078" lon="-0.321635">
        <ele>1043.683</ele>
        <time>2025-07-06T05:05:49.000Z</time>
      </trkpt>
      <trkpt lat="42.661079" lon="-0.321621">
        <ele>1044.411</ele>
        <time>2025-07-06T05:05:52.000Z</time>
      </trkpt>
      <trkpt lat="42.661077" lon="-0.321616">
        <ele>1044.609</ele>
        <time>2025-07-06T05:05:53.000Z</time>
      </trkpt>
      <trkpt lat="42.661081" lon="-0.321598">
        <ele>1045.298</ele>
        <time>2025-07-06T05:05:55.000Z</time>
      </trkpt>
      <trkpt lat="42.66108" lon="-0.321596">
        <ele>1045.448</ele>
        <time>2025-07-06T05:05:56.000Z</time>
      </trkpt>
      <trkpt lat="42.66108" lon="-0.321595">
        <ele>1045.696</ele>
        <time>2025-07-06T05:05:57.000Z</time>
      </trkpt>
      <trkpt lat="42.661079" lon="-0.321595">
        <ele>1045.834</ele>
        <time>2025-07-06T05:05:58.000Z</time>
      </trkpt>
      <trkpt lat="42.66108" lon="-0.321601">
        <ele>1046.24</ele>
        <time>2025-07-06T05:06:00.000Z</time>
      </trkpt>
      <trkpt lat="42.661086" lon="-0.321598">
        <ele>1046.267</ele>
        <time>2025-07-06T05:06:01.000Z</time>
      </trkpt>
      <trkpt lat="42.66109" lon="-0.321598">
        <ele>1046.211</ele>
        <time>2025-07-06T05:06:02.000Z</time>
      </trkpt>
      <trkpt lat="42.6611" lon="-0.321593">
        <ele>1046.846</ele>
        <time>2025-07-06T05:06:04.000Z</time>
      </trkpt>
      <trkpt lat="42.661115" lon="-0.321588">
        <ele>1047.654</ele>
        <time>2025-07-06T05:06:07.000Z</time>
      </trkpt>
      <trkpt lat="42.661119" lon="-0.321585">
        <ele>1048.035</ele>
        <time>2025-07-06T05:06:08.000Z</time>
      </trkpt>
      <trkpt lat="42.661122" lon="-0.321584">
        <ele>1048.486</ele>
        <time>2025-07-06T05:06:09.000Z</time>
      </trkpt>
      <trkpt lat="42.661133" lon="-0.321569">
        <ele>1049.014</ele>
        <time>2025-07-06T05:06:12.000Z</time>
      </trkpt>
      <trkpt lat="42.661133" lon="-0.321565">
        <ele>1049.209</ele>
        <time>2025-07-06T05:06:13.000Z</time>
      </trkpt>
      <trkpt lat="42.661141" lon="-0.321549">
        <ele>1050.435</ele>
        <time>2025-07-06T05:06:18.000Z</time>
      </trkpt>
      <trkpt lat="42.661141" lon="-0.321542">
        <ele>1051.015</ele>
        <time>2025-07-06T05:06:20.000Z</time>
      </trkpt>
      <trkpt lat="42.661141" lon="-0.321537">
        <ele>1051.413</ele>
        <time>2025-07-06T05:06:22.000Z</time>
      </trkpt>
      <trkpt lat="42.661154" lon="-0.321533">
        <ele>1052.481</ele>
        <time>2025-07-06T05:06:26.000Z</time>
      </trkpt>
      <trkpt lat="42.661157" lon="-0.321532">
        <ele>1052.427</ele>
        <time>2025-07-06T05:06:27.000Z</time>
      </trkpt>
      <trkpt lat="42.661167" lon="-0.321518">
        <ele>1053.694</ele>
        <time>2025-07-06T05:06:32.000Z</time>
      </trkpt>
      <trkpt lat="42.661178" lon="-0.321513">
        <ele>1054.268</ele>
        <time>2025-07-06T05:06:35.000Z</time>
      </trkpt>
      <trkpt lat="42.661184" lon="-0.321509">
        <ele>1054.863</ele>
        <time>2025-07-06T05:06:37.000Z</time>
      </trkpt>
      <trkpt lat="42.661197" lon="-0.321502">
        <ele>1055.811</ele>
        <time>2025-07-06T05:06:43.000Z</time>
      </trkpt>
      <trkpt lat="42.661212" lon="-0.3215">
        <ele>1056.697</ele>
        <time>2025-07-06T05:06:49.000Z</time>
      </trkpt>
      <trkpt lat="42.661213" lon="-0.321498">
        <ele>1056.823</ele>
        <time>2025-07-06T05:06:51.000Z</time>
      </trkpt>
      <trkpt lat="42.661227" lon="-0.321505">
        <ele>1057.825</ele>
        <time>2025-07-06T05:06:58.000Z</time>
      </trkpt>
      <trkpt lat="42.66123" lon="-0.321496">
        <ele>1058.409</ele>
        <time>2025-07-06T05:07:01.000Z</time>
      </trkpt>
      <trkpt lat="42.66124" lon="-0.321477">
        <ele>1059.071</ele>
        <time>2025-07-06T05:07:06.000Z</time>
      </trkpt>
      <trkpt lat="42.661241" lon="-0.321475">
        <ele>1059.221</ele>
        <time>2025-07-06T05:07:07.000Z</time>
      </trkpt>
      <trkpt lat="42.661248" lon="-0.321462">
        <ele>1060.019</ele>
        <time>2025-07-06T05:07:10.000Z</time>
      </trkpt>
      <trkpt lat="42.661259" lon="-0.321454">
        <ele>1061.097</ele>
        <time>2025-07-06T05:07:15.000Z</time>
      </trkpt>
      <trkpt lat="42.661301" lon="-0.321434">
        <ele>1060.833</ele>
        <time>2025-07-06T05:07:21.000Z</time>
      </trkpt>
      <trkpt lat="42.661338" lon="-0.321433">
        <ele>1061.04</ele>
        <time>2025-07-06T05:07:24.000Z</time>
      </trkpt>
      <trkpt lat="42.661344" lon="-0.321421">
        <ele>1061.064</ele>
        <time>2025-07-06T05:07:25.000Z</time>
      </trkpt>
      <trkpt lat="42.661353" lon="-0.3214">
        <ele>1061.079</ele>
        <time>2025-07-06T05:07:27.000Z</time>
      </trkpt>
      <trkpt lat="42.661372" lon="-0.321386">
        <ele>1062.247</ele>
        <time>2025-07-06T05:07:31.000Z</time>
      </trkpt>
      <trkpt lat="42.661375" lon="-0.321386">
        <ele>1062.453</ele>
        <time>2025-07-06T05:07:32.000Z</time>
      </trkpt>
      <trkpt lat="42.661385" lon="-0.321375">
        <ele>1063.204</ele>
        <time>2025-07-06T05:07:35.000Z</time>
      </trkpt>
      <trkpt lat="42.661392" lon="-0.32136">
        <ele>1064.214</ele>
        <time>2025-07-06T05:07:38.000Z</time>
      </trkpt>
      <trkpt lat="42.661398" lon="-0.321352">
        <ele>1064.609</ele>
        <time>2025-07-06T05:07:39.000Z</time>
      </trkpt>
      <trkpt lat="42.661408" lon="-0.321331">
        <ele>1065.467</ele>
        <time>2025-07-06T05:07:41.000Z</time>
      </trkpt>
      <trkpt lat="42.661413" lon="-0.321325">
        <ele>1066.257</ele>
        <time>2025-07-06T05:07:45.000Z</time>
      </trkpt>
      <trkpt lat="42.661412" lon="-0.321323">
        <ele>1066.685</ele>
        <time>2025-07-06T05:07:46.000Z</time>
      </trkpt>
      <trkpt lat="42.661398" lon="-0.3213">
        <ele>1067.843</ele>
        <time>2025-07-06T05:07:50.000Z</time>
      </trkpt>
      <trkpt lat="42.661394" lon="-0.321292">
        <ele>1068.429</ele>
        <time>2025-07-06T05:07:53.000Z</time>
      </trkpt>
      <trkpt lat="42.661412" lon="-0.321273">
        <ele>1068.616</ele>
        <time>2025-07-06T05:07:55.000Z</time>
      </trkpt>
      <trkpt lat="42.661428" lon="-0.321255">
        <ele>1069.04</ele>
        <time>2025-07-06T05:07:58.000Z</time>
      </trkpt>
      <trkpt lat="42.661435" lon="-0.321252">
        <ele>1069.295</ele>
        <time>2025-07-06T05:07:59.000Z</time>
      </trkpt>
      <trkpt lat="42.661442" lon="-0.321249">
        <ele>1069.433</ele>
        <time>2025-07-06T05:08:00.000Z</time>
      </trkpt>
      <trkpt lat="42.661457" lon="-0.321235">
        <ele>1070.053</ele>
        <time>2025-07-06T05:08:03.000Z</time>
      </trkpt>
      <trkpt lat="42.66146" lon="-0.321222">
        <ele>1070.604</ele>
        <time>2025-07-06T05:08:06.000Z</time>
      </trkpt>
      <trkpt lat="42.661452" lon="-0.321218">
        <ele>1071.014</ele>
        <time>2025-07-06T05:08:08.000Z</time>
      </trkpt>
      <trkpt lat="42.66145" lon="-0.321217">
        <ele>1071.209</ele>
        <time>2025-07-06T05:08:09.000Z</time>
      </trkpt>
      <trkpt lat="42.661446" lon="-0.321214">
        <ele>1071.837</ele>
        <time>2025-07-06T05:08:11.000Z</time>
      </trkpt>
      <trkpt lat="42.661456" lon="-0.321216">
        <ele>1072.437</ele>
        <time>2025-07-06T05:08:14.000Z</time>
      </trkpt>
      <trkpt lat="42.661473" lon="-0.321205">
        <ele>1073.025</ele>
        <time>2025-07-06T05:08:17.000Z</time>
      </trkpt>
      <trkpt lat="42.661503" lon="-0.321159">
        <ele>1073.413</ele>
        <time>2025-07-06T05:08:20.000Z</time>
      </trkpt>
      <trkpt lat="42.661508" lon="-0.321143">
        <ele>1073.669</ele>
        <time>2025-07-06T05:08:21.000Z</time>
      </trkpt>
      <trkpt lat="42.661506" lon="-0.321098">
        <ele>1074.076</ele>
        <time>2025-07-06T05:08:23.000Z</time>
      </trkpt>
      <trkpt lat="42.661518" lon="-0.321047">
        <ele>1074.42</ele>
        <time>2025-07-06T05:08:26.000Z</time>
      </trkpt>
      <trkpt lat="42.661528" lon="-0.321024">
        <ele>1074.835</ele>
        <time>2025-07-06T05:08:28.000Z</time>
      </trkpt>
      <trkpt lat="42.661547" lon="-0.320973">
        <ele>1075.633</ele>
        <time>2025-07-06T05:08:31.000Z</time>
      </trkpt>
      <trkpt lat="42.661562" lon="-0.320953">
        <ele>1075.838</ele>
        <time>2025-07-06T05:08:32.000Z</time>
      </trkpt>
      <trkpt lat="42.661607" lon="-0.320833">
        <ele>1076.47</ele>
        <time>2025-07-06T05:08:38.000Z</time>
      </trkpt>
      <trkpt lat="42.661618" lon="-0.320824">
        <ele>1076.417</ele>
        <time>2025-07-06T05:08:39.000Z</time>
      </trkpt>
      <trkpt lat="42.661629" lon="-0.320828">
        <ele>1076.409</ele>
        <time>2025-07-06T05:08:40.000Z</time>
      </trkpt>
      <trkpt lat="42.661639" lon="-0.320853">
        <ele>1076.815</ele>
        <time>2025-07-06T05:08:42.000Z</time>
      </trkpt>
      <trkpt lat="42.661644" lon="-0.320872">
        <ele>1076.815</ele>
        <time>2025-07-06T05:08:44.000Z</time>
      </trkpt>
      <trkpt lat="42.661658" lon="-0.320897">
        <ele>1077.043</ele>
        <time>2025-07-06T05:08:46.000Z</time>
      </trkpt>
      <trkpt lat="42.661684" lon="-0.320915">
        <ele>1077.641</ele>
        <time>2025-07-06T05:08:49.000Z</time>
      </trkpt>
      <trkpt lat="42.661698" lon="-0.320926">
        <ele>1078.017</ele>
        <time>2025-07-06T05:08:51.000Z</time>
      </trkpt>
      <trkpt lat="42.661706" lon="-0.320939">
        <ele>1079.234</ele>
        <time>2025-07-06T05:08:55.000Z</time>
      </trkpt>
      <trkpt lat="42.661708" lon="-0.320943">
        <ele>1079.618</ele>
        <time>2025-07-06T05:08:56.000Z</time>
      </trkpt>
      <trkpt lat="42.661708" lon="-0.320966">
        <ele>1080.443</ele>
        <time>2025-07-06T05:08:58.000Z</time>
      </trkpt>
      <trkpt lat="42.661711" lon="-0.320986">
        <ele>1080.691</ele>
        <time>2025-07-06T05:08:59.000Z</time>
      </trkpt>
      <trkpt lat="42.661737" lon="-0.321005">
        <ele>1081.059</ele>
        <time>2025-07-06T05:09:02.000Z</time>
      </trkpt>
      <trkpt lat="42.661749" lon="-0.321004">
        <ele>1081.003</ele>
        <time>2025-07-06T05:09:03.000Z</time>
      </trkpt>
      <trkpt lat="42.661777" lon="-0.32101">
        <ele>1080.623</ele>
        <time>2025-07-06T05:09:06.000Z</time>
      </trkpt>
      <trkpt lat="42.661801" lon="-0.320998">
        <ele>1080.609</ele>
        <time>2025-07-06T05:09:10.000Z</time>
      </trkpt>
      <trkpt lat="42.661817" lon="-0.320998">
        <ele>1080.227</ele>
        <time>2025-07-06T05:09:15.000Z</time>
      </trkpt>
      <trkpt lat="42.661805" lon="-0.321003">
        <ele>1080.247</ele>
        <time>2025-07-06T05:09:20.000Z</time>
      </trkpt>
      <trkpt lat="42.661789" lon="-0.320998">
        <ele>1080.285</ele>
        <time>2025-07-06T05:09:21.000Z</time>
      </trkpt>
      <trkpt lat="42.661774" lon="-0.320997">
        <ele>1080.283</ele>
        <time>2025-07-06T05:09:22.000Z</time>
      </trkpt>
      <trkpt lat="42.661757" lon="-0.320965">
        <ele>1080.689</ele>
        <time>2025-07-06T05:09:27.000Z</time>
      </trkpt>
      <trkpt lat="42.661776" lon="-0.320916">
        <ele>1081.246</ele>
        <time>2025-07-06T05:09:32.000Z</time>
      </trkpt>
      <trkpt lat="42.661774" lon="-0.320907">
        <ele>1081.64</ele>
        <time>2025-07-06T05:09:33.000Z</time>
      </trkpt>
      <trkpt lat="42.661771" lon="-0.320892">
        <ele>1082.835</ele>
        <time>2025-07-06T05:09:37.000Z</time>
      </trkpt>
      <trkpt lat="42.661791" lon="-0.320854">
        <ele>1084.053</ele>
        <time>2025-07-06T05:09:41.000Z</time>
      </trkpt>
      <trkpt lat="42.661797" lon="-0.320848">
        <ele>1084.898</ele>
        <time>2025-07-06T05:09:43.000Z</time>
      </trkpt>
      <trkpt lat="42.661799" lon="-0.320845">
        <ele>1085.015</ele>
        <time>2025-07-06T05:09:44.000Z</time>
      </trkpt>
      <trkpt lat="42.661799" lon="-0.32084">
        <ele>1085.426</ele>
        <time>2025-07-06T05:09:45.000Z</time>
      </trkpt>
      <trkpt lat="42.661806" lon="-0.320826">
        <ele>1086.609</ele>
        <time>2025-07-06T05:09:49.000Z</time>
      </trkpt>
      <trkpt lat="42.661802" lon="-0.320817">
        <ele>1087.221</ele>
        <time>2025-07-06T05:09:51.000Z</time>
      </trkpt>
      <trkpt lat="42.661801" lon="-0.320807">
        <ele>1087.671</ele>
        <time>2025-07-06T05:09:53.000Z</time>
      </trkpt>
      <trkpt lat="42.661797" lon="-0.320794">
        <ele>1088.669</ele>
        <time>2025-07-06T05:09:56.000Z</time>
      </trkpt>
      <trkpt lat="42.661798" lon="-0.320788">
        <ele>1088.867</ele>
        <time>2025-07-06T05:09:57.000Z</time>
      </trkpt>
      <trkpt lat="42.661824" lon="-0.320725">
        <ele>1090.063</ele>
        <time>2025-07-06T05:10:02.000Z</time>
      </trkpt>
      <trkpt lat="42.661835" lon="-0.320705">
        <ele>1090.84</ele>
        <time>2025-07-06T05:10:04.000Z</time>
      </trkpt>
      <trkpt lat="42.661846" lon="-0.320691">
        <ele>1091.234</ele>
        <time>2025-07-06T05:10:05.000Z</time>
      </trkpt>
      <trkpt lat="42.661858" lon="-0.320668">
        <ele>1092.249</ele>
        <time>2025-07-06T05:10:08.000Z</time>
      </trkpt>
      <trkpt lat="42.661864" lon="-0.32066">
        <ele>1092.887</ele>
        <time>2025-07-06T05:10:10.000Z</time>
      </trkpt>
      <trkpt lat="42.661865" lon="-0.320642">
        <ele>1093.476</ele>
        <time>2025-07-06T05:10:12.000Z</time>
      </trkpt>
      <trkpt lat="42.661886" lon="-0.320604">
        <ele>1094.49</ele>
        <time>2025-07-06T05:10:17.000Z</time>
      </trkpt>
      <trkpt lat="42.661892" lon="-0.320579">
        <ele>1094.819</ele>
        <time>2025-07-06T05:10:20.000Z</time>
      </trkpt>
      <trkpt lat="42.661917" lon="-0.320551">
        <ele>1095.609</ele>
        <time>2025-07-06T05:10:23.000Z</time>
      </trkpt>
      <trkpt lat="42.661932" lon="-0.320544">
        <ele>1096.079</ele>
        <time>2025-07-06T05:10:25.000Z</time>
      </trkpt>
      <trkpt lat="42.661953" lon="-0.320527">
        <ele>1096.649</ele>
        <time>2025-07-06T05:10:28.000Z</time>
      </trkpt>
      <trkpt lat="42.66195" lon="-0.320475">
        <ele>1097.087</ele>
        <time>2025-07-06T05:10:31.000Z</time>
      </trkpt>
      <trkpt lat="42.661951" lon="-0.320458">
        <ele>1097.235</ele>
        <time>2025-07-06T05:10:32.000Z</time>
      </trkpt>
      <trkpt lat="42.661955" lon="-0.320428">
        <ele>1097.871</ele>
        <time>2025-07-06T05:10:35.000Z</time>
      </trkpt>
      <trkpt lat="42.661958" lon="-0.320387">
        <ele>1098.648</ele>
        <time>2025-07-06T05:10:40.000Z</time>
      </trkpt>
      <trkpt lat="42.661957" lon="-0.32037">
        <ele>1098.812</ele>
        <time>2025-07-06T05:10:42.000Z</time>
      </trkpt>
      <trkpt lat="42.661958" lon="-0.320311">
        <ele>1099.047</ele>
        <time>2025-07-06T05:10:45.000Z</time>
      </trkpt>
      <trkpt lat="42.661962" lon="-0.320308">
        <ele>1099.035</ele>
        <time>2025-07-06T05:10:46.000Z</time>
      </trkpt>
      <trkpt lat="42.661975" lon="-0.320291">
        <ele>1099.861</ele>
        <time>2025-07-06T05:10:49.000Z</time>
      </trkpt>
      <trkpt lat="42.661985" lon="-0.320244">
        <ele>1100.421</ele>
        <time>2025-07-06T05:10:52.000Z</time>
      </trkpt>
      <trkpt lat="42.661969" lon="-0.320224">
        <ele>1101.013</ele>
        <time>2025-07-06T05:10:54.000Z</time>
      </trkpt>
      <trkpt lat="42.66197" lon="-0.320206">
        <ele>1101.609</ele>
        <time>2025-07-06T05:10:57.000Z</time>
      </trkpt>
      <trkpt lat="42.661989" lon="-0.320194">
        <ele>1102.258</ele>
        <time>2025-07-06T05:10:59.000Z</time>
      </trkpt>
      <trkpt lat="42.662038" lon="-0.320171">
        <ele>1103.088</ele>
        <time>2025-07-06T05:11:03.000Z</time>
      </trkpt>
      <trkpt lat="42.662043" lon="-0.320161">
        <ele>1103.226</ele>
        <time>2025-07-06T05:11:04.000Z</time>
      </trkpt>
      <trkpt lat="42.662054" lon="-0.320152">
        <ele>1103.444</ele>
        <time>2025-07-06T05:11:05.000Z</time>
      </trkpt>
      <trkpt lat="42.662088" lon="-0.320105">
        <ele>1104.06</ele>
        <time>2025-07-06T05:11:09.000Z</time>
      </trkpt>
      <trkpt lat="42.662092" lon="-0.320092">
        <ele>1104.237</ele>
        <time>2025-07-06T05:11:10.000Z</time>
      </trkpt>
      <trkpt lat="42.662093" lon="-0.32008">
        <ele>1104.471</ele>
        <time>2025-07-06T05:11:11.000Z</time>
      </trkpt>
      <trkpt lat="42.662107" lon="-0.320053">
        <ele>1105.056</ele>
        <time>2025-07-06T05:11:14.000Z</time>
      </trkpt>
      <trkpt lat="42.662117" lon="-0.32002">
        <ele>1105.454</ele>
        <time>2025-07-06T05:11:16.000Z</time>
      </trkpt>
      <trkpt lat="42.662122" lon="-0.320004">
        <ele>1105.661</ele>
        <time>2025-07-06T05:11:17.000Z</time>
      </trkpt>
      <trkpt lat="42.662165" lon="-0.319946">
        <ele>1106.421</ele>
        <time>2025-07-06T05:11:20.000Z</time>
      </trkpt>
      <trkpt lat="42.662172" lon="-0.319928">
        <ele>1106.613</ele>
        <time>2025-07-06T05:11:21.000Z</time>
      </trkpt>
      <trkpt lat="42.66218" lon="-0.319914">
        <ele>1106.809</ele>
        <time>2025-07-06T05:11:22.000Z</time>
      </trkpt>
      <trkpt lat="42.662176" lon="-0.319909">
        <ele>1107.058</ele>
        <time>2025-07-06T05:11:23.000Z</time>
      </trkpt>
      <trkpt lat="42.662184" lon="-0.319866">
        <ele>1107.438</ele>
        <time>2025-07-06T05:11:25.000Z</time>
      </trkpt>
      <trkpt lat="42.662197" lon="-0.319868">
        <ele>1108.096</ele>
        <time>2025-07-06T05:11:27.000Z</time>
      </trkpt>
      <trkpt lat="42.662204" lon="-0.319879">
        <ele>1108.254</ele>
        <time>2025-07-06T05:11:28.000Z</time>
      </trkpt>
      <trkpt lat="42.66221" lon="-0.319901">
        <ele>1108.47</ele>
        <time>2025-07-06T05:11:29.000Z</time>
      </trkpt>
      <trkpt lat="42.662221" lon="-0.319903">
        <ele>1109.027</ele>
        <time>2025-07-06T05:11:31.000Z</time>
      </trkpt>
      <trkpt lat="42.662238" lon="-0.319899">
        <ele>1109.471</ele>
        <time>2025-07-06T05:11:33.000Z</time>
      </trkpt>
      <trkpt lat="42.662262" lon="-0.319886">
        <ele>1110.036</ele>
        <time>2025-07-06T05:11:35.000Z</time>
      </trkpt>
      <trkpt lat="42.662291" lon="-0.319865">
        <ele>1111.044</ele>
        <time>2025-07-06T05:11:39.000Z</time>
      </trkpt>
      <trkpt lat="42.662292" lon="-0.319861">
        <ele>1111.698</ele>
        <time>2025-07-06T05:11:41.000Z</time>
      </trkpt>
      <trkpt lat="42.66229" lon="-0.319842">
        <ele>1112.215</ele>
        <time>2025-07-06T05:11:43.000Z</time>
      </trkpt>
      <trkpt lat="42.662291" lon="-0.319816">
        <ele>1112.826</ele>
        <time>2025-07-06T05:11:45.000Z</time>
      </trkpt>
      <trkpt lat="42.662278" lon="-0.319799">
        <ele>1113.209</ele>
        <time>2025-07-06T05:11:47.000Z</time>
      </trkpt>
      <trkpt lat="42.662272" lon="-0.319795">
        <ele>1113.421</ele>
        <time>2025-07-06T05:11:48.000Z</time>
      </trkpt>
      <trkpt lat="42.662267" lon="-0.319793">
        <ele>1113.681</ele>
        <time>2025-07-06T05:11:49.000Z</time>
      </trkpt>
      <trkpt lat="42.662265" lon="-0.319789">
        <ele>1113.819</ele>
        <time>2025-07-06T05:11:50.000Z</time>
      </trkpt>
      <trkpt lat="42.662275" lon="-0.319763">
        <ele>1114.437</ele>
        <time>2025-07-06T05:11:52.000Z</time>
      </trkpt>
      <trkpt lat="42.662284" lon="-0.31974">
        <ele>1114.683</ele>
        <time>2025-07-06T05:11:53.000Z</time>
      </trkpt>
      <trkpt lat="42.662304" lon="-0.319723">
        <ele>1115.47</ele>
        <time>2025-07-06T05:11:56.000Z</time>
      </trkpt>
      <trkpt lat="42.662323" lon="-0.319715">
        <ele>1116.234</ele>
        <time>2025-07-06T05:11:59.000Z</time>
      </trkpt>
      <trkpt lat="42.662331" lon="-0.319705">
        <ele>1116.449</ele>
        <time>2025-07-06T05:12:00.000Z</time>
      </trkpt>
      <trkpt lat="42.662333" lon="-0.319689">
        <ele>1116.667</ele>
        <time>2025-07-06T05:12:01.000Z</time>
      </trkpt>
      <trkpt lat="42.662336" lon="-0.319645">
        <ele>1117.423</ele>
        <time>2025-07-06T05:12:04.000Z</time>
      </trkpt>
      <trkpt lat="42.662345" lon="-0.319626">
        <ele>1117.683</ele>
        <time>2025-07-06T05:12:06.000Z</time>
      </trkpt>
      <trkpt lat="42.662347" lon="-0.319576">
        <ele>1118.811</ele>
        <time>2025-07-06T05:12:10.000Z</time>
      </trkpt>
      <trkpt lat="42.662343" lon="-0.31956">
        <ele>1119.009</ele>
        <time>2025-07-06T05:12:11.000Z</time>
      </trkpt>
      <trkpt lat="42.662332" lon="-0.319539">
        <ele>1120.064</ele>
        <time>2025-07-06T05:12:15.000Z</time>
      </trkpt>
      <trkpt lat="42.662301" lon="-0.319492">
        <ele>1121.054</ele>
        <time>2025-07-06T05:12:19.000Z</time>
      </trkpt>
      <trkpt lat="42.662296" lon="-0.319486">
        <ele>1121.492</ele>
        <time>2025-07-06T05:12:21.000Z</time>
      </trkpt>
      <trkpt lat="42.662285" lon="-0.319482">
        <ele>1122.03</ele>
        <time>2025-07-06T05:12:24.000Z</time>
      </trkpt>
      <trkpt lat="42.662284" lon="-0.319436">
        <ele>1123.036</ele>
        <time>2025-07-06T05:12:27.000Z</time>
      </trkpt>
      <trkpt lat="42.662275" lon="-0.319419">
        <ele>1123.223</ele>
        <time>2025-07-06T05:12:28.000Z</time>
      </trkpt>
      <trkpt lat="42.662265" lon="-0.319412">
        <ele>1123.487</ele>
        <time>2025-07-06T05:12:29.000Z</time>
      </trkpt>
      <trkpt lat="42.662239" lon="-0.3194">
        <ele>1124.052</ele>
        <time>2025-07-06T05:12:32.000Z</time>
      </trkpt>
      <trkpt lat="42.662237" lon="-0.319397">
        <ele>1124.42</ele>
        <time>2025-07-06T05:12:33.000Z</time>
      </trkpt>
      <trkpt lat="42.662222" lon="-0.319358">
        <ele>1125.465</ele>
        <time>2025-07-06T05:12:37.000Z</time>
      </trkpt>
      <trkpt lat="42.662231" lon="-0.319351">
        <ele>1125.668</ele>
        <time>2025-07-06T05:12:38.000Z</time>
      </trkpt>
      <trkpt lat="42.662234" lon="-0.319353">
        <ele>1126.014</ele>
        <time>2025-07-06T05:12:39.000Z</time>
      </trkpt>
      <trkpt lat="42.662244" lon="-0.319348">
        <ele>1126.609</ele>
        <time>2025-07-06T05:12:42.000Z</time>
      </trkpt>
      <trkpt lat="42.662286" lon="-0.319369">
        <ele>1127.448</ele>
        <time>2025-07-06T05:12:46.000Z</time>
      </trkpt>
      <trkpt lat="42.662295" lon="-0.319368">
        <ele>1127.628</ele>
        <time>2025-07-06T05:12:47.000Z</time>
      </trkpt>
      <trkpt lat="42.662345" lon="-0.319345">
        <ele>1128.436</ele>
        <time>2025-07-06T05:12:51.000Z</time>
      </trkpt>
      <trkpt lat="42.662358" lon="-0.31934">
        <ele>1128.614</ele>
        <time>2025-07-06T05:12:52.000Z</time>
      </trkpt>
      <trkpt lat="42.662374" lon="-0.319323">
        <ele>1129.07</ele>
        <time>2025-07-06T05:12:54.000Z</time>
      </trkpt>
      <trkpt lat="42.662399" lon="-0.319305">
        <ele>1129.497</ele>
        <time>2025-07-06T05:12:56.000Z</time>
      </trkpt>
      <trkpt lat="42.662408" lon="-0.319298">
        <ele>1129.671</ele>
        <time>2025-07-06T05:12:57.000Z</time>
      </trkpt>
      <trkpt lat="42.662448" lon="-0.319299">
        <ele>1130.876</ele>
        <time>2025-07-06T05:13:01.000Z</time>
      </trkpt>
      <trkpt lat="42.66246" lon="-0.319294">
        <ele>1131.024</ele>
        <time>2025-07-06T05:13:02.000Z</time>
      </trkpt>
      <trkpt lat="42.662494" lon="-0.319317">
        <ele>1131.832</ele>
        <time>2025-07-06T05:13:06.000Z</time>
      </trkpt>
      <trkpt lat="42.662509" lon="-0.319314">
        <ele>1132.092</ele>
        <time>2025-07-06T05:13:07.000Z</time>
      </trkpt>
      <trkpt lat="42.662522" lon="-0.319319">
        <ele>1132.211</ele>
        <time>2025-07-06T05:13:08.000Z</time>
      </trkpt>
      <trkpt lat="42.662563" lon="-0.319357">
        <ele>1133.009</ele>
        <time>2025-07-06T05:13:13.000Z</time>
      </trkpt>
      <trkpt lat="42.662605" lon="-0.319428">
        <ele>1133.825</ele>
        <time>2025-07-06T05:13:19.000Z</time>
      </trkpt>
      <trkpt lat="42.662619" lon="-0.319453">
        <ele>1134.045</ele>
        <time>2025-07-06T05:13:21.000Z</time>
      </trkpt>
      <trkpt lat="42.662657" lon="-0.319501">
        <ele>1135.243</ele>
        <time>2025-07-06T05:13:26.000Z</time>
      </trkpt>
      <trkpt lat="42.662669" lon="-0.319507">
        <ele>1135.681</ele>
        <time>2025-07-06T05:13:28.000Z</time>
      </trkpt>
      <trkpt lat="42.662697" lon="-0.3195">
        <ele>1136.227</ele>
        <time>2025-07-06T05:13:31.000Z</time>
      </trkpt>
      <trkpt lat="42.662704" lon="-0.319509">
        <ele>1136.494</ele>
        <time>2025-07-06T05:13:32.000Z</time>
      </trkpt>
      <trkpt lat="42.662737" lon="-0.319518">
        <ele>1136.648</ele>
        <time>2025-07-06T05:13:34.000Z</time>
      </trkpt>
      <trkpt lat="42.662755" lon="-0.319505">
        <ele>1136.893</ele>
        <time>2025-07-06T05:13:35.000Z</time>
      </trkpt>
      <trkpt lat="42.662786" lon="-0.319485">
        <ele>1137.431</ele>
        <time>2025-07-06T05:13:38.000Z</time>
      </trkpt>
      <trkpt lat="42.662814" lon="-0.319465">
        <ele>1138.043</ele>
        <time>2025-07-06T05:13:42.000Z</time>
      </trkpt>
      <trkpt lat="42.662822" lon="-0.319456">
        <ele>1138.264</ele>
        <time>2025-07-06T05:13:43.000Z</time>
      </trkpt>
      <trkpt lat="42.662835" lon="-0.319452">
        <ele>1138.41</ele>
        <time>2025-07-06T05:13:44.000Z</time>
      </trkpt>
      <trkpt lat="42.662883" lon="-0.319438">
        <ele>1139.609</ele>
        <time>2025-07-06T05:13:49.000Z</time>
      </trkpt>
      <trkpt lat="42.662896" lon="-0.319436">
        <ele>1139.866</ele>
        <time>2025-07-06T05:13:50.000Z</time>
      </trkpt>
      <trkpt lat="42.662911" lon="-0.319434">
        <ele>1140.226</ele>
        <time>2025-07-06T05:13:51.000Z</time>
      </trkpt>
      <trkpt lat="42.662936" lon="-0.319424">
        <ele>1140.654</ele>
        <time>2025-07-06T05:13:53.000Z</time>
      </trkpt>
      <trkpt lat="42.662963" lon="-0.319405">
        <ele>1141.032</ele>
        <time>2025-07-06T05:13:55.000Z</time>
      </trkpt>
      <trkpt lat="42.663007" lon="-0.31938">
        <ele>1141.898</ele>
        <time>2025-07-06T05:13:58.000Z</time>
      </trkpt>
      <trkpt lat="42.66304" lon="-0.319361">
        <ele>1142.675</ele>
        <time>2025-07-06T05:14:02.000Z</time>
      </trkpt>
      <trkpt lat="42.66304" lon="-0.319348">
        <ele>1142.889</ele>
        <time>2025-07-06T05:14:03.000Z</time>
      </trkpt>
      <trkpt lat="42.663034" lon="-0.319321">
        <ele>1143.474</ele>
        <time>2025-07-06T05:14:05.000Z</time>
      </trkpt>
      <trkpt lat="42.66303" lon="-0.319287">
        <ele>1143.832</ele>
        <time>2025-07-06T05:14:07.000Z</time>
      </trkpt>
      <trkpt lat="42.663026" lon="-0.319285">
        <ele>1144.076</ele>
        <time>2025-07-06T05:14:08.000Z</time>
      </trkpt>
      <trkpt lat="42.66302" lon="-0.319276">
        <ele>1144.29</ele>
        <time>2025-07-06T05:14:09.000Z</time>
      </trkpt>
      <trkpt lat="42.662996" lon="-0.319235">
        <ele>1145.019</ele>
        <time>2025-07-06T05:14:14.000Z</time>
      </trkpt>
      <trkpt lat="42.662988" lon="-0.319226">
        <ele>1145.409</ele>
        <time>2025-07-06T05:14:15.000Z</time>
      </trkpt>
      <trkpt lat="42.662977" lon="-0.319202">
        <ele>1146.299</ele>
        <time>2025-07-06T05:14:18.000Z</time>
      </trkpt>
      <trkpt lat="42.662952" lon="-0.319176">
        <ele>1147.229</ele>
        <time>2025-07-06T05:14:21.000Z</time>
      </trkpt>
      <trkpt lat="42.662945" lon="-0.319169">
        <ele>1147.437</ele>
        <time>2025-07-06T05:14:22.000Z</time>
      </trkpt>
      <trkpt lat="42.662917" lon="-0.319161">
        <ele>1148.435</ele>
        <time>2025-07-06T05:14:26.000Z</time>
      </trkpt>
      <trkpt lat="42.662887" lon="-0.319151">
        <ele>1149.451</ele>
        <time>2025-07-06T05:14:30.000Z</time>
      </trkpt>
      <trkpt lat="42.662881" lon="-0.319108">
        <ele>1150.498</ele>
        <time>2025-07-06T05:14:34.000Z</time>
      </trkpt>
      <trkpt lat="42.662855" lon="-0.319085">
        <ele>1151.692</ele>
        <time>2025-07-06T05:14:38.000Z</time>
      </trkpt>
      <trkpt lat="42.662847" lon="-0.319079">
        <ele>1152.027</ele>
        <time>2025-07-06T05:14:40.000Z</time>
      </trkpt>
      <trkpt lat="42.662826" lon="-0.319046">
        <ele>1152.835</ele>
        <time>2025-07-06T05:14:43.000Z</time>
      </trkpt>
      <trkpt lat="42.662814" lon="-0.319004">
        <ele>1153.248</ele>
        <time>2025-07-06T05:14:45.000Z</time>
      </trkpt>
      <trkpt lat="42.662797" lon="-0.318932">
        <ele>1153.661</ele>
        <time>2025-07-06T05:14:49.000Z</time>
      </trkpt>
      <trkpt lat="42.662786" lon="-0.318899">
        <ele>1153.817</ele>
        <time>2025-07-06T05:14:51.000Z</time>
      </trkpt>
      <trkpt lat="42.662784" lon="-0.318874">
        <ele>1154.009</ele>
        <time>2025-07-06T05:14:52.000Z</time>
      </trkpt>
      <trkpt lat="42.662776" lon="-0.318825">
        <ele>1154.296</ele>
        <time>2025-07-06T05:14:55.000Z</time>
      </trkpt>
      <trkpt lat="42.662763" lon="-0.31879">
        <ele>1154.426</ele>
        <time>2025-07-06T05:14:56.000Z</time>
      </trkpt>
      <trkpt lat="42.662752" lon="-0.318764">
        <ele>1154.464</ele>
        <time>2025-07-06T05:14:57.000Z</time>
      </trkpt>
      <trkpt lat="42.662739" lon="-0.318757">
        <ele>1154.642</ele>
        <time>2025-07-06T05:14:58.000Z</time>
      </trkpt>
      <trkpt lat="42.662706" lon="-0.318745">
        <ele>1154.828</ele>
        <time>2025-07-06T05:15:01.000Z</time>
      </trkpt>
      <trkpt lat="42.662697" lon="-0.318732">
        <ele>1155.055</ele>
        <time>2025-07-06T05:15:02.000Z</time>
      </trkpt>
      <trkpt lat="42.662691" lon="-0.318711">
        <ele>1155.229</ele>
        <time>2025-07-06T05:15:04.000Z</time>
      </trkpt>
      <trkpt lat="42.662659" lon="-0.318689">
        <ele>1156.064</ele>
        <time>2025-07-06T05:15:07.000Z</time>
      </trkpt>
      <trkpt lat="42.662585" lon="-0.318686">
        <ele>1156.242</ele>
        <time>2025-07-06T05:15:11.000Z</time>
      </trkpt>
      <trkpt lat="42.662565" lon="-0.31864">
        <ele>1156.449</ele>
        <time>2025-07-06T05:15:14.000Z</time>
      </trkpt>
      <trkpt lat="42.662539" lon="-0.31862">
        <ele>1156.602</ele>
        <time>2025-07-06T05:15:16.000Z</time>
      </trkpt>
      <trkpt lat="42.66246" lon="-0.318528">
        <ele>1157.022</ele>
        <time>2025-07-06T05:15:23.000Z</time>
      </trkpt>
      <trkpt lat="42.662439" lon="-0.318514">
        <ele>1157.009</ele>
        <time>2025-07-06T05:15:25.000Z</time>
      </trkpt>
      <trkpt lat="42.662428" lon="-0.318477">
        <ele>1157.246</ele>
        <time>2025-07-06T05:15:27.000Z</time>
      </trkpt>
      <trkpt lat="42.662398" lon="-0.318448">
        <ele>1157.856</ele>
        <time>2025-07-06T05:15:30.000Z</time>
      </trkpt>
      <trkpt lat="42.662373" lon="-0.318435">
        <ele>1158.244</ele>
        <time>2025-07-06T05:15:32.000Z</time>
      </trkpt>
      <trkpt lat="42.66234" lon="-0.31842">
        <ele>1159.262</ele>
        <time>2025-07-06T05:15:36.000Z</time>
      </trkpt>
      <trkpt lat="42.662338" lon="-0.318424">
        <ele>1159.648</ele>
        <time>2025-07-06T05:15:37.000Z</time>
      </trkpt>
      <trkpt lat="42.662362" lon="-0.318449">
        <ele>1159.875</ele>
        <time>2025-07-06T05:15:43.000Z</time>
      </trkpt>
      <trkpt lat="42.662344" lon="-0.318442">
        <ele>1159.839</ele>
        <time>2025-07-06T05:15:50.000Z</time>
      </trkpt>
      <trkpt lat="42.662304" lon="-0.318414">
        <ele>1160.674</ele>
        <time>2025-07-06T05:15:55.000Z</time>
      </trkpt>
      <trkpt lat="42.662277" lon="-0.318383">
        <ele>1161.212</ele>
        <time>2025-07-06T05:15:58.000Z</time>
      </trkpt>
      <trkpt lat="42.662266" lon="-0.318353">
        <ele>1161.884</ele>
        <time>2025-07-06T05:16:00.000Z</time>
      </trkpt>
      <trkpt lat="42.662245" lon="-0.318331">
        <ele>1162.407</ele>
        <time>2025-07-06T05:16:03.000Z</time>
      </trkpt>
      <trkpt lat="42.662238" lon="-0.318324">
        <ele>1162.817</ele>
        <time>2025-07-06T05:16:04.000Z</time>
      </trkpt>
      <trkpt lat="42.662231" lon="-0.318309">
        <ele>1163.009</ele>
        <time>2025-07-06T05:16:05.000Z</time>
      </trkpt>
      <trkpt lat="42.662222" lon="-0.318298">
        <ele>1163.64</ele>
        <time>2025-07-06T05:16:07.000Z</time>
      </trkpt>
      <trkpt lat="42.662217" lon="-0.318292">
        <ele>1163.82</ele>
        <time>2025-07-06T05:16:08.000Z</time>
      </trkpt>
      <trkpt lat="42.662197" lon="-0.318271">
        <ele>1164.248</ele>
        <time>2025-07-06T05:16:10.000Z</time>
      </trkpt>
      <trkpt lat="42.662179" lon="-0.318253">
        <ele>1164.856</ele>
        <time>2025-07-06T05:16:12.000Z</time>
      </trkpt>
      <trkpt lat="42.66216" lon="-0.31823">
        <ele>1166.042</ele>
        <time>2025-07-06T05:16:16.000Z</time>
      </trkpt>
      <trkpt lat="42.662157" lon="-0.318226">
        <ele>1166.239</ele>
        <time>2025-07-06T05:16:17.000Z</time>
      </trkpt>
      <trkpt lat="42.662152" lon="-0.318199">
        <ele>1167.053</ele>
        <time>2025-07-06T05:16:20.000Z</time>
      </trkpt>
      <trkpt lat="42.662137" lon="-0.318197">
        <ele>1167.628</ele>
        <time>2025-07-06T05:16:23.000Z</time>
      </trkpt>
      <trkpt lat="42.662139" lon="-0.31815">
        <ele>1167.816</ele>
        <time>2025-07-06T05:16:27.000Z</time>
      </trkpt>
      <trkpt lat="42.662142" lon="-0.318158">
        <ele>1168.082</ele>
        <time>2025-07-06T05:16:28.000Z</time>
      </trkpt>
      <trkpt lat="42.66215" lon="-0.318161">
        <ele>1168.443</ele>
        <time>2025-07-06T05:16:29.000Z</time>
      </trkpt>
      <trkpt lat="42.662187" lon="-0.31817">
        <ele>1169.417</ele>
        <time>2025-07-06T05:16:33.000Z</time>
      </trkpt>
      <trkpt lat="42.662224" lon="-0.318165">
        <ele>1170.609</ele>
        <time>2025-07-06T05:16:37.000Z</time>
      </trkpt>
      <trkpt lat="42.662249" lon="-0.318145">
        <ele>1171.26</ele>
        <time>2025-07-06T05:16:40.000Z</time>
      </trkpt>
      <trkpt lat="42.662256" lon="-0.318128">
        <ele>1171.44</ele>
        <time>2025-07-06T05:16:41.000Z</time>
      </trkpt>
      <trkpt lat="42.662261" lon="-0.318109">
        <ele>1171.628</ele>
        <time>2025-07-06T05:16:42.000Z</time>
      </trkpt>
      <trkpt lat="42.66226" lon="-0.318071">
        <ele>1172.836</ele>
        <time>2025-07-06T05:16:46.000Z</time>
      </trkpt>
      <trkpt lat="42.662246" lon="-0.318053">
        <ele>1173.862</ele>
        <time>2025-07-06T05:16:50.000Z</time>
      </trkpt>
      <trkpt lat="42.662251" lon="-0.318027">
        <ele>1174.649</ele>
        <time>2025-07-06T05:16:53.000Z</time>
      </trkpt>
      <trkpt lat="42.66225" lon="-0.318019">
        <ele>1174.873</ele>
        <time>2025-07-06T05:16:54.000Z</time>
      </trkpt>
      <trkpt lat="42.662227" lon="-0.317988">
        <ele>1175.848</ele>
        <time>2025-07-06T05:16:59.000Z</time>
      </trkpt>
      <trkpt lat="42.662217" lon="-0.317974">
        <ele>1176.216</ele>
        <time>2025-07-06T05:17:00.000Z</time>
      </trkpt>
      <trkpt lat="42.662187" lon="-0.317931">
        <ele>1177.011</ele>
        <time>2025-07-06T05:17:03.000Z</time>
      </trkpt>
      <trkpt lat="42.662175" lon="-0.317905">
        <ele>1178.021</ele>
        <time>2025-07-06T05:17:07.000Z</time>
      </trkpt>
      <trkpt lat="42.662142" lon="-0.317835">
        <ele>1179.003</ele>
        <time>2025-07-06T05:17:11.000Z</time>
      </trkpt>
      <trkpt lat="42.662145" lon="-0.317803">
        <ele>1180.209</ele>
        <time>2025-07-06T05:17:15.000Z</time>
      </trkpt>
      <trkpt lat="42.662128" lon="-0.317803">
        <ele>1180.893</ele>
        <time>2025-07-06T05:17:17.000Z</time>
      </trkpt>
      <trkpt lat="42.662136" lon="-0.317763">
        <ele>1181.463</ele>
        <time>2025-07-06T05:17:19.000Z</time>
      </trkpt>
      <trkpt lat="42.662129" lon="-0.317705">
        <ele>1182.461</ele>
        <time>2025-07-06T05:17:24.000Z</time>
      </trkpt>
      <trkpt lat="42.662153" lon="-0.317718">
        <ele>1183.419</ele>
        <time>2025-07-06T05:17:28.000Z</time>
      </trkpt>
      <trkpt lat="42.662163" lon="-0.317729">
        <ele>1183.855</ele>
        <time>2025-07-06T05:17:29.000Z</time>
      </trkpt>
      <trkpt lat="42.662191" lon="-0.317753">
        <ele>1184.642</ele>
        <time>2025-07-06T05:17:33.000Z</time>
      </trkpt>
      <trkpt lat="42.662197" lon="-0.317739">
        <ele>1185.096</ele>
        <time>2025-07-06T05:17:35.000Z</time>
      </trkpt>
      <trkpt lat="42.6622" lon="-0.317725">
        <ele>1185.231</ele>
        <time>2025-07-06T05:17:37.000Z</time>
      </trkpt>
      <trkpt lat="42.662194" lon="-0.317703">
        <ele>1185.839</ele>
        <time>2025-07-06T05:17:40.000Z</time>
      </trkpt>
      <trkpt lat="42.662197" lon="-0.3177">
        <ele>1186.229</ele>
        <time>2025-07-06T05:17:41.000Z</time>
      </trkpt>
      <trkpt lat="42.662192" lon="-0.317657">
        <ele>1187</ele>
        <time>2025-07-06T05:17:45.000Z</time>
      </trkpt>
      <trkpt lat="42.662187" lon="-0.317637">
        <ele>1188.02</ele>
        <time>2025-07-06T05:17:48.000Z</time>
      </trkpt>
      <trkpt lat="42.662185" lon="-0.317624">
        <ele>1188.209</ele>
        <time>2025-07-06T05:17:49.000Z</time>
      </trkpt>
      <trkpt lat="42.662181" lon="-0.31758">
        <ele>1189.454</ele>
        <time>2025-07-06T05:17:53.000Z</time>
      </trkpt>
      <trkpt lat="42.662164" lon="-0.317521">
        <ele>1190.254</ele>
        <time>2025-07-06T05:17:57.000Z</time>
      </trkpt>
      <trkpt lat="42.662151" lon="-0.317515">
        <ele>1190.652</ele>
        <time>2025-07-06T05:17:58.000Z</time>
      </trkpt>
      <trkpt lat="42.662116" lon="-0.317495">
        <ele>1191.68</ele>
        <time>2025-07-06T05:18:00.000Z</time>
      </trkpt>
      <trkpt lat="42.662104" lon="-0.317484">
        <ele>1192.036</ele>
        <time>2025-07-06T05:18:01.000Z</time>
      </trkpt>
      <trkpt lat="42.662092" lon="-0.317479">
        <ele>1192.623</ele>
        <time>2025-07-06T05:18:03.000Z</time>
      </trkpt>
      <trkpt lat="42.662132" lon="-0.317429">
        <ele>1193.277</ele>
        <time>2025-07-06T05:18:05.000Z</time>
      </trkpt>
      <trkpt lat="42.662148" lon="-0.317408">
        <ele>1194.042</ele>
        <time>2025-07-06T05:18:08.000Z</time>
      </trkpt>
      <trkpt lat="42.662151" lon="-0.317389">
        <ele>1194.47</ele>
        <time>2025-07-06T05:18:09.000Z</time>
      </trkpt>
      <trkpt lat="42.662124" lon="-0.317338">
        <ele>1195.481</ele>
        <time>2025-07-06T05:18:12.000Z</time>
      </trkpt>
      <trkpt lat="42.662114" lon="-0.317309">
        <ele>1195.661</ele>
        <time>2025-07-06T05:18:13.000Z</time>
      </trkpt>
      <trkpt lat="42.662087" lon="-0.317273">
        <ele>1196.817</ele>
        <time>2025-07-06T05:18:17.000Z</time>
      </trkpt>
      <trkpt lat="42.66207" lon="-0.317241">
        <ele>1197.609</ele>
        <time>2025-07-06T05:18:20.000Z</time>
      </trkpt>
      <trkpt lat="42.662047" lon="-0.31724">
        <ele>1198.02</ele>
        <time>2025-07-06T05:18:22.000Z</time>
      </trkpt>
      <trkpt lat="42.662045" lon="-0.317211">
        <ele>1199.24</ele>
        <time>2025-07-06T05:18:26.000Z</time>
      </trkpt>
      <trkpt lat="42.662086" lon="-0.317181">
        <ele>1200.288</ele>
        <time>2025-07-06T05:18:31.000Z</time>
      </trkpt>
      <trkpt lat="42.662096" lon="-0.317179">
        <ele>1200.466</ele>
        <time>2025-07-06T05:18:32.000Z</time>
      </trkpt>
      <trkpt lat="42.662108" lon="-0.317175">
        <ele>1200.632</ele>
        <time>2025-07-06T05:18:33.000Z</time>
      </trkpt>
      <trkpt lat="42.662127" lon="-0.317178">
        <ele>1201.249</ele>
        <time>2025-07-06T05:18:35.000Z</time>
      </trkpt>
      <trkpt lat="42.662134" lon="-0.317178">
        <ele>1201.253</ele>
        <time>2025-07-06T05:18:36.000Z</time>
      </trkpt>
      <trkpt lat="42.662147" lon="-0.317181">
        <ele>1201.688</ele>
        <time>2025-07-06T05:18:38.000Z</time>
      </trkpt>
      <trkpt lat="42.662156" lon="-0.317181">
        <ele>1201.696</ele>
        <time>2025-07-06T05:18:39.000Z</time>
      </trkpt>
      <trkpt lat="42.6622" lon="-0.317198">
        <ele>1202.465</ele>
        <time>2025-07-06T05:18:44.000Z</time>
      </trkpt>
      <trkpt lat="42.662224" lon="-0.317221">
        <ele>1203.268</ele>
        <time>2025-07-06T05:18:48.000Z</time>
      </trkpt>
      <trkpt lat="42.66223" lon="-0.317229">
        <ele>1203.414</ele>
        <time>2025-07-06T05:18:49.000Z</time>
      </trkpt>
      <trkpt lat="42.662273" lon="-0.31725">
        <ele>1204.409</ele>
        <time>2025-07-06T05:18:53.000Z</time>
      </trkpt>
      <trkpt lat="42.662282" lon="-0.317255">
        <ele>1204.898</ele>
        <time>2025-07-06T05:18:54.000Z</time>
      </trkpt>
      <trkpt lat="42.662305" lon="-0.317277">
        <ele>1205.638</ele>
        <time>2025-07-06T05:18:57.000Z</time>
      </trkpt>
      <trkpt lat="42.662319" lon="-0.317283">
        <ele>1205.886</ele>
        <time>2025-07-06T05:18:58.000Z</time>
      </trkpt>
      <trkpt lat="42.662347" lon="-0.317308">
        <ele>1206.624</ele>
        <time>2025-07-06T05:19:01.000Z</time>
      </trkpt>
      <trkpt lat="42.662353" lon="-0.317317">
        <ele>1206.86</ele>
        <time>2025-07-06T05:19:02.000Z</time>
      </trkpt>
      <trkpt lat="42.662387" lon="-0.317332">
        <ele>1208.047</ele>
        <time>2025-07-06T05:19:06.000Z</time>
      </trkpt>
      <trkpt lat="42.662396" lon="-0.317341">
        <ele>1208.291</ele>
        <time>2025-07-06T05:19:07.000Z</time>
      </trkpt>
      <trkpt lat="42.662395" lon="-0.317339">
        <ele>1209.046</ele>
        <time>2025-07-06T05:19:10.000Z</time>
      </trkpt>
      <trkpt lat="42.662396" lon="-0.31733">
        <ele>1209.254</ele>
        <time>2025-07-06T05:19:11.000Z</time>
      </trkpt>
      <trkpt lat="42.662396" lon="-0.317295">
        <ele>1210.021</ele>
        <time>2025-07-06T05:19:14.000Z</time>
      </trkpt>
      <trkpt lat="42.662399" lon="-0.317267">
        <ele>1210.641</ele>
        <time>2025-07-06T05:19:16.000Z</time>
      </trkpt>
      <trkpt lat="42.662387" lon="-0.317231">
        <ele>1211.405</ele>
        <time>2025-07-06T05:19:18.000Z</time>
      </trkpt>
      <trkpt lat="42.662381" lon="-0.317168">
        <ele>1212.209</ele>
        <time>2025-07-06T05:19:22.000Z</time>
      </trkpt>
      <trkpt lat="42.662384" lon="-0.317159">
        <ele>1212.484</ele>
        <time>2025-07-06T05:19:23.000Z</time>
      </trkpt>
      <trkpt lat="42.66239" lon="-0.317138">
        <ele>1213.264</ele>
        <time>2025-07-06T05:19:27.000Z</time>
      </trkpt>
      <trkpt lat="42.662389" lon="-0.317136">
        <ele>1213.482</ele>
        <time>2025-07-06T05:19:28.000Z</time>
      </trkpt>
      <trkpt lat="42.66239" lon="-0.317132">
        <ele>1213.66</ele>
        <time>2025-07-06T05:19:29.000Z</time>
      </trkpt>
      <trkpt lat="42.66241" lon="-0.317062">
        <ele>1214.656</ele>
        <time>2025-07-06T05:19:33.000Z</time>
      </trkpt>
      <trkpt lat="42.662417" lon="-0.316982">
        <ele>1215.223</ele>
        <time>2025-07-06T05:19:36.000Z</time>
      </trkpt>
      <trkpt lat="42.662413" lon="-0.316947">
        <ele>1215.657</ele>
        <time>2025-07-06T05:19:38.000Z</time>
      </trkpt>
      <trkpt lat="42.662419" lon="-0.316913">
        <ele>1216.262</ele>
        <time>2025-07-06T05:19:40.000Z</time>
      </trkpt>
      <trkpt lat="42.662412" lon="-0.316882">
        <ele>1216.43</ele>
        <time>2025-07-06T05:19:42.000Z</time>
      </trkpt>
      <trkpt lat="42.662405" lon="-0.316863">
        <ele>1216.695</ele>
        <time>2025-07-06T05:19:43.000Z</time>
      </trkpt>
      <trkpt lat="42.662404" lon="-0.316857">
        <ele>1217.049</ele>
        <time>2025-07-06T05:19:44.000Z</time>
      </trkpt>
      <trkpt lat="42.662394" lon="-0.316842">
        <ele>1217.223</ele>
        <time>2025-07-06T05:19:45.000Z</time>
      </trkpt>
      <trkpt lat="42.662397" lon="-0.316811">
        <ele>1217.609</ele>
        <time>2025-07-06T05:19:47.000Z</time>
      </trkpt>
      <trkpt lat="42.662396" lon="-0.3168">
        <ele>1217.851</ele>
        <time>2025-07-06T05:19:48.000Z</time>
      </trkpt>
      <trkpt lat="42.662415" lon="-0.316733">
        <ele>1218.651</ele>
        <time>2025-07-06T05:19:52.000Z</time>
      </trkpt>
      <trkpt lat="42.662417" lon="-0.316719">
        <ele>1218.879</ele>
        <time>2025-07-06T05:19:53.000Z</time>
      </trkpt>
      <trkpt lat="42.662414" lon="-0.316717">
        <ele>1219.277</ele>
        <time>2025-07-06T05:19:54.000Z</time>
      </trkpt>
      <trkpt lat="42.662399" lon="-0.316671">
        <ele>1220.053</ele>
        <time>2025-07-06T05:19:58.000Z</time>
      </trkpt>
      <trkpt lat="42.662402" lon="-0.316653">
        <ele>1220.42</ele>
        <time>2025-07-06T05:19:59.000Z</time>
      </trkpt>
      <trkpt lat="42.662418" lon="-0.316608">
        <ele>1220.654</ele>
        <time>2025-07-06T05:20:01.000Z</time>
      </trkpt>
      <trkpt lat="42.662409" lon="-0.316553">
        <ele>1220.689</ele>
        <time>2025-07-06T05:20:05.000Z</time>
      </trkpt>
      <trkpt lat="42.662408" lon="-0.316459">
        <ele>1221.277</ele>
        <time>2025-07-06T05:20:12.000Z</time>
      </trkpt>
      <trkpt lat="42.662396" lon="-0.316338">
        <ele>1222.226</ele>
        <time>2025-07-06T05:20:19.000Z</time>
      </trkpt>
      <trkpt lat="42.662378" lon="-0.316265">
        <ele>1222.647</ele>
        <time>2025-07-06T05:20:22.000Z</time>
      </trkpt>
      <trkpt lat="42.662382" lon="-0.316218">
        <ele>1223.211</ele>
        <time>2025-07-06T05:20:25.000Z</time>
      </trkpt>
      <trkpt lat="42.662387" lon="-0.31617">
        <ele>1223.409</ele>
        <time>2025-07-06T05:20:27.000Z</time>
      </trkpt>
      <trkpt lat="42.662394" lon="-0.316141">
        <ele>1223.454</ele>
        <time>2025-07-06T05:20:28.000Z</time>
      </trkpt>
      <trkpt lat="42.662389" lon="-0.316073">
        <ele>1224.074</ele>
        <time>2025-07-06T05:20:32.000Z</time>
      </trkpt>
      <trkpt lat="42.662403" lon="-0.315977">
        <ele>1224.412</ele>
        <time>2025-07-06T05:20:36.000Z</time>
      </trkpt>
      <trkpt lat="42.662399" lon="-0.315964">
        <ele>1224.64</ele>
        <time>2025-07-06T05:20:37.000Z</time>
      </trkpt>
      <trkpt lat="42.662389" lon="-0.315951">
        <ele>1224.686</ele>
        <time>2025-07-06T05:20:38.000Z</time>
      </trkpt>
      <trkpt lat="42.662379" lon="-0.315846">
        <ele>1224.893</ele>
        <time>2025-07-06T05:20:43.000Z</time>
      </trkpt>
      <trkpt lat="42.662368" lon="-0.315808">
        <ele>1224.887</ele>
        <time>2025-07-06T05:20:45.000Z</time>
      </trkpt>
      <trkpt lat="42.662356" lon="-0.31574">
        <ele>1225.092</ele>
        <time>2025-07-06T05:20:49.000Z</time>
      </trkpt>
      <trkpt lat="42.662367" lon="-0.315703">
        <ele>1225.24</ele>
        <time>2025-07-06T05:20:52.000Z</time>
      </trkpt>
      <trkpt lat="42.66237" lon="-0.315685">
        <ele>1225.439</ele>
        <time>2025-07-06T05:20:53.000Z</time>
      </trkpt>
      <trkpt lat="42.66238" lon="-0.315646">
        <ele>1225.601</ele>
        <time>2025-07-06T05:20:55.000Z</time>
      </trkpt>
      <trkpt lat="42.662376" lon="-0.315601">
        <ele>1225.821</ele>
        <time>2025-07-06T05:20:58.000Z</time>
      </trkpt>
      <trkpt lat="42.662395" lon="-0.315471">
        <ele>1226.609</ele>
        <time>2025-07-06T05:21:03.000Z</time>
      </trkpt>
      <trkpt lat="42.662405" lon="-0.31543">
        <ele>1227.015</ele>
        <time>2025-07-06T05:21:06.000Z</time>
      </trkpt>
      <trkpt lat="42.662403" lon="-0.315362">
        <ele>1227.635</ele>
        <time>2025-07-06T05:21:10.000Z</time>
      </trkpt>
      <trkpt lat="42.66241" lon="-0.315302">
        <ele>1228.013</ele>
        <time>2025-07-06T05:21:12.000Z</time>
      </trkpt>
      <trkpt lat="42.662381" lon="-0.315255">
        <ele>1228.851</ele>
        <time>2025-07-06T05:21:16.000Z</time>
      </trkpt>
      <trkpt lat="42.662386" lon="-0.31523">
        <ele>1229.287</ele>
        <time>2025-07-06T05:21:19.000Z</time>
      </trkpt>
      <trkpt lat="42.662399" lon="-0.315213">
        <ele>1229.614</ele>
        <time>2025-07-06T05:21:26.000Z</time>
      </trkpt>
      <trkpt lat="42.662402" lon="-0.315215">
        <ele>1229.698</ele>
        <time>2025-07-06T05:21:30.000Z</time>
      </trkpt>
      <trkpt lat="42.662407" lon="-0.315217">
        <ele>1229.653</ele>
        <time>2025-07-06T05:21:32.000Z</time>
      </trkpt>
      <trkpt lat="42.662409" lon="-0.31521">
        <ele>1229.611</ele>
        <time>2025-07-06T05:21:34.000Z</time>
      </trkpt>
      <trkpt lat="42.662422" lon="-0.315199">
        <ele>1229.814</ele>
        <time>2025-07-06T05:21:38.000Z</time>
      </trkpt>
      <trkpt lat="42.662441" lon="-0.315183">
        <ele>1230.254</ele>
        <time>2025-07-06T05:21:40.000Z</time>
      </trkpt>
      <trkpt lat="42.662447" lon="-0.315136">
        <ele>1231.009</ele>
        <time>2025-07-06T05:21:43.000Z</time>
      </trkpt>
      <trkpt lat="42.662452" lon="-0.315104">
        <ele>1231.409</ele>
        <time>2025-07-06T05:21:45.000Z</time>
      </trkpt>
      <trkpt lat="42.662464" lon="-0.315083">
        <ele>1231.873</ele>
        <time>2025-07-06T05:21:46.000Z</time>
      </trkpt>
      <trkpt lat="42.662471" lon="-0.315055">
        <ele>1232.273</ele>
        <time>2025-07-06T05:21:48.000Z</time>
      </trkpt>
      <trkpt lat="42.662472" lon="-0.315037">
        <ele>1232.251</ele>
        <time>2025-07-06T05:21:49.000Z</time>
      </trkpt>
      <trkpt lat="42.662475" lon="-0.31499">
        <ele>1232.889</ele>
        <time>2025-07-06T05:21:51.000Z</time>
      </trkpt>
      <trkpt lat="42.66248" lon="-0.314941">
        <ele>1233.255</ele>
        <time>2025-07-06T05:21:53.000Z</time>
      </trkpt>
      <trkpt lat="42.662479" lon="-0.314928">
        <ele>1233.442</ele>
        <time>2025-07-06T05:21:54.000Z</time>
      </trkpt>
      <trkpt lat="42.662485" lon="-0.314887">
        <ele>1234.426</ele>
        <time>2025-07-06T05:21:58.000Z</time>
      </trkpt>
      <trkpt lat="42.662488" lon="-0.314863">
        <ele>1234.811</ele>
        <time>2025-07-06T05:22:00.000Z</time>
      </trkpt>
      <trkpt lat="42.662505" lon="-0.314786">
        <ele>1235.659</ele>
        <time>2025-07-06T05:22:03.000Z</time>
      </trkpt>
      <trkpt lat="42.662506" lon="-0.314735">
        <ele>1236.487</ele>
        <time>2025-07-06T05:22:05.000Z</time>
      </trkpt>
      <trkpt lat="42.662505" lon="-0.314718">
        <ele>1236.642</ele>
        <time>2025-07-06T05:22:06.000Z</time>
      </trkpt>
      <trkpt lat="42.662502" lon="-0.314705">
        <ele>1236.626</ele>
        <time>2025-07-06T05:22:07.000Z</time>
      </trkpt>
      <trkpt lat="42.662499" lon="-0.314683">
        <ele>1236.809</ele>
        <time>2025-07-06T05:22:09.000Z</time>
      </trkpt>
      <trkpt lat="42.662505" lon="-0.314642">
        <ele>1237.03</ele>
        <time>2025-07-06T05:22:12.000Z</time>
      </trkpt>
      <trkpt lat="42.662501" lon="-0.314561">
        <ele>1237.81</ele>
        <time>2025-07-06T05:22:17.000Z</time>
      </trkpt>
      <trkpt lat="42.662515" lon="-0.314515">
        <ele>1238.298</ele>
        <time>2025-07-06T05:22:19.000Z</time>
      </trkpt>
      <trkpt lat="42.662548" lon="-0.314454">
        <ele>1239.016</ele>
        <time>2025-07-06T05:22:23.000Z</time>
      </trkpt>
      <trkpt lat="42.662553" lon="-0.314442">
        <ele>1239.222</ele>
        <time>2025-07-06T05:22:24.000Z</time>
      </trkpt>
      <trkpt lat="42.662564" lon="-0.314413">
        <ele>1239.249</ele>
        <time>2025-07-06T05:22:25.000Z</time>
      </trkpt>
      <trkpt lat="42.662579" lon="-0.314353">
        <ele>1240.033</ele>
        <time>2025-07-06T05:22:29.000Z</time>
      </trkpt>
      <trkpt lat="42.662595" lon="-0.314318">
        <ele>1240.458</ele>
        <time>2025-07-06T05:22:31.000Z</time>
      </trkpt>
      <trkpt lat="42.662605" lon="-0.314267">
        <ele>1241.216</ele>
        <time>2025-07-06T05:22:34.000Z</time>
      </trkpt>
      <trkpt lat="42.662603" lon="-0.314237">
        <ele>1241.886</ele>
        <time>2025-07-06T05:22:36.000Z</time>
      </trkpt>
      <trkpt lat="42.662606" lon="-0.31422">
        <ele>1242.06</ele>
        <time>2025-07-06T05:22:37.000Z</time>
      </trkpt>
      <trkpt lat="42.662605" lon="-0.314208">
        <ele>1242.226</ele>
        <time>2025-07-06T05:22:38.000Z</time>
      </trkpt>
      <trkpt lat="42.662606" lon="-0.314152">
        <ele>1243.209</ele>
        <time>2025-07-06T05:22:42.000Z</time>
      </trkpt>
      <trkpt lat="42.662603" lon="-0.314139">
        <ele>1243.45</ele>
        <time>2025-07-06T05:22:43.000Z</time>
      </trkpt>
      <trkpt lat="42.662594" lon="-0.314105">
        <ele>1243.88</ele>
        <time>2025-07-06T05:22:45.000Z</time>
      </trkpt>
      <trkpt lat="42.662587" lon="-0.314058">
        <ele>1244.218</ele>
        <time>2025-07-06T05:22:47.000Z</time>
      </trkpt>
      <trkpt lat="42.662582" lon="-0.314018">
        <ele>1244.416</ele>
        <time>2025-07-06T05:22:49.000Z</time>
      </trkpt>
      <trkpt lat="42.66259" lon="-0.313888">
        <ele>1245.212</ele>
        <time>2025-07-06T05:22:55.000Z</time>
      </trkpt>
      <trkpt lat="42.662619" lon="-0.313854">
        <ele>1245.689</ele>
        <time>2025-07-06T05:22:57.000Z</time>
      </trkpt>
      <trkpt lat="42.662637" lon="-0.313786">
        <ele>1246.433</ele>
        <time>2025-07-06T05:23:02.000Z</time>
      </trkpt>
      <trkpt lat="42.662636" lon="-0.313774">
        <ele>1246.688</ele>
        <time>2025-07-06T05:23:03.000Z</time>
      </trkpt>
      <trkpt lat="42.662667" lon="-0.313693">
        <ele>1247.856</ele>
        <time>2025-07-06T05:23:07.000Z</time>
      </trkpt>
      <trkpt lat="42.662668" lon="-0.313689">
        <ele>1248.886</ele>
        <time>2025-07-06T05:23:08.000Z</time>
      </trkpt>
      <trkpt lat="42.662662" lon="-0.313675">
        <ele>1250.06</ele>
        <time>2025-07-06T05:23:11.000Z</time>
      </trkpt>
      <trkpt lat="42.662654" lon="-0.313633">
        <ele>1250.826</ele>
        <time>2025-07-06T05:23:14.000Z</time>
      </trkpt>
      <trkpt lat="42.66264" lon="-0.313625">
        <ele>1251.009</ele>
        <time>2025-07-06T05:23:15.000Z</time>
      </trkpt>
      <trkpt lat="42.662622" lon="-0.31356">
        <ele>1252.01</ele>
        <time>2025-07-06T05:23:19.000Z</time>
      </trkpt>
      <trkpt lat="42.662624" lon="-0.313533">
        <ele>1252.69</ele>
        <time>2025-07-06T05:23:21.000Z</time>
      </trkpt>
      <trkpt lat="42.662619" lon="-0.313488">
        <ele>1253.288</ele>
        <time>2025-07-06T05:23:24.000Z</time>
      </trkpt>
      <trkpt lat="42.662626" lon="-0.313446">
        <ele>1254.636</ele>
        <time>2025-07-06T05:23:29.000Z</time>
      </trkpt>
      <trkpt lat="42.662608" lon="-0.313422">
        <ele>1254.812</ele>
        <time>2025-07-06T05:23:30.000Z</time>
      </trkpt>
      <trkpt lat="42.662591" lon="-0.313392">
        <ele>1255.629</ele>
        <time>2025-07-06T05:23:33.000Z</time>
      </trkpt>
      <trkpt lat="42.662581" lon="-0.313356">
        <ele>1256.013</ele>
        <time>2025-07-06T05:23:35.000Z</time>
      </trkpt>
      <trkpt lat="42.662621" lon="-0.313338">
        <ele>1256.678</ele>
        <time>2025-07-06T05:23:37.000Z</time>
      </trkpt>
      <trkpt lat="42.66262" lon="-0.313333">
        <ele>1257.296</ele>
        <time>2025-07-06T05:23:42.000Z</time>
      </trkpt>
      <trkpt lat="42.662609" lon="-0.313306">
        <ele>1257.455</ele>
        <time>2025-07-06T05:23:49.000Z</time>
      </trkpt>
      <trkpt lat="42.662597" lon="-0.31329">
        <ele>1257.807</ele>
        <time>2025-07-06T05:23:52.000Z</time>
      </trkpt>
      <trkpt lat="42.662582" lon="-0.313263">
        <ele>1258.817</ele>
        <time>2025-07-06T05:23:56.000Z</time>
      </trkpt>
      <trkpt lat="42.662583" lon="-0.313248">
        <ele>1259.009</ele>
        <time>2025-07-06T05:23:57.000Z</time>
      </trkpt>
      <trkpt lat="42.66259" lon="-0.313196">
        <ele>1260.067</ele>
        <time>2025-07-06T05:24:01.000Z</time>
      </trkpt>
      <trkpt lat="42.66261" lon="-0.31317">
        <ele>1261.247</ele>
        <time>2025-07-06T05:24:05.000Z</time>
      </trkpt>
      <trkpt lat="42.66261" lon="-0.313166">
        <ele>1261.475</ele>
        <time>2025-07-06T05:24:06.000Z</time>
      </trkpt>
      <trkpt lat="42.662625" lon="-0.313142">
        <ele>1262.443</ele>
        <time>2025-07-06T05:24:10.000Z</time>
      </trkpt>
      <trkpt lat="42.66263" lon="-0.313127">
        <ele>1263.689</ele>
        <time>2025-07-06T05:24:14.000Z</time>
      </trkpt>
      <trkpt lat="42.662641" lon="-0.313077">
        <ele>1264.626</ele>
        <time>2025-07-06T05:24:18.000Z</time>
      </trkpt>
      <trkpt lat="42.662631" lon="-0.313027">
        <ele>1265.65</ele>
        <time>2025-07-06T05:24:21.000Z</time>
      </trkpt>
      <trkpt lat="42.662617" lon="-0.312989">
        <ele>1265.835</ele>
        <time>2025-07-06T05:24:23.000Z</time>
      </trkpt>
      <trkpt lat="42.662602" lon="-0.312914">
        <ele>1266.633</ele>
        <time>2025-07-06T05:24:27.000Z</time>
      </trkpt>
      <trkpt lat="42.662597" lon="-0.312896">
        <ele>1267.073</ele>
        <time>2025-07-06T05:24:28.000Z</time>
      </trkpt>
      <trkpt lat="42.662598" lon="-0.312857">
        <ele>1267.485</ele>
        <time>2025-07-06T05:24:30.000Z</time>
      </trkpt>
      <trkpt lat="42.662587" lon="-0.312792">
        <ele>1268.213</ele>
        <time>2025-07-06T05:24:33.000Z</time>
      </trkpt>
      <trkpt lat="42.662583" lon="-0.312774">
        <ele>1268.409</ele>
        <time>2025-07-06T05:24:34.000Z</time>
      </trkpt>
      <trkpt lat="42.66258" lon="-0.312716">
        <ele>1269.039</ele>
        <time>2025-07-06T05:24:37.000Z</time>
      </trkpt>
      <trkpt lat="42.662576" lon="-0.312703">
        <ele>1269.259</ele>
        <time>2025-07-06T05:24:38.000Z</time>
      </trkpt>
      <trkpt lat="42.662579" lon="-0.312658">
        <ele>1270.047</ele>
        <time>2025-07-06T05:24:40.000Z</time>
      </trkpt>
      <trkpt lat="42.662559" lon="-0.312627">
        <ele>1270.475</ele>
        <time>2025-07-06T05:24:42.000Z</time>
      </trkpt>
      <trkpt lat="42.662541" lon="-0.31258">
        <ele>1271.031</ele>
        <time>2025-07-06T05:24:44.000Z</time>
      </trkpt>
      <trkpt lat="42.662523" lon="-0.312541">
        <ele>1271.618</ele>
        <time>2025-07-06T05:24:46.000Z</time>
      </trkpt>
      <trkpt lat="42.662514" lon="-0.312493">
        <ele>1272.012</ele>
        <time>2025-07-06T05:24:48.000Z</time>
      </trkpt>
      <trkpt lat="42.66251" lon="-0.312443">
        <ele>1272.687</ele>
        <time>2025-07-06T05:24:53.000Z</time>
      </trkpt>
      <trkpt lat="42.662505" lon="-0.312442">
        <ele>1272.665</ele>
        <time>2025-07-06T05:24:54.000Z</time>
      </trkpt>
      <trkpt lat="42.662509" lon="-0.312375">
        <ele>1273.836</ele>
        <time>2025-07-06T05:24:59.000Z</time>
      </trkpt>
      <trkpt lat="42.662534" lon="-0.312284">
        <ele>1275.017</ele>
        <time>2025-07-06T05:25:03.000Z</time>
      </trkpt>
      <trkpt lat="42.662535" lon="-0.31223">
        <ele>1275.818</ele>
        <time>2025-07-06T05:25:06.000Z</time>
      </trkpt>
      <trkpt lat="42.662535" lon="-0.312218">
        <ele>1276.209</ele>
        <time>2025-07-06T05:25:07.000Z</time>
      </trkpt>
      <trkpt lat="42.662553" lon="-0.312206">
        <ele>1277.215</ele>
        <time>2025-07-06T05:25:10.000Z</time>
      </trkpt>
      <trkpt lat="42.662555" lon="-0.312194">
        <ele>1277.415</ele>
        <time>2025-07-06T05:25:11.000Z</time>
      </trkpt>
      <trkpt lat="42.662558" lon="-0.312174">
        <ele>1277.613</ele>
        <time>2025-07-06T05:25:12.000Z</time>
      </trkpt>
      <trkpt lat="42.662561" lon="-0.31214">
        <ele>1278.281</ele>
        <time>2025-07-06T05:25:14.000Z</time>
      </trkpt>
      <trkpt lat="42.662559" lon="-0.312111">
        <ele>1278.497</ele>
        <time>2025-07-06T05:25:15.000Z</time>
      </trkpt>
      <trkpt lat="42.662541" lon="-0.312098">
        <ele>1279.024</ele>
        <time>2025-07-06T05:25:17.000Z</time>
      </trkpt>
      <trkpt lat="42.662568" lon="-0.312071">
        <ele>1279.658</ele>
        <time>2025-07-06T05:25:20.000Z</time>
      </trkpt>
      <trkpt lat="42.662595" lon="-0.312044">
        <ele>1280.293</ele>
        <time>2025-07-06T05:25:22.000Z</time>
      </trkpt>
      <trkpt lat="42.66259" lon="-0.312031">
        <ele>1280.871</ele>
        <time>2025-07-06T05:25:24.000Z</time>
      </trkpt>
      <trkpt lat="42.662562" lon="-0.312008">
        <ele>1281.872</ele>
        <time>2025-07-06T05:25:28.000Z</time>
      </trkpt>
      <trkpt lat="42.662554" lon="-0.312002">
        <ele>1282.013</ele>
        <time>2025-07-06T05:25:29.000Z</time>
      </trkpt>
      <trkpt lat="42.662545" lon="-0.311948">
        <ele>1283.214</ele>
        <time>2025-07-06T05:25:33.000Z</time>
      </trkpt>
      <trkpt lat="42.662557" lon="-0.311925">
        <ele>1283.409</ele>
        <time>2025-07-06T05:25:34.000Z</time>
      </trkpt>
      <trkpt lat="42.662578" lon="-0.311883">
        <ele>1284.479</ele>
        <time>2025-07-06T05:25:38.000Z</time>
      </trkpt>
      <trkpt lat="42.662575" lon="-0.311879">
        <ele>1285.069</ele>
        <time>2025-07-06T05:25:40.000Z</time>
      </trkpt>
      <trkpt lat="42.662573" lon="-0.311846">
        <ele>1285.657</ele>
        <time>2025-07-06T05:25:42.000Z</time>
      </trkpt>
      <trkpt lat="42.662587" lon="-0.311831">
        <ele>1286.495</ele>
        <time>2025-07-06T05:25:45.000Z</time>
      </trkpt>
      <trkpt lat="42.662588" lon="-0.311832">
        <ele>1286.671</ele>
        <time>2025-07-06T05:25:46.000Z</time>
      </trkpt>
      <trkpt lat="42.662583" lon="-0.311817">
        <ele>1286.828</ele>
        <time>2025-07-06T05:25:47.000Z</time>
      </trkpt>
      <trkpt lat="42.662569" lon="-0.311757">
        <ele>1287.472</ele>
        <time>2025-07-06T05:25:49.000Z</time>
      </trkpt>
      <trkpt lat="42.662566" lon="-0.311752">
        <ele>1287.667</ele>
        <time>2025-07-06T05:25:50.000Z</time>
      </trkpt>
      <trkpt lat="42.662569" lon="-0.311716">
        <ele>1288.255</ele>
        <time>2025-07-06T05:25:52.000Z</time>
      </trkpt>
      <trkpt lat="42.662567" lon="-0.311707">
        <ele>1288.657</ele>
        <time>2025-07-06T05:25:54.000Z</time>
      </trkpt>
      <trkpt lat="42.662576" lon="-0.311691">
        <ele>1288.8</ele>
        <time>2025-07-06T05:25:55.000Z</time>
      </trkpt>
      <trkpt lat="42.662585" lon="-0.311676">
        <ele>1289.02</ele>
        <time>2025-07-06T05:25:56.000Z</time>
      </trkpt>
      <trkpt lat="42.662609" lon="-0.311652">
        <ele>1290.009</ele>
        <time>2025-07-06T05:25:59.000Z</time>
      </trkpt>
      <trkpt lat="42.662617" lon="-0.311643">
        <ele>1290.237</ele>
        <time>2025-07-06T05:26:00.000Z</time>
      </trkpt>
      <trkpt lat="42.662616" lon="-0.311591">
        <ele>1291.267</ele>
        <time>2025-07-06T05:26:04.000Z</time>
      </trkpt>
      <trkpt lat="42.66261" lon="-0.311571">
        <ele>1291.895</ele>
        <time>2025-07-06T05:26:06.000Z</time>
      </trkpt>
      <trkpt lat="42.662614" lon="-0.311551">
        <ele>1292.093</ele>
        <time>2025-07-06T05:26:07.000Z</time>
      </trkpt>
      <trkpt lat="42.662615" lon="-0.31153">
        <ele>1292.439</ele>
        <time>2025-07-06T05:26:08.000Z</time>
      </trkpt>
      <trkpt lat="42.662617" lon="-0.311489">
        <ele>1293.476</ele>
        <time>2025-07-06T05:26:13.000Z</time>
      </trkpt>
      <trkpt lat="42.662614" lon="-0.311444">
        <ele>1294.42</ele>
        <time>2025-07-06T05:26:18.000Z</time>
      </trkpt>
      <trkpt lat="42.662613" lon="-0.311427">
        <ele>1295.035</ele>
        <time>2025-07-06T05:26:21.000Z</time>
      </trkpt>
      <trkpt lat="42.662607" lon="-0.311411">
        <ele>1295.683</ele>
        <time>2025-07-06T05:26:23.000Z</time>
      </trkpt>
      <trkpt lat="42.662606" lon="-0.311382">
        <ele>1296.621</ele>
        <time>2025-07-06T05:26:28.000Z</time>
      </trkpt>
      <trkpt lat="42.662605" lon="-0.311375">
        <ele>1297.241</ele>
        <time>2025-07-06T05:26:30.000Z</time>
      </trkpt>
      <trkpt lat="42.662609" lon="-0.311353">
        <ele>1297.605</ele>
        <time>2025-07-06T05:26:32.000Z</time>
      </trkpt>
      <trkpt lat="42.66261" lon="-0.311337">
        <ele>1298.809</ele>
        <time>2025-07-06T05:26:36.000Z</time>
      </trkpt>
      <trkpt lat="42.662613" lon="-0.311334">
        <ele>1298.884</ele>
        <time>2025-07-06T05:26:38.000Z</time>
      </trkpt>
      <trkpt lat="42.662615" lon="-0.311323">
        <ele>1299.064</ele>
        <time>2025-07-06T05:26:44.000Z</time>
      </trkpt>
      <trkpt lat="42.662622" lon="-0.31132">
        <ele>1299.052</ele>
        <time>2025-07-06T05:26:47.000Z</time>
      </trkpt>
      <trkpt lat="42.662629" lon="-0.311314">
        <ele>1298.87</ele>
        <time>2025-07-06T05:26:49.000Z</time>
      </trkpt>
      <trkpt lat="42.662638" lon="-0.311307">
        <ele>1298.866</ele>
        <time>2025-07-06T05:26:56.000Z</time>
      </trkpt>
      <trkpt lat="42.662638" lon="-0.311307">
        <ele>1299.833</ele>
        <time>2025-07-06T05:27:07.000Z</time>
      </trkpt>
      <trkpt lat="42.662638" lon="-0.311307">
        <ele>1300.057</ele>
        <time>2025-07-06T05:27:08.000Z</time>
      </trkpt>
      <trkpt lat="42.662646" lon="-0.311293">
        <ele>1301.062</ele>
        <time>2025-07-06T05:27:12.000Z</time>
      </trkpt>
      <trkpt lat="42.662623" lon="-0.311211">
        <ele>1301.81</ele>
        <time>2025-07-06T05:27:16.000Z</time>
      </trkpt>
      <trkpt lat="42.662621" lon="-0.311165">
        <ele>1302.229</ele>
        <time>2025-07-06T05:27:18.000Z</time>
      </trkpt>
      <trkpt lat="42.66261" lon="-0.311062">
        <ele>1302.6</ele>
        <time>2025-07-06T05:27:22.000Z</time>
      </trkpt>
      <trkpt lat="42.662603" lon="-0.311051">
        <ele>1302.82</ele>
        <time>2025-07-06T05:27:23.000Z</time>
      </trkpt>
      <trkpt lat="42.662595" lon="-0.31104">
        <ele>1303.009</ele>
        <time>2025-07-06T05:27:24.000Z</time>
      </trkpt>
      <trkpt lat="42.662592" lon="-0.311031">
        <ele>1303.244</ele>
        <time>2025-07-06T05:27:25.000Z</time>
      </trkpt>
      <trkpt lat="42.662569" lon="-0.311">
        <ele>1303.814</ele>
        <time>2025-07-06T05:27:28.000Z</time>
      </trkpt>
      <trkpt lat="42.662542" lon="-0.310943">
        <ele>1304.242</ele>
        <time>2025-07-06T05:27:32.000Z</time>
      </trkpt>
      <trkpt lat="42.662519" lon="-0.310884">
        <ele>1305.06</ele>
        <time>2025-07-06T05:27:36.000Z</time>
      </trkpt>
      <trkpt lat="42.662518" lon="-0.310863">
        <ele>1305.286</ele>
        <time>2025-07-06T05:27:37.000Z</time>
      </trkpt>
      <trkpt lat="42.662518" lon="-0.310845">
        <ele>1305.493</ele>
        <time>2025-07-06T05:27:38.000Z</time>
      </trkpt>
      <trkpt lat="42.662481" lon="-0.310757">
        <ele>1306.497</ele>
        <time>2025-07-06T05:27:43.000Z</time>
      </trkpt>
      <trkpt lat="42.662455" lon="-0.310744">
        <ele>1306.822</ele>
        <time>2025-07-06T05:27:45.000Z</time>
      </trkpt>
      <trkpt lat="42.662435" lon="-0.310707">
        <ele>1307.63</ele>
        <time>2025-07-06T05:27:48.000Z</time>
      </trkpt>
      <trkpt lat="42.662392" lon="-0.31059">
        <ele>1308.676</ele>
        <time>2025-07-06T05:27:53.000Z</time>
      </trkpt>
      <trkpt lat="42.662387" lon="-0.310566">
        <ele>1308.89</ele>
        <time>2025-07-06T05:27:54.000Z</time>
      </trkpt>
      <trkpt lat="42.662361" lon="-0.310462">
        <ele>1309.619</ele>
        <time>2025-07-06T05:28:02.000Z</time>
      </trkpt>
      <trkpt lat="42.662359" lon="-0.310449">
        <ele>1309.809</ele>
        <time>2025-07-06T05:28:03.000Z</time>
      </trkpt>
      <trkpt lat="42.662335" lon="-0.3104">
        <ele>1310.649</ele>
        <time>2025-07-06T05:28:07.000Z</time>
      </trkpt>
      <trkpt lat="42.662339" lon="-0.310385">
        <ele>1310.889</ele>
        <time>2025-07-06T05:28:08.000Z</time>
      </trkpt>
      <trkpt lat="42.662332" lon="-0.310345">
        <ele>1311.467</ele>
        <time>2025-07-06T05:28:11.000Z</time>
      </trkpt>
      <trkpt lat="42.662325" lon="-0.31034">
        <ele>1311.835</ele>
        <time>2025-07-06T05:28:12.000Z</time>
      </trkpt>
      <trkpt lat="42.662323" lon="-0.310302">
        <ele>1312.871</ele>
        <time>2025-07-06T05:28:16.000Z</time>
      </trkpt>
      <trkpt lat="42.662306" lon="-0.310235">
        <ele>1313.688</ele>
        <time>2025-07-06T05:28:20.000Z</time>
      </trkpt>
      <trkpt lat="42.6623" lon="-0.310224">
        <ele>1313.822</ele>
        <time>2025-07-06T05:28:21.000Z</time>
      </trkpt>
      <trkpt lat="42.662298" lon="-0.310199">
        <ele>1314.427</ele>
        <time>2025-07-06T05:28:23.000Z</time>
      </trkpt>
      <trkpt lat="42.662288" lon="-0.310188">
        <ele>1314.635</ele>
        <time>2025-07-06T05:28:24.000Z</time>
      </trkpt>
      <trkpt lat="42.662285" lon="-0.31017">
        <ele>1315.024</ele>
        <time>2025-07-06T05:28:25.000Z</time>
      </trkpt>
      <trkpt lat="42.66229" lon="-0.310133">
        <ele>1315.404</ele>
        <time>2025-07-06T05:28:28.000Z</time>
      </trkpt>
      <trkpt lat="42.662285" lon="-0.310113">
        <ele>1316.014</ele>
        <time>2025-07-06T05:28:30.000Z</time>
      </trkpt>
      <trkpt lat="42.662288" lon="-0.310051">
        <ele>1317.009</ele>
        <time>2025-07-06T05:28:34.000Z</time>
      </trkpt>
      <trkpt lat="42.662282" lon="-0.310017">
        <ele>1317.824</ele>
        <time>2025-07-06T05:28:37.000Z</time>
      </trkpt>
      <trkpt lat="42.66228" lon="-0.31001">
        <ele>1318.064</ele>
        <time>2025-07-06T05:28:38.000Z</time>
      </trkpt>
      <trkpt lat="42.662283" lon="-0.310001">
        <ele>1318.412</ele>
        <time>2025-07-06T05:28:39.000Z</time>
      </trkpt>
      <trkpt lat="42.662283" lon="-0.309963">
        <ele>1319.28</ele>
        <time>2025-07-06T05:28:42.000Z</time>
      </trkpt>
      <trkpt lat="42.662278" lon="-0.309907">
        <ele>1319.866</ele>
        <time>2025-07-06T05:28:45.000Z</time>
      </trkpt>
      <trkpt lat="42.662268" lon="-0.309877">
        <ele>1320.273</ele>
        <time>2025-07-06T05:28:47.000Z</time>
      </trkpt>
      <trkpt lat="42.662263" lon="-0.309866">
        <ele>1320.467</ele>
        <time>2025-07-06T05:28:48.000Z</time>
      </trkpt>
      <trkpt lat="42.662258" lon="-0.309853">
        <ele>1320.652</ele>
        <time>2025-07-06T05:28:49.000Z</time>
      </trkpt>
      <trkpt lat="42.662243" lon="-0.309802">
        <ele>1321.26</ele>
        <time>2025-07-06T05:28:52.000Z</time>
      </trkpt>
      <trkpt lat="42.662233" lon="-0.309768">
        <ele>1321.641</ele>
        <time>2025-07-06T05:28:55.000Z</time>
      </trkpt>
      <trkpt lat="42.662224" lon="-0.309705">
        <ele>1322.681</ele>
        <time>2025-07-06T05:29:00.000Z</time>
      </trkpt>
      <trkpt lat="42.662229" lon="-0.309694">
        <ele>1322.809</ele>
        <time>2025-07-06T05:29:01.000Z</time>
      </trkpt>
      <trkpt lat="42.662231" lon="-0.309682">
        <ele>1323.009</ele>
        <time>2025-07-06T05:29:02.000Z</time>
      </trkpt>
      <trkpt lat="42.662217" lon="-0.309671">
        <ele>1323.266</ele>
        <time>2025-07-06T05:29:04.000Z</time>
      </trkpt>
      <trkpt lat="42.662195" lon="-0.309654">
        <ele>1323.016</ele>
        <time>2025-07-06T05:29:08.000Z</time>
      </trkpt>
      <trkpt lat="42.662201" lon="-0.309655">
        <ele>1322.684</ele>
        <time>2025-07-06T05:29:14.000Z</time>
      </trkpt>
      <trkpt lat="42.662204" lon="-0.309657">
        <ele>1322.672</ele>
        <time>2025-07-06T05:29:17.000Z</time>
      </trkpt>
      <trkpt lat="42.662204" lon="-0.309657">
        <ele>1322.698</ele>
        <time>2025-07-06T05:29:20.000Z</time>
      </trkpt>
      <trkpt lat="42.662204" lon="-0.309657">
        <ele>1322.655</ele>
        <time>2025-07-06T05:29:24.000Z</time>
      </trkpt>
      <trkpt lat="42.662204" lon="-0.309658">
        <ele>1322.489</ele>
        <time>2025-07-06T05:29:33.000Z</time>
      </trkpt>
      <trkpt lat="42.662215" lon="-0.309662">
        <ele>1322.624</ele>
        <time>2025-07-06T05:29:39.000Z</time>
      </trkpt>
      <trkpt lat="42.66222" lon="-0.309663">
        <ele>1322.652</ele>
        <time>2025-07-06T05:29:45.000Z</time>
      </trkpt>
      <trkpt lat="42.662225" lon="-0.309668">
        <ele>1322.662</ele>
        <time>2025-07-06T05:29:47.000Z</time>
      </trkpt>
      <trkpt lat="42.662236" lon="-0.309681">
        <ele>1322.683</ele>
        <time>2025-07-06T05:29:52.000Z</time>
      </trkpt>
      <trkpt lat="42.662248" lon="-0.309697">
        <ele>1322.611</ele>
        <time>2025-07-06T05:29:54.000Z</time>
      </trkpt>
      <trkpt lat="42.662279" lon="-0.309734">
        <ele>1322.809</ele>
        <time>2025-07-06T05:30:00.000Z</time>
      </trkpt>
      <trkpt lat="42.662288" lon="-0.309736">
        <ele>1323.078</ele>
        <time>2025-07-06T05:30:01.000Z</time>
      </trkpt>
      <trkpt lat="42.662327" lon="-0.309745">
        <ele>1323.658</ele>
        <time>2025-07-06T05:30:05.000Z</time>
      </trkpt>
      <trkpt lat="42.662336" lon="-0.309746">
        <ele>1323.616</ele>
        <time>2025-07-06T05:30:06.000Z</time>
      </trkpt>
      <trkpt lat="42.662363" lon="-0.309732">
        <ele>1324.224</ele>
        <time>2025-07-06T05:30:09.000Z</time>
      </trkpt>
      <trkpt lat="42.662391" lon="-0.309717">
        <ele>1324.65</ele>
        <time>2025-07-06T05:30:12.000Z</time>
      </trkpt>
      <trkpt lat="42.66243" lon="-0.309705">
        <ele>1325.217</ele>
        <time>2025-07-06T05:30:15.000Z</time>
      </trkpt>
      <trkpt lat="42.662466" lon="-0.309694">
        <ele>1325.681</ele>
        <time>2025-07-06T05:30:18.000Z</time>
      </trkpt>
      <trkpt lat="42.662519" lon="-0.309683">
        <ele>1326.676</ele>
        <time>2025-07-06T05:30:23.000Z</time>
      </trkpt>
      <trkpt lat="42.662534" lon="-0.309675">
        <ele>1327.254</ele>
        <time>2025-07-06T05:30:25.000Z</time>
      </trkpt>
      <trkpt lat="42.662557" lon="-0.30965">
        <ele>1327.858</ele>
        <time>2025-07-06T05:30:28.000Z</time>
      </trkpt>
      <trkpt lat="42.662595" lon="-0.309626">
        <ele>1329.052</ele>
        <time>2025-07-06T05:30:33.000Z</time>
      </trkpt>
      <trkpt lat="42.662627" lon="-0.309617">
        <ele>1330.017</ele>
        <time>2025-07-06T05:30:37.000Z</time>
      </trkpt>
      <trkpt lat="42.662671" lon="-0.309602">
        <ele>1331.209</ele>
        <time>2025-07-06T05:30:41.000Z</time>
      </trkpt>
      <trkpt lat="42.66273" lon="-0.309559">
        <ele>1332.217</ele>
        <time>2025-07-06T05:30:45.000Z</time>
      </trkpt>
      <trkpt lat="42.662755" lon="-0.309534">
        <ele>1332.627</ele>
        <time>2025-07-06T05:30:47.000Z</time>
      </trkpt>
      <trkpt lat="42.662779" lon="-0.309498">
        <ele>1333.495</ele>
        <time>2025-07-06T05:30:50.000Z</time>
      </trkpt>
      <trkpt lat="42.662792" lon="-0.309501">
        <ele>1333.663</ele>
        <time>2025-07-06T05:30:51.000Z</time>
      </trkpt>
      <trkpt lat="42.662804" lon="-0.309485">
        <ele>1334.029</ele>
        <time>2025-07-06T05:30:53.000Z</time>
      </trkpt>
      <trkpt lat="42.662838" lon="-0.309449">
        <ele>1334.686</ele>
        <time>2025-07-06T05:30:56.000Z</time>
      </trkpt>
      <trkpt lat="42.662869" lon="-0.309429">
        <ele>1335.29</ele>
        <time>2025-07-06T05:30:59.000Z</time>
      </trkpt>
      <trkpt lat="42.662884" lon="-0.309427">
        <ele>1335.485</ele>
        <time>2025-07-06T05:31:00.000Z</time>
      </trkpt>
      <trkpt lat="42.662904" lon="-0.309419">
        <ele>1335.683</ele>
        <time>2025-07-06T05:31:01.000Z</time>
      </trkpt>
      <trkpt lat="42.662922" lon="-0.309411">
        <ele>1336.072</ele>
        <time>2025-07-06T05:31:02.000Z</time>
      </trkpt>
      <trkpt lat="42.662932" lon="-0.309383">
        <ele>1337.013</ele>
        <time>2025-07-06T05:31:05.000Z</time>
      </trkpt>
      <trkpt lat="42.662943" lon="-0.309332">
        <ele>1337.614</ele>
        <time>2025-07-06T05:31:07.000Z</time>
      </trkpt>
      <trkpt lat="42.662944" lon="-0.309328">
        <ele>1337.809</ele>
        <time>2025-07-06T05:31:08.000Z</time>
      </trkpt>
      <trkpt lat="42.662959" lon="-0.309308">
        <ele>1338.029</ele>
        <time>2025-07-06T05:31:09.000Z</time>
      </trkpt>
      <trkpt lat="42.662986" lon="-0.309274">
        <ele>1338.669</ele>
        <time>2025-07-06T05:31:12.000Z</time>
      </trkpt>
      <trkpt lat="42.662993" lon="-0.309252">
        <ele>1339.247</ele>
        <time>2025-07-06T05:31:14.000Z</time>
      </trkpt>
      <trkpt lat="42.662962" lon="-0.30921">
        <ele>1340.255</ele>
        <time>2025-07-06T05:31:18.000Z</time>
      </trkpt>
      <trkpt lat="42.66297" lon="-0.309211">
        <ele>1340.621</ele>
        <time>2025-07-06T05:31:19.000Z</time>
      </trkpt>
      <trkpt lat="42.662976" lon="-0.30921">
        <ele>1340.868</ele>
        <time>2025-07-06T05:31:20.000Z</time>
      </trkpt>
      <trkpt lat="42.662988" lon="-0.309215">
        <ele>1341.282</ele>
        <time>2025-07-06T05:31:22.000Z</time>
      </trkpt>
      <trkpt lat="42.663004" lon="-0.309214">
        <ele>1341.657</ele>
        <time>2025-07-06T05:31:24.000Z</time>
      </trkpt>
      <trkpt lat="42.663029" lon="-0.309207">
        <ele>1342.035</ele>
        <time>2025-07-06T05:31:26.000Z</time>
      </trkpt>
      <trkpt lat="42.663033" lon="-0.309199">
        <ele>1342.057</ele>
        <time>2025-07-06T05:31:27.000Z</time>
      </trkpt>
      <trkpt lat="42.663044" lon="-0.309181">
        <ele>1342.4</ele>
        <time>2025-07-06T05:31:29.000Z</time>
      </trkpt>
      <trkpt lat="42.66313" lon="-0.30913">
        <ele>1343.22</ele>
        <time>2025-07-06T05:31:34.000Z</time>
      </trkpt>
      <trkpt lat="42.663143" lon="-0.309115">
        <ele>1343.409</ele>
        <time>2025-07-06T05:31:35.000Z</time>
      </trkpt>
      <trkpt lat="42.663169" lon="-0.309123">
        <ele>1343.677</ele>
        <time>2025-07-06T05:31:36.000Z</time>
      </trkpt>
      <trkpt lat="42.663171" lon="-0.309108">
        <ele>1344.027</ele>
        <time>2025-07-06T05:31:38.000Z</time>
      </trkpt>
      <trkpt lat="42.663191" lon="-0.309094">
        <ele>1344.245</ele>
        <time>2025-07-06T05:31:40.000Z</time>
      </trkpt>
      <trkpt lat="42.663204" lon="-0.309073">
        <ele>1344.693</ele>
        <time>2025-07-06T05:31:41.000Z</time>
      </trkpt>
      <trkpt lat="42.663247" lon="-0.308997">
        <ele>1345.649</ele>
        <time>2025-07-06T05:31:46.000Z</time>
      </trkpt>
      <trkpt lat="42.663244" lon="-0.308982">
        <ele>1345.856</ele>
        <time>2025-07-06T05:31:48.000Z</time>
      </trkpt>
      <trkpt lat="42.663262" lon="-0.308981">
        <ele>1346.45</ele>
        <time>2025-07-06T05:31:50.000Z</time>
      </trkpt>
      <trkpt lat="42.663268" lon="-0.308966">
        <ele>1346.655</ele>
        <time>2025-07-06T05:31:51.000Z</time>
      </trkpt>
      <trkpt lat="42.663285" lon="-0.308952">
        <ele>1347.253</ele>
        <time>2025-07-06T05:31:54.000Z</time>
      </trkpt>
      <trkpt lat="42.663303" lon="-0.308939">
        <ele>1347.683</ele>
        <time>2025-07-06T05:31:55.000Z</time>
      </trkpt>
      <trkpt lat="42.663357" lon="-0.30886">
        <ele>1348.025</ele>
        <time>2025-07-06T05:32:01.000Z</time>
      </trkpt>
      <trkpt lat="42.663406" lon="-0.308833">
        <ele>1348.017</ele>
        <time>2025-07-06T05:32:04.000Z</time>
      </trkpt>
      <trkpt lat="42.663455" lon="-0.308812">
        <ele>1348.409</ele>
        <time>2025-07-06T05:32:08.000Z</time>
      </trkpt>
      <trkpt lat="42.663473" lon="-0.308798">
        <ele>1348.84</ele>
        <time>2025-07-06T05:32:10.000Z</time>
      </trkpt>
      <trkpt lat="42.663475" lon="-0.308764">
        <ele>1349.01</ele>
        <time>2025-07-06T05:32:11.000Z</time>
      </trkpt>
      <trkpt lat="42.663481" lon="-0.308727">
        <ele>1349.088</ele>
        <time>2025-07-06T05:32:13.000Z</time>
      </trkpt>
      <trkpt lat="42.663514" lon="-0.308661">
        <ele>1349.636</ele>
        <time>2025-07-06T05:32:17.000Z</time>
      </trkpt>
      <trkpt lat="42.663519" lon="-0.308651">
        <ele>1350.062</ele>
        <time>2025-07-06T05:32:18.000Z</time>
      </trkpt>
      <trkpt lat="42.663529" lon="-0.308646">
        <ele>1350.279</ele>
        <time>2025-07-06T05:32:19.000Z</time>
      </trkpt>
      <trkpt lat="42.663561" lon="-0.308639">
        <ele>1351.293</ele>
        <time>2025-07-06T05:32:23.000Z</time>
      </trkpt>
      <trkpt lat="42.663569" lon="-0.308638">
        <ele>1351.828</ele>
        <time>2025-07-06T05:32:25.000Z</time>
      </trkpt>
      <trkpt lat="42.663597" lon="-0.308598">
        <ele>1352.256</ele>
        <time>2025-07-06T05:32:28.000Z</time>
      </trkpt>
      <trkpt lat="42.663597" lon="-0.308549">
        <ele>1353.248</ele>
        <time>2025-07-06T05:32:32.000Z</time>
      </trkpt>
      <trkpt lat="42.663594" lon="-0.308537">
        <ele>1353.461</ele>
        <time>2025-07-06T05:32:33.000Z</time>
      </trkpt>
      <trkpt lat="42.663577" lon="-0.308491">
        <ele>1354.617</ele>
        <time>2025-07-06T05:32:38.000Z</time>
      </trkpt>
      <trkpt lat="42.663563" lon="-0.308453">
        <ele>1355.609</ele>
        <time>2025-07-06T05:32:42.000Z</time>
      </trkpt>
      <trkpt lat="42.663541" lon="-0.308437">
        <ele>1356.436</ele>
        <time>2025-07-06T05:32:45.000Z</time>
      </trkpt>
      <trkpt lat="42.663525" lon="-0.30839">
        <ele>1356.686</ele>
        <time>2025-07-06T05:32:48.000Z</time>
      </trkpt>
      <trkpt lat="42.663527" lon="-0.308333">
        <ele>1357.284</ele>
        <time>2025-07-06T05:32:53.000Z</time>
      </trkpt>
      <trkpt lat="42.663536" lon="-0.30832">
        <ele>1357.472</ele>
        <time>2025-07-06T05:32:54.000Z</time>
      </trkpt>
      <trkpt lat="42.663541" lon="-0.308304">
        <ele>1357.638</ele>
        <time>2025-07-06T05:32:55.000Z</time>
      </trkpt>
      <trkpt lat="42.663531" lon="-0.308278">
        <ele>1358.695</ele>
        <time>2025-07-06T05:32:58.000Z</time>
      </trkpt>
      <trkpt lat="42.663541" lon="-0.308277">
        <ele>1358.899</ele>
        <time>2025-07-06T05:32:59.000Z</time>
      </trkpt>
      <trkpt lat="42.663555" lon="-0.308314">
        <ele>1360.094</ele>
        <time>2025-07-06T05:33:03.000Z</time>
      </trkpt>
      <trkpt lat="42.663553" lon="-0.308319">
        <ele>1360.272</ele>
        <time>2025-07-06T05:33:04.000Z</time>
      </trkpt>
      <trkpt lat="42.663562" lon="-0.308349">
        <ele>1361.265</ele>
        <time>2025-07-06T05:33:07.000Z</time>
      </trkpt>
      <trkpt lat="42.663585" lon="-0.308311">
        <ele>1361.868</ele>
        <time>2025-07-06T05:33:10.000Z</time>
      </trkpt>
      <trkpt lat="42.663582" lon="-0.308274">
        <ele>1362.214</ele>
        <time>2025-07-06T05:33:12.000Z</time>
      </trkpt>
      <trkpt lat="42.663571" lon="-0.308244">
        <ele>1362.209</ele>
        <time>2025-07-06T05:33:14.000Z</time>
      </trkpt>
      <trkpt lat="42.663569" lon="-0.30823">
        <ele>1362.448</ele>
        <time>2025-07-06T05:33:15.000Z</time>
      </trkpt>
      <trkpt lat="42.663505" lon="-0.308176">
        <ele>1362.848</ele>
        <time>2025-07-06T05:33:20.000Z</time>
      </trkpt>
      <trkpt lat="42.663476" lon="-0.308171">
        <ele>1363.036</ele>
        <time>2025-07-06T05:33:22.000Z</time>
      </trkpt>
      <trkpt lat="42.663466" lon="-0.308159">
        <ele>1363.064</ele>
        <time>2025-07-06T05:33:23.000Z</time>
      </trkpt>
      <trkpt lat="42.663457" lon="-0.308123">
        <ele>1363.03</ele>
        <time>2025-07-06T05:33:25.000Z</time>
      </trkpt>
      <trkpt lat="42.663456" lon="-0.308081">
        <ele>1363.287</ele>
        <time>2025-07-06T05:33:27.000Z</time>
      </trkpt>
      <trkpt lat="42.663444" lon="-0.308049">
        <ele>1363.241</ele>
        <time>2025-07-06T05:33:29.000Z</time>
      </trkpt>
      <trkpt lat="42.663424" lon="-0.307981">
        <ele>1363.616</ele>
        <time>2025-07-06T05:33:33.000Z</time>
      </trkpt>
      <trkpt lat="42.663418" lon="-0.307972">
        <ele>1363.834</ele>
        <time>2025-07-06T05:33:34.000Z</time>
      </trkpt>
      <trkpt lat="42.663401" lon="-0.307956">
        <ele>1364.478</ele>
        <time>2025-07-06T05:33:37.000Z</time>
      </trkpt>
      <trkpt lat="42.663362" lon="-0.307928">
        <ele>1365.433</ele>
        <time>2025-07-06T05:33:41.000Z</time>
      </trkpt>
      <trkpt lat="42.663359" lon="-0.30792">
        <ele>1365.626</ele>
        <time>2025-07-06T05:33:42.000Z</time>
      </trkpt>
      <trkpt lat="42.663343" lon="-0.307852">
        <ele>1366.409</ele>
        <time>2025-07-06T05:33:46.000Z</time>
      </trkpt>
      <trkpt lat="42.663337" lon="-0.307834">
        <ele>1366.449</ele>
        <time>2025-07-06T05:33:47.000Z</time>
      </trkpt>
      <trkpt lat="42.663345" lon="-0.307823">
        <ele>1366.699</ele>
        <time>2025-07-06T05:33:48.000Z</time>
      </trkpt>
      <trkpt lat="42.663349" lon="-0.307811">
        <ele>1367.087</ele>
        <time>2025-07-06T05:33:51.000Z</time>
      </trkpt>
      <trkpt lat="42.663354" lon="-0.307768">
        <ele>1367.435</ele>
        <time>2025-07-06T05:33:54.000Z</time>
      </trkpt>
      <trkpt lat="42.663361" lon="-0.307746">
        <ele>1367.411</ele>
        <time>2025-07-06T05:33:56.000Z</time>
      </trkpt>
      <trkpt lat="42.663352" lon="-0.307716">
        <ele>1367.498</ele>
        <time>2025-07-06T05:33:59.000Z</time>
      </trkpt>
      <trkpt lat="42.663356" lon="-0.307686">
        <ele>1367.692</ele>
        <time>2025-07-06T05:34:01.000Z</time>
      </trkpt>
      <trkpt lat="42.663376" lon="-0.307625">
        <ele>1367.847</ele>
        <time>2025-07-06T05:34:07.000Z</time>
      </trkpt>
      <trkpt lat="42.663371" lon="-0.307606">
        <ele>1367.835</ele>
        <time>2025-07-06T05:34:08.000Z</time>
      </trkpt>
      <trkpt lat="42.663359" lon="-0.307519">
        <ele>1368.627</ele>
        <time>2025-07-06T05:34:13.000Z</time>
      </trkpt>
      <trkpt lat="42.663344" lon="-0.307486">
        <ele>1369.068</ele>
        <time>2025-07-06T05:34:15.000Z</time>
      </trkpt>
      <trkpt lat="42.663334" lon="-0.307463">
        <ele>1369.014</ele>
        <time>2025-07-06T05:34:16.000Z</time>
      </trkpt>
      <trkpt lat="42.663325" lon="-0.307411">
        <ele>1369.609</ele>
        <time>2025-07-06T05:34:19.000Z</time>
      </trkpt>
      <trkpt lat="42.663321" lon="-0.307395">
        <ele>1370.454</ele>
        <time>2025-07-06T05:34:22.000Z</time>
      </trkpt>
      <trkpt lat="42.663317" lon="-0.307385">
        <ele>1370.614</ele>
        <time>2025-07-06T05:34:23.000Z</time>
      </trkpt>
      <trkpt lat="42.663306" lon="-0.30737">
        <ele>1371.052</ele>
        <time>2025-07-06T05:34:24.000Z</time>
      </trkpt>
      <trkpt lat="42.663316" lon="-0.307292">
        <ele>1372.07</ele>
        <time>2025-07-06T05:34:28.000Z</time>
      </trkpt>
      <trkpt lat="42.663304" lon="-0.30728">
        <ele>1372.446</ele>
        <time>2025-07-06T05:34:29.000Z</time>
      </trkpt>
      <trkpt lat="42.66327" lon="-0.307241">
        <ele>1373.223</ele>
        <time>2025-07-06T05:34:32.000Z</time>
      </trkpt>
      <trkpt lat="42.663249" lon="-0.307205">
        <ele>1373.817</ele>
        <time>2025-07-06T05:34:36.000Z</time>
      </trkpt>
      <trkpt lat="42.663234" lon="-0.307187">
        <ele>1374.212</ele>
        <time>2025-07-06T05:34:38.000Z</time>
      </trkpt>
      <trkpt lat="42.663217" lon="-0.307168">
        <ele>1374.67</ele>
        <time>2025-07-06T05:34:42.000Z</time>
      </trkpt>
      <trkpt lat="42.663209" lon="-0.30712">
        <ele>1375.221</ele>
        <time>2025-07-06T05:34:45.000Z</time>
      </trkpt>
      <trkpt lat="42.663208" lon="-0.307078">
        <ele>1375.641</ele>
        <time>2025-07-06T05:34:47.000Z</time>
      </trkpt>
      <trkpt lat="42.663194" lon="-0.307024">
        <ele>1376.405</ele>
        <time>2025-07-06T05:34:51.000Z</time>
      </trkpt>
      <trkpt lat="42.663185" lon="-0.307001">
        <ele>1376.809</ele>
        <time>2025-07-06T05:34:53.000Z</time>
      </trkpt>
      <trkpt lat="42.663187" lon="-0.306996">
        <ele>1377.064</ele>
        <time>2025-07-06T05:34:54.000Z</time>
      </trkpt>
      <trkpt lat="42.663186" lon="-0.306991">
        <ele>1377.214</ele>
        <time>2025-07-06T05:34:55.000Z</time>
      </trkpt>
      <trkpt lat="42.66319" lon="-0.306988">
        <ele>1377.432</ele>
        <time>2025-07-06T05:34:56.000Z</time>
      </trkpt>
      <trkpt lat="42.663217" lon="-0.306998">
        <ele>1378.42</ele>
        <time>2025-07-06T05:35:00.000Z</time>
      </trkpt>
      <trkpt lat="42.663224" lon="-0.306994">
        <ele>1378.886</ele>
        <time>2025-07-06T05:35:01.000Z</time>
      </trkpt>
      <trkpt lat="42.66324" lon="-0.306972">
        <ele>1379.883</ele>
        <time>2025-07-06T05:35:05.000Z</time>
      </trkpt>
      <trkpt lat="42.663236" lon="-0.306967">
        <ele>1380.287</ele>
        <time>2025-07-06T05:35:06.000Z</time>
      </trkpt>
      <trkpt lat="42.663233" lon="-0.306951">
        <ele>1380.812</ele>
        <time>2025-07-06T05:35:08.000Z</time>
      </trkpt>
      <trkpt lat="42.663207" lon="-0.306929">
        <ele>1382.08</ele>
        <time>2025-07-06T05:35:12.000Z</time>
      </trkpt>
      <trkpt lat="42.663198" lon="-0.306916">
        <ele>1382.261</ele>
        <time>2025-07-06T05:35:13.000Z</time>
      </trkpt>
      <trkpt lat="42.663189" lon="-0.306896">
        <ele>1382.621</ele>
        <time>2025-07-06T05:35:15.000Z</time>
      </trkpt>
      <trkpt lat="42.663184" lon="-0.306881">
        <ele>1383.213</ele>
        <time>2025-07-06T05:35:17.000Z</time>
      </trkpt>
      <trkpt lat="42.663183" lon="-0.306878">
        <ele>1383.409</ele>
        <time>2025-07-06T05:35:18.000Z</time>
      </trkpt>
      <trkpt lat="42.663182" lon="-0.306891">
        <ele>1384.458</ele>
        <time>2025-07-06T05:35:21.000Z</time>
      </trkpt>
      <trkpt lat="42.663198" lon="-0.306891">
        <ele>1384.888</ele>
        <time>2025-07-06T05:35:23.000Z</time>
      </trkpt>
      <trkpt lat="42.66321" lon="-0.306895">
        <ele>1385.236</ele>
        <time>2025-07-06T05:35:24.000Z</time>
      </trkpt>
      <trkpt lat="42.663221" lon="-0.306903">
        <ele>1385.494</ele>
        <time>2025-07-06T05:35:25.000Z</time>
      </trkpt>
      <trkpt lat="42.663244" lon="-0.306923">
        <ele>1385.86</ele>
        <time>2025-07-06T05:35:27.000Z</time>
      </trkpt>
      <trkpt lat="42.663256" lon="-0.306938">
        <ele>1386.467</ele>
        <time>2025-07-06T05:35:29.000Z</time>
      </trkpt>
      <trkpt lat="42.663277" lon="-0.306949">
        <ele>1387.271</ele>
        <time>2025-07-06T05:35:32.000Z</time>
      </trkpt>
      <trkpt lat="42.663285" lon="-0.306934">
        <ele>1387.466</ele>
        <time>2025-07-06T05:35:34.000Z</time>
      </trkpt>
      <trkpt lat="42.663266" lon="-0.30691">
        <ele>1388.654</ele>
        <time>2025-07-06T05:35:38.000Z</time>
      </trkpt>
      <trkpt lat="42.663258" lon="-0.306893">
        <ele>1388.687</ele>
        <time>2025-07-06T05:35:39.000Z</time>
      </trkpt>
      <trkpt lat="42.663249" lon="-0.306875">
        <ele>1388.842</ele>
        <time>2025-07-06T05:35:40.000Z</time>
      </trkpt>
      <trkpt lat="42.663209" lon="-0.30682">
        <ele>1388.826</ele>
        <time>2025-07-06T05:35:44.000Z</time>
      </trkpt>
      <trkpt lat="42.663203" lon="-0.306798">
        <ele>1388.809</ele>
        <time>2025-07-06T05:35:45.000Z</time>
      </trkpt>
      <trkpt lat="42.663193" lon="-0.306769">
        <ele>1389.05</ele>
        <time>2025-07-06T05:35:47.000Z</time>
      </trkpt>
      <trkpt lat="42.663179" lon="-0.306755">
        <ele>1389.24</ele>
        <time>2025-07-06T05:35:49.000Z</time>
      </trkpt>
      <trkpt lat="42.663143" lon="-0.306762">
        <ele>1389.638</ele>
        <time>2025-07-06T05:35:52.000Z</time>
      </trkpt>
      <trkpt lat="42.663133" lon="-0.306758">
        <ele>1389.636</ele>
        <time>2025-07-06T05:35:53.000Z</time>
      </trkpt>
      <trkpt lat="42.663115" lon="-0.306696">
        <ele>1390.012</ele>
        <time>2025-07-06T05:35:57.000Z</time>
      </trkpt>
      <trkpt lat="42.663127" lon="-0.306711">
        <ele>1390.889</ele>
        <time>2025-07-06T05:36:01.000Z</time>
      </trkpt>
      <trkpt lat="42.663132" lon="-0.306715">
        <ele>1391.053</ele>
        <time>2025-07-06T05:36:02.000Z</time>
      </trkpt>
      <trkpt lat="42.663139" lon="-0.306704">
        <ele>1391.228</ele>
        <time>2025-07-06T05:36:03.000Z</time>
      </trkpt>
      <trkpt lat="42.66314" lon="-0.306677">
        <ele>1391.836</ele>
        <time>2025-07-06T05:36:06.000Z</time>
      </trkpt>
      <trkpt lat="42.663136" lon="-0.306665">
        <ele>1392.097</ele>
        <time>2025-07-06T05:36:07.000Z</time>
      </trkpt>
      <trkpt lat="42.663119" lon="-0.306642">
        <ele>1393.023</ele>
        <time>2025-07-06T05:36:11.000Z</time>
      </trkpt>
      <trkpt lat="42.663096" lon="-0.306626">
        <ele>1393.825</ele>
        <time>2025-07-06T05:36:15.000Z</time>
      </trkpt>
      <trkpt lat="42.663085" lon="-0.306593">
        <ele>1394.409</ele>
        <time>2025-07-06T05:36:18.000Z</time>
      </trkpt>
      <trkpt lat="42.663093" lon="-0.306578">
        <ele>1394.871</ele>
        <time>2025-07-06T05:36:20.000Z</time>
      </trkpt>
      <trkpt lat="42.663106" lon="-0.306577">
        <ele>1395.411</ele>
        <time>2025-07-06T05:36:22.000Z</time>
      </trkpt>
      <trkpt lat="42.663146" lon="-0.3066">
        <ele>1396.249</ele>
        <time>2025-07-06T05:36:27.000Z</time>
      </trkpt>
      <trkpt lat="42.663155" lon="-0.306599">
        <ele>1396.447</ele>
        <time>2025-07-06T05:36:28.000Z</time>
      </trkpt>
      <trkpt lat="42.663167" lon="-0.306597">
        <ele>1396.413</ele>
        <time>2025-07-06T05:36:29.000Z</time>
      </trkpt>
      <trkpt lat="42.663176" lon="-0.306581">
        <ele>1396.61</ele>
        <time>2025-07-06T05:36:30.000Z</time>
      </trkpt>
      <trkpt lat="42.663184" lon="-0.306555">
        <ele>1397.644</ele>
        <time>2025-07-06T05:36:34.000Z</time>
      </trkpt>
      <trkpt lat="42.663177" lon="-0.306552">
        <ele>1397.839</ele>
        <time>2025-07-06T05:36:35.000Z</time>
      </trkpt>
      <trkpt lat="42.663156" lon="-0.306531">
        <ele>1398.677</ele>
        <time>2025-07-06T05:36:38.000Z</time>
      </trkpt>
      <trkpt lat="42.663138" lon="-0.306512">
        <ele>1399.088</ele>
        <time>2025-07-06T05:36:40.000Z</time>
      </trkpt>
      <trkpt lat="42.663133" lon="-0.306505">
        <ele>1399.424</ele>
        <time>2025-07-06T05:36:41.000Z</time>
      </trkpt>
      <trkpt lat="42.663136" lon="-0.306507">
        <ele>1400.226</ele>
        <time>2025-07-06T05:36:44.000Z</time>
      </trkpt>
      <trkpt lat="42.663152" lon="-0.306518">
        <ele>1400.809</ele>
        <time>2025-07-06T05:36:47.000Z</time>
      </trkpt>
      <trkpt lat="42.66317" lon="-0.306526">
        <ele>1401.29</ele>
        <time>2025-07-06T05:36:49.000Z</time>
      </trkpt>
      <trkpt lat="42.663223" lon="-0.306547">
        <ele>1402.28</ele>
        <time>2025-07-06T05:36:55.000Z</time>
      </trkpt>
      <trkpt lat="42.663273" lon="-0.306562">
        <ele>1403.278</ele>
        <time>2025-07-06T05:37:00.000Z</time>
      </trkpt>
      <trkpt lat="42.663287" lon="-0.306606">
        <ele>1404.016</ele>
        <time>2025-07-06T05:37:03.000Z</time>
      </trkpt>
      <trkpt lat="42.663293" lon="-0.30661">
        <ele>1404.442</ele>
        <time>2025-07-06T05:37:05.000Z</time>
      </trkpt>
      <trkpt lat="42.663292" lon="-0.306605">
        <ele>1404.849</ele>
        <time>2025-07-06T05:37:07.000Z</time>
      </trkpt>
      <trkpt lat="42.663294" lon="-0.306593">
        <ele>1405.013</ele>
        <time>2025-07-06T05:37:08.000Z</time>
      </trkpt>
      <trkpt lat="42.663286" lon="-0.306567">
        <ele>1405.418</ele>
        <time>2025-07-06T05:37:10.000Z</time>
      </trkpt>
      <trkpt lat="42.66332" lon="-0.306508">
        <ele>1406.446</ele>
        <time>2025-07-06T05:37:14.000Z</time>
      </trkpt>
      <trkpt lat="42.663314" lon="-0.306501">
        <ele>1406.674</ele>
        <time>2025-07-06T05:37:15.000Z</time>
      </trkpt>
      <trkpt lat="42.663281" lon="-0.306445">
        <ele>1407.256</ele>
        <time>2025-07-06T05:37:20.000Z</time>
      </trkpt>
      <trkpt lat="42.663238" lon="-0.306418">
        <ele>1407.621</ele>
        <time>2025-07-06T05:37:23.000Z</time>
      </trkpt>
      <trkpt lat="42.663226" lon="-0.3064">
        <ele>1408.009</ele>
        <time>2025-07-06T05:37:25.000Z</time>
      </trkpt>
      <trkpt lat="42.66321" lon="-0.306371">
        <ele>1408.489</ele>
        <time>2025-07-06T05:37:27.000Z</time>
      </trkpt>
      <trkpt lat="42.663196" lon="-0.306319">
        <ele>1408.819</ele>
        <time>2025-07-06T05:37:30.000Z</time>
      </trkpt>
      <trkpt lat="42.663171" lon="-0.306278">
        <ele>1409.487</ele>
        <time>2025-07-06T05:37:34.000Z</time>
      </trkpt>
      <trkpt lat="42.663135" lon="-0.30623">
        <ele>1409.445</ele>
        <time>2025-07-06T05:37:38.000Z</time>
      </trkpt>
      <trkpt lat="42.663123" lon="-0.306192">
        <ele>1410.031</ele>
        <time>2025-07-06T05:37:42.000Z</time>
      </trkpt>
      <trkpt lat="42.663099" lon="-0.306172">
        <ele>1410.448</ele>
        <time>2025-07-06T05:37:44.000Z</time>
      </trkpt>
      <trkpt lat="42.663085" lon="-0.306148">
        <ele>1410.882</ele>
        <time>2025-07-06T05:37:46.000Z</time>
      </trkpt>
      <trkpt lat="42.663083" lon="-0.306122">
        <ele>1411.217</ele>
        <time>2025-07-06T05:37:48.000Z</time>
      </trkpt>
      <trkpt lat="42.663085" lon="-0.306071">
        <ele>1411.865</ele>
        <time>2025-07-06T05:37:51.000Z</time>
      </trkpt>
      <trkpt lat="42.663085" lon="-0.30605">
        <ele>1412.222</ele>
        <time>2025-07-06T05:37:53.000Z</time>
      </trkpt>
      <trkpt lat="42.66309" lon="-0.306022">
        <ele>1413.062</ele>
        <time>2025-07-06T05:37:56.000Z</time>
      </trkpt>
      <trkpt lat="42.663115" lon="-0.305993">
        <ele>1413.408</ele>
        <time>2025-07-06T05:37:58.000Z</time>
      </trkpt>
      <trkpt lat="42.663131" lon="-0.305982">
        <ele>1413.409</ele>
        <time>2025-07-06T05:37:59.000Z</time>
      </trkpt>
      <trkpt lat="42.663216" lon="-0.30592">
        <ele>1413.494</ele>
        <time>2025-07-06T05:38:07.000Z</time>
      </trkpt>
      <trkpt lat="42.663229" lon="-0.305919">
        <ele>1413.414</ele>
        <time>2025-07-06T05:38:08.000Z</time>
      </trkpt>
      <trkpt lat="42.663284" lon="-0.305902">
        <ele>1413.612</ele>
        <time>2025-07-06T05:38:13.000Z</time>
      </trkpt>
      <trkpt lat="42.663387" lon="-0.305844">
        <ele>1413.08</ele>
        <time>2025-07-06T05:38:18.000Z</time>
      </trkpt>
      <trkpt lat="42.663412" lon="-0.305823">
        <ele>1412.426</ele>
        <time>2025-07-06T05:38:20.000Z</time>
      </trkpt>
      <trkpt lat="42.663433" lon="-0.305791">
        <ele>1412.013</ele>
        <time>2025-07-06T05:38:21.000Z</time>
      </trkpt>
      <trkpt lat="42.66345" lon="-0.305771">
        <ele>1411.847</ele>
        <time>2025-07-06T05:38:22.000Z</time>
      </trkpt>
      <trkpt lat="42.663473" lon="-0.305732">
        <ele>1411.432</ele>
        <time>2025-07-06T05:38:24.000Z</time>
      </trkpt>
      <trkpt lat="42.663475" lon="-0.305722">
        <ele>1411.04</ele>
        <time>2025-07-06T05:38:25.000Z</time>
      </trkpt>
      <trkpt lat="42.663489" lon="-0.305713">
        <ele>1410.887</ele>
        <time>2025-07-06T05:38:27.000Z</time>
      </trkpt>
      <trkpt lat="42.663542" lon="-0.30569">
        <ele>1411.042</ele>
        <time>2025-07-06T05:38:30.000Z</time>
      </trkpt>
      <trkpt lat="42.663604" lon="-0.305617">
        <ele>1410.826</ele>
        <time>2025-07-06T05:38:35.000Z</time>
      </trkpt>
      <trkpt lat="42.66368" lon="-0.305568">
        <ele>1410.409</ele>
        <time>2025-07-06T05:38:37.000Z</time>
      </trkpt>
      <trkpt lat="42.663747" lon="-0.305502">
        <ele>1410.41</ele>
        <time>2025-07-06T05:38:40.000Z</time>
      </trkpt>
      <trkpt lat="42.663781" lon="-0.305433">
        <ele>1410.64</ele>
        <time>2025-07-06T05:38:42.000Z</time>
      </trkpt>
      <trkpt lat="42.663808" lon="-0.305388">
        <ele>1410.678</ele>
        <time>2025-07-06T05:38:44.000Z</time>
      </trkpt>
      <trkpt lat="42.663832" lon="-0.305328">
        <ele>1411.056</ele>
        <time>2025-07-06T05:38:47.000Z</time>
      </trkpt>
      <trkpt lat="42.663837" lon="-0.305306">
        <ele>1411.222</ele>
        <time>2025-07-06T05:38:48.000Z</time>
      </trkpt>
      <trkpt lat="42.663841" lon="-0.305284">
        <ele>1411.279</ele>
        <time>2025-07-06T05:38:49.000Z</time>
      </trkpt>
      <trkpt lat="42.663835" lon="-0.30527">
        <ele>1411.453</ele>
        <time>2025-07-06T05:38:50.000Z</time>
      </trkpt>
      <trkpt lat="42.663838" lon="-0.305243">
        <ele>1411.498</ele>
        <time>2025-07-06T05:38:51.000Z</time>
      </trkpt>
      <trkpt lat="42.663878" lon="-0.30517">
        <ele>1411.416</ele>
        <time>2025-07-06T05:38:56.000Z</time>
      </trkpt>
      <trkpt lat="42.663897" lon="-0.305114">
        <ele>1412.239</ele>
        <time>2025-07-06T05:39:00.000Z</time>
      </trkpt>
      <trkpt lat="42.663893" lon="-0.305071">
        <ele>1412.801</ele>
        <time>2025-07-06T05:39:03.000Z</time>
      </trkpt>
      <trkpt lat="42.663921" lon="-0.304932">
        <ele>1413.221</ele>
        <time>2025-07-06T05:39:09.000Z</time>
      </trkpt>
      <trkpt lat="42.66394" lon="-0.30489">
        <ele>1413.809</ele>
        <time>2025-07-06T05:39:11.000Z</time>
      </trkpt>
      <trkpt lat="42.663947" lon="-0.30487">
        <ele>1414.085</ele>
        <time>2025-07-06T05:39:13.000Z</time>
      </trkpt>
      <trkpt lat="42.66394" lon="-0.304862">
        <ele>1414.445</ele>
        <time>2025-07-06T05:39:14.000Z</time>
      </trkpt>
      <trkpt lat="42.663944" lon="-0.304835">
        <ele>1415.233</ele>
        <time>2025-07-06T05:39:17.000Z</time>
      </trkpt>
      <trkpt lat="42.66395" lon="-0.304816">
        <ele>1415.491</ele>
        <time>2025-07-06T05:39:18.000Z</time>
      </trkpt>
      <trkpt lat="42.663964" lon="-0.304758">
        <ele>1416.227</ele>
        <time>2025-07-06T05:39:22.000Z</time>
      </trkpt>
      <trkpt lat="42.663955" lon="-0.304732">
        <ele>1416.254</ele>
        <time>2025-07-06T05:39:23.000Z</time>
      </trkpt>
      <trkpt lat="42.663957" lon="-0.304705">
        <ele>1416.418</ele>
        <time>2025-07-06T05:39:24.000Z</time>
      </trkpt>
      <trkpt lat="42.663957" lon="-0.304632">
        <ele>1417.223</ele>
        <time>2025-07-06T05:39:29.000Z</time>
      </trkpt>
      <trkpt lat="42.663955" lon="-0.304609">
        <ele>1417.491</ele>
        <time>2025-07-06T05:39:31.000Z</time>
      </trkpt>
      <trkpt lat="42.663961" lon="-0.304599">
        <ele>1417.689</ele>
        <time>2025-07-06T05:39:32.000Z</time>
      </trkpt>
      <trkpt lat="42.66397" lon="-0.304575">
        <ele>1417.606</ele>
        <time>2025-07-06T05:39:34.000Z</time>
      </trkpt>
      <trkpt lat="42.66396" lon="-0.304542">
        <ele>1417.826</ele>
        <time>2025-07-06T05:39:36.000Z</time>
      </trkpt>
      <trkpt lat="42.663953" lon="-0.304515">
        <ele>1418.209</ele>
        <time>2025-07-06T05:39:38.000Z</time>
      </trkpt>
      <trkpt lat="42.663946" lon="-0.304496">
        <ele>1418.47</ele>
        <time>2025-07-06T05:39:40.000Z</time>
      </trkpt>
      <trkpt lat="42.663949" lon="-0.304456">
        <ele>1419.67</ele>
        <time>2025-07-06T05:39:44.000Z</time>
      </trkpt>
      <trkpt lat="42.663944" lon="-0.304425">
        <ele>1420.228</ele>
        <time>2025-07-06T05:39:47.000Z</time>
      </trkpt>
      <trkpt lat="42.663944" lon="-0.304406">
        <ele>1420.826</ele>
        <time>2025-07-06T05:39:49.000Z</time>
      </trkpt>
      <trkpt lat="42.663952" lon="-0.304369">
        <ele>1421.672</ele>
        <time>2025-07-06T05:39:52.000Z</time>
      </trkpt>
      <trkpt lat="42.663955" lon="-0.304341">
        <ele>1422.089</ele>
        <time>2025-07-06T05:39:54.000Z</time>
      </trkpt>
      <trkpt lat="42.663956" lon="-0.304305">
        <ele>1423.023</ele>
        <time>2025-07-06T05:39:58.000Z</time>
      </trkpt>
      <trkpt lat="42.66396" lon="-0.304297">
        <ele>1423.448</ele>
        <time>2025-07-06T05:39:59.000Z</time>
      </trkpt>
      <trkpt lat="42.663969" lon="-0.30427">
        <ele>1424.076</ele>
        <time>2025-07-06T05:40:01.000Z</time>
      </trkpt>
      <trkpt lat="42.663974" lon="-0.304259">
        <ele>1424.215</ele>
        <time>2025-07-06T05:40:02.000Z</time>
      </trkpt>
      <trkpt lat="42.663983" lon="-0.304255">
        <ele>1424.865</ele>
        <time>2025-07-06T05:40:04.000Z</time>
      </trkpt>
      <trkpt lat="42.663982" lon="-0.304279">
        <ele>1425.211</ele>
        <time>2025-07-06T05:40:06.000Z</time>
      </trkpt>
      <trkpt lat="42.663994" lon="-0.304354">
        <ele>1426.209</ele>
        <time>2025-07-06T05:40:11.000Z</time>
      </trkpt>
      <trkpt lat="42.664002" lon="-0.304359">
        <ele>1426.423</ele>
        <time>2025-07-06T05:40:12.000Z</time>
      </trkpt>
      <trkpt lat="42.66403" lon="-0.304305">
        <ele>1427.013</ele>
        <time>2025-07-06T05:40:16.000Z</time>
      </trkpt>
      <trkpt lat="42.664032" lon="-0.304272">
        <ele>1427.471</ele>
        <time>2025-07-06T05:40:18.000Z</time>
      </trkpt>
      <trkpt lat="42.664013" lon="-0.304229">
        <ele>1428.659</ele>
        <time>2025-07-06T05:40:22.000Z</time>
      </trkpt>
      <trkpt lat="42.664007" lon="-0.304205">
        <ele>1429.215</ele>
        <time>2025-07-06T05:40:24.000Z</time>
      </trkpt>
      <trkpt lat="42.663998" lon="-0.304186">
        <ele>1429.672</ele>
        <time>2025-07-06T05:40:26.000Z</time>
      </trkpt>
      <trkpt lat="42.663987" lon="-0.304135">
        <ele>1430.666</ele>
        <time>2025-07-06T05:40:30.000Z</time>
      </trkpt>
      <trkpt lat="42.663982" lon="-0.304116">
        <ele>1430.821</ele>
        <time>2025-07-06T05:40:31.000Z</time>
      </trkpt>
      <trkpt lat="42.664001" lon="-0.304062">
        <ele>1432.029</ele>
        <time>2025-07-06T05:40:36.000Z</time>
      </trkpt>
      <trkpt lat="42.664008" lon="-0.304036">
        <ele>1432.861</ele>
        <time>2025-07-06T05:40:40.000Z</time>
      </trkpt>
      <trkpt lat="42.66401" lon="-0.304025">
        <ele>1433.221</ele>
        <time>2025-07-06T05:40:41.000Z</time>
      </trkpt>
      <trkpt lat="42.66402" lon="-0.304009">
        <ele>1433.813</ele>
        <time>2025-07-06T05:40:43.000Z</time>
      </trkpt>
      <trkpt lat="42.66403" lon="-0.303999">
        <ele>1434.409</ele>
        <time>2025-07-06T05:40:45.000Z</time>
      </trkpt>
      <trkpt lat="42.664031" lon="-0.303981">
        <ele>1435.488</ele>
        <time>2025-07-06T05:40:49.000Z</time>
      </trkpt>
      <trkpt lat="42.664032" lon="-0.303947">
        <ele>1435.818</ele>
        <time>2025-07-06T05:40:51.000Z</time>
      </trkpt>
      <trkpt lat="42.664028" lon="-0.303894">
        <ele>1436.626</ele>
        <time>2025-07-06T05:40:55.000Z</time>
      </trkpt>
      <trkpt lat="42.66402" lon="-0.303833">
        <ele>1437.874</ele>
        <time>2025-07-06T05:41:00.000Z</time>
      </trkpt>
      <trkpt lat="42.664002" lon="-0.303765">
        <ele>1439.24</ele>
        <time>2025-07-06T05:41:04.000Z</time>
      </trkpt>
      <trkpt lat="42.663994" lon="-0.303719">
        <ele>1439.667</ele>
        <time>2025-07-06T05:41:06.000Z</time>
      </trkpt>
      <trkpt lat="42.663975" lon="-0.30368">
        <ele>1440.281</ele>
        <time>2025-07-06T05:41:09.000Z</time>
      </trkpt>
      <trkpt lat="42.663966" lon="-0.303672">
        <ele>1440.426</ele>
        <time>2025-07-06T05:41:10.000Z</time>
      </trkpt>
      <trkpt lat="42.663963" lon="-0.303643">
        <ele>1440.864</ele>
        <time>2025-07-06T05:41:12.000Z</time>
      </trkpt>
      <trkpt lat="42.663961" lon="-0.303616">
        <ele>1441.283</ele>
        <time>2025-07-06T05:41:14.000Z</time>
      </trkpt>
      <trkpt lat="42.663967" lon="-0.303577">
        <ele>1441.825</ele>
        <time>2025-07-06T05:41:17.000Z</time>
      </trkpt>
      <trkpt lat="42.66397" lon="-0.303551">
        <ele>1442.417</ele>
        <time>2025-07-06T05:41:19.000Z</time>
      </trkpt>
      <trkpt lat="42.663969" lon="-0.303547">
        <ele>1442.409</ele>
        <time>2025-07-06T05:41:20.000Z</time>
      </trkpt>
      <trkpt lat="42.663973" lon="-0.303533">
        <ele>1443.48</ele>
        <time>2025-07-06T05:41:24.000Z</time>
      </trkpt>
      <trkpt lat="42.663989" lon="-0.303506">
        <ele>1444.43</ele>
        <time>2025-07-06T05:41:28.000Z</time>
      </trkpt>
      <trkpt lat="42.66399" lon="-0.303464">
        <ele>1445.218</ele>
        <time>2025-07-06T05:41:31.000Z</time>
      </trkpt>
      <trkpt lat="42.663984" lon="-0.303443">
        <ele>1445.636</ele>
        <time>2025-07-06T05:41:32.000Z</time>
      </trkpt>
      <trkpt lat="42.663987" lon="-0.303432">
        <ele>1446.692</ele>
        <time>2025-07-06T05:41:36.000Z</time>
      </trkpt>
      <trkpt lat="42.663992" lon="-0.303422">
        <ele>1446.849</ele>
        <time>2025-07-06T05:41:37.000Z</time>
      </trkpt>
      <trkpt lat="42.663984" lon="-0.303384">
        <ele>1448.053</ele>
        <time>2025-07-06T05:41:41.000Z</time>
      </trkpt>
      <trkpt lat="42.664001" lon="-0.303332">
        <ele>1448.828</ele>
        <time>2025-07-06T05:41:45.000Z</time>
      </trkpt>
      <trkpt lat="42.664007" lon="-0.303322">
        <ele>1449.016</ele>
        <time>2025-07-06T05:41:46.000Z</time>
      </trkpt>
      <trkpt lat="42.664007" lon="-0.303266">
        <ele>1450.217</ele>
        <time>2025-07-06T05:41:50.000Z</time>
      </trkpt>
      <trkpt lat="42.664" lon="-0.303177">
        <ele>1451.087</ele>
        <time>2025-07-06T05:41:53.000Z</time>
      </trkpt>
      <trkpt lat="42.663995" lon="-0.303153">
        <ele>1451.415</ele>
        <time>2025-07-06T05:41:54.000Z</time>
      </trkpt>
      <trkpt lat="42.664002" lon="-0.303106">
        <ele>1452.609</ele>
        <time>2025-07-06T05:41:58.000Z</time>
      </trkpt>
      <trkpt lat="42.664014" lon="-0.303087">
        <ele>1452.853</ele>
        <time>2025-07-06T05:41:59.000Z</time>
      </trkpt>
      <trkpt lat="42.664001" lon="-0.303032">
        <ele>1453.823</ele>
        <time>2025-07-06T05:42:03.000Z</time>
      </trkpt>
      <trkpt lat="42.663988" lon="-0.30302">
        <ele>1454.031</ele>
        <time>2025-07-06T05:42:04.000Z</time>
      </trkpt>
      <trkpt lat="42.663972" lon="-0.302998">
        <ele>1454.459</ele>
        <time>2025-07-06T05:42:06.000Z</time>
      </trkpt>
      <trkpt lat="42.663966" lon="-0.302991">
        <ele>1454.815</ele>
        <time>2025-07-06T05:42:08.000Z</time>
      </trkpt>
      <trkpt lat="42.663956" lon="-0.302926">
        <ele>1455.692</ele>
        <time>2025-07-06T05:42:12.000Z</time>
      </trkpt>
      <trkpt lat="42.663935" lon="-0.302897">
        <ele>1456.046</ele>
        <time>2025-07-06T05:42:14.000Z</time>
      </trkpt>
      <trkpt lat="42.663924" lon="-0.302875">
        <ele>1456.841</ele>
        <time>2025-07-06T05:42:17.000Z</time>
      </trkpt>
      <trkpt lat="42.663914" lon="-0.302876">
        <ele>1457.279</ele>
        <time>2025-07-06T05:42:19.000Z</time>
      </trkpt>
      <trkpt lat="42.663895" lon="-0.302876">
        <ele>1457.615</ele>
        <time>2025-07-06T05:42:22.000Z</time>
      </trkpt>
      <trkpt lat="42.663892" lon="-0.302883">
        <ele>1457.665</ele>
        <time>2025-07-06T05:42:25.000Z</time>
      </trkpt>
      <trkpt lat="42.663883" lon="-0.302845">
        <ele>1457.811</ele>
        <time>2025-07-06T05:42:30.000Z</time>
      </trkpt>
      <trkpt lat="42.663888" lon="-0.302811">
        <ele>1458.209</ele>
        <time>2025-07-06T05:42:33.000Z</time>
      </trkpt>
      <trkpt lat="42.663901" lon="-0.302737">
        <ele>1459.043</ele>
        <time>2025-07-06T05:42:37.000Z</time>
      </trkpt>
      <trkpt lat="42.663903" lon="-0.302719">
        <ele>1459.213</ele>
        <time>2025-07-06T05:42:38.000Z</time>
      </trkpt>
      <trkpt lat="42.663893" lon="-0.302634">
        <ele>1460.221</ele>
        <time>2025-07-06T05:42:43.000Z</time>
      </trkpt>
      <trkpt lat="42.663891" lon="-0.302624">
        <ele>1460.489</ele>
        <time>2025-07-06T05:42:44.000Z</time>
      </trkpt>
      <trkpt lat="42.663897" lon="-0.302598">
        <ele>1460.895</ele>
        <time>2025-07-06T05:42:46.000Z</time>
      </trkpt>
      <trkpt lat="42.663897" lon="-0.302579">
        <ele>1461.482</ele>
        <time>2025-07-06T05:42:49.000Z</time>
      </trkpt>
      <trkpt lat="42.663899" lon="-0.302565">
        <ele>1461.656</ele>
        <time>2025-07-06T05:42:50.000Z</time>
      </trkpt>
      <trkpt lat="42.663898" lon="-0.302554">
        <ele>1462.031</ele>
        <time>2025-07-06T05:42:51.000Z</time>
      </trkpt>
      <trkpt lat="42.663879" lon="-0.302512">
        <ele>1462.449</ele>
        <time>2025-07-06T05:42:55.000Z</time>
      </trkpt>
      <trkpt lat="42.663876" lon="-0.302499">
        <ele>1462.628</ele>
        <time>2025-07-06T05:42:56.000Z</time>
      </trkpt>
      <trkpt lat="42.663833" lon="-0.302457">
        <ele>1463.689</ele>
        <time>2025-07-06T05:43:02.000Z</time>
      </trkpt>
      <trkpt lat="42.663821" lon="-0.302455">
        <ele>1463.817</ele>
        <time>2025-07-06T05:43:03.000Z</time>
      </trkpt>
      <trkpt lat="42.663796" lon="-0.30244">
        <ele>1464.409</ele>
        <time>2025-07-06T05:43:06.000Z</time>
      </trkpt>
      <trkpt lat="42.663786" lon="-0.302428">
        <ele>1464.634</ele>
        <time>2025-07-06T05:43:07.000Z</time>
      </trkpt>
      <trkpt lat="42.66377" lon="-0.302384">
        <ele>1465.424</ele>
        <time>2025-07-06T05:43:10.000Z</time>
      </trkpt>
      <trkpt lat="42.663752" lon="-0.302381">
        <ele>1465.472</ele>
        <time>2025-07-06T05:43:11.000Z</time>
      </trkpt>
      <trkpt lat="42.663739" lon="-0.302379">
        <ele>1465.67</ele>
        <time>2025-07-06T05:43:12.000Z</time>
      </trkpt>
      <trkpt lat="42.663729" lon="-0.302368">
        <ele>1466.046</ele>
        <time>2025-07-06T05:43:14.000Z</time>
      </trkpt>
      <trkpt lat="42.663723" lon="-0.302342">
        <ele>1466.863</ele>
        <time>2025-07-06T05:43:19.000Z</time>
      </trkpt>
      <trkpt lat="42.663734" lon="-0.302343">
        <ele>1467.827</ele>
        <time>2025-07-06T05:43:23.000Z</time>
      </trkpt>
      <trkpt lat="42.66373" lon="-0.302347">
        <ele>1468.042</ele>
        <time>2025-07-06T05:43:24.000Z</time>
      </trkpt>
      <trkpt lat="42.663732" lon="-0.302349">
        <ele>1468.67</ele>
        <time>2025-07-06T05:43:26.000Z</time>
      </trkpt>
      <trkpt lat="42.663742" lon="-0.302331">
        <ele>1468.856</ele>
        <time>2025-07-06T05:43:28.000Z</time>
      </trkpt>
      <trkpt lat="42.663783" lon="-0.302309">
        <ele>1470.059</ele>
        <time>2025-07-06T05:43:32.000Z</time>
      </trkpt>
      <trkpt lat="42.663785" lon="-0.302304">
        <ele>1470.214</ele>
        <time>2025-07-06T05:43:33.000Z</time>
      </trkpt>
      <trkpt lat="42.663806" lon="-0.302264">
        <ele>1471.009</ele>
        <time>2025-07-06T05:43:36.000Z</time>
      </trkpt>
      <trkpt lat="42.6638" lon="-0.30223">
        <ele>1472.257</ele>
        <time>2025-07-06T05:43:40.000Z</time>
      </trkpt>
      <trkpt lat="42.663791" lon="-0.302206">
        <ele>1472.847</ele>
        <time>2025-07-06T05:43:42.000Z</time>
      </trkpt>
      <trkpt lat="42.663786" lon="-0.302189">
        <ele>1473.065</ele>
        <time>2025-07-06T05:43:43.000Z</time>
      </trkpt>
      <trkpt lat="42.663785" lon="-0.302184">
        <ele>1473.283</ele>
        <time>2025-07-06T05:43:44.000Z</time>
      </trkpt>
      <trkpt lat="42.663781" lon="-0.302183">
        <ele>1473.849</ele>
        <time>2025-07-06T05:43:47.000Z</time>
      </trkpt>
      <trkpt lat="42.663776" lon="-0.302179">
        <ele>1474.436</ele>
        <time>2025-07-06T05:43:49.000Z</time>
      </trkpt>
      <trkpt lat="42.663782" lon="-0.302194">
        <ele>1475.24</ele>
        <time>2025-07-06T05:43:52.000Z</time>
      </trkpt>
      <trkpt lat="42.663784" lon="-0.302192">
        <ele>1475.435</ele>
        <time>2025-07-06T05:43:53.000Z</time>
      </trkpt>
      <trkpt lat="42.663801" lon="-0.302193">
        <ele>1476.033</ele>
        <time>2025-07-06T05:43:56.000Z</time>
      </trkpt>
      <trkpt lat="42.663807" lon="-0.302196">
        <ele>1476.498</ele>
        <time>2025-07-06T05:43:57.000Z</time>
      </trkpt>
      <trkpt lat="42.663806" lon="-0.302197">
        <ele>1476.415</ele>
        <time>2025-07-06T05:43:58.000Z</time>
      </trkpt>
      <trkpt lat="42.663844" lon="-0.302195">
        <ele>1477.226</ele>
        <time>2025-07-06T05:44:03.000Z</time>
      </trkpt>
      <trkpt lat="42.663861" lon="-0.302185">
        <ele>1477.609</ele>
        <time>2025-07-06T05:44:06.000Z</time>
      </trkpt>
      <trkpt lat="42.66389" lon="-0.302203">
        <ele>1477.821</ele>
        <time>2025-07-06T05:44:09.000Z</time>
      </trkpt>
      <trkpt lat="42.663926" lon="-0.302254">
        <ele>1478.821</ele>
        <time>2025-07-06T05:44:14.000Z</time>
      </trkpt>
      <trkpt lat="42.663924" lon="-0.302273">
        <ele>1479.099</ele>
        <time>2025-07-06T05:44:15.000Z</time>
      </trkpt>
      <trkpt lat="42.663933" lon="-0.302283">
        <ele>1479.467</ele>
        <time>2025-07-06T05:44:17.000Z</time>
      </trkpt>
      <trkpt lat="42.66395" lon="-0.302262">
        <ele>1480.053</ele>
        <time>2025-07-06T05:44:19.000Z</time>
      </trkpt>
      <trkpt lat="42.663953" lon="-0.302257">
        <ele>1480.23</ele>
        <time>2025-07-06T05:44:20.000Z</time>
      </trkpt>
      <trkpt lat="42.663967" lon="-0.302223">
        <ele>1481.094</ele>
        <time>2025-07-06T05:44:24.000Z</time>
      </trkpt>
      <trkpt lat="42.66398" lon="-0.302202">
        <ele>1481.649</ele>
        <time>2025-07-06T05:44:26.000Z</time>
      </trkpt>
      <trkpt lat="42.66399" lon="-0.30215">
        <ele>1482.287</ele>
        <time>2025-07-06T05:44:29.000Z</time>
      </trkpt>
      <trkpt lat="42.663954" lon="-0.302094">
        <ele>1483.048</ele>
        <time>2025-07-06T05:44:32.000Z</time>
      </trkpt>
      <trkpt lat="42.663946" lon="-0.302089">
        <ele>1483.261</ele>
        <time>2025-07-06T05:44:33.000Z</time>
      </trkpt>
      <trkpt lat="42.66395" lon="-0.302062">
        <ele>1483.817</ele>
        <time>2025-07-06T05:44:36.000Z</time>
      </trkpt>
      <trkpt lat="42.663915" lon="-0.30203">
        <ele>1484.409</ele>
        <time>2025-07-06T05:44:39.000Z</time>
      </trkpt>
      <trkpt lat="42.663884" lon="-0.302013">
        <ele>1485.026</ele>
        <time>2025-07-06T05:44:43.000Z</time>
      </trkpt>
      <trkpt lat="42.663877" lon="-0.302001">
        <ele>1485.036</ele>
        <time>2025-07-06T05:44:44.000Z</time>
      </trkpt>
      <trkpt lat="42.663873" lon="-0.301997">
        <ele>1485.434</ele>
        <time>2025-07-06T05:44:46.000Z</time>
      </trkpt>
      <trkpt lat="42.663872" lon="-0.301958">
        <ele>1486.262</ele>
        <time>2025-07-06T05:44:49.000Z</time>
      </trkpt>
      <trkpt lat="42.663871" lon="-0.301938">
        <ele>1486.678</ele>
        <time>2025-07-06T05:44:50.000Z</time>
      </trkpt>
      <trkpt lat="42.663859" lon="-0.301913">
        <ele>1487.285</ele>
        <time>2025-07-06T05:44:53.000Z</time>
      </trkpt>
      <trkpt lat="42.663856" lon="-0.30192">
        <ele>1487.679</ele>
        <time>2025-07-06T05:44:54.000Z</time>
      </trkpt>
      <trkpt lat="42.663857" lon="-0.301922">
        <ele>1487.814</ele>
        <time>2025-07-06T05:44:55.000Z</time>
      </trkpt>
      <trkpt lat="42.663872" lon="-0.301872">
        <ele>1488.872</ele>
        <time>2025-07-06T05:44:59.000Z</time>
      </trkpt>
      <trkpt lat="42.663868" lon="-0.301865">
        <ele>1489.283</ele>
        <time>2025-07-06T05:45:01.000Z</time>
      </trkpt>
      <trkpt lat="42.663855" lon="-0.301862">
        <ele>1489.825</ele>
        <time>2025-07-06T05:45:03.000Z</time>
      </trkpt>
      <trkpt lat="42.66385" lon="-0.301855">
        <ele>1490.017</ele>
        <time>2025-07-06T05:45:04.000Z</time>
      </trkpt>
      <trkpt lat="42.663831" lon="-0.301859">
        <ele>1490.409</ele>
        <time>2025-07-06T05:45:06.000Z</time>
      </trkpt>
      <trkpt lat="42.663825" lon="-0.30186">
        <ele>1491.04</ele>
        <time>2025-07-06T05:45:08.000Z</time>
      </trkpt>
      <trkpt lat="42.663819" lon="-0.301856">
        <ele>1491.01</ele>
        <time>2025-07-06T05:45:09.000Z</time>
      </trkpt>
      <trkpt lat="42.663813" lon="-0.301847">
        <ele>1491.288</ele>
        <time>2025-07-06T05:45:10.000Z</time>
      </trkpt>
      <trkpt lat="42.663759" lon="-0.301824">
        <ele>1491.646</ele>
        <time>2025-07-06T05:45:15.000Z</time>
      </trkpt>
      <trkpt lat="42.663754" lon="-0.301815">
        <ele>1491.692</ele>
        <time>2025-07-06T05:45:20.000Z</time>
      </trkpt>
      <trkpt lat="42.663736" lon="-0.30183">
        <ele>1491.619</ele>
        <time>2025-07-06T05:45:27.000Z</time>
      </trkpt>
      <trkpt lat="42.66374" lon="-0.301823">
        <ele>1491.623</ele>
        <time>2025-07-06T05:45:30.000Z</time>
      </trkpt>
      <trkpt lat="42.663746" lon="-0.301819">
        <ele>1491.688</ele>
        <time>2025-07-06T05:45:35.000Z</time>
      </trkpt>
      <trkpt lat="42.663748" lon="-0.301811">
        <ele>1491.646</ele>
        <time>2025-07-06T05:45:44.000Z</time>
      </trkpt>
      <trkpt lat="42.663748" lon="-0.301811">
        <ele>1492.065</ele>
        <time>2025-07-06T05:45:52.000Z</time>
      </trkpt>
      <trkpt lat="42.663748" lon="-0.301811">
        <ele>1492.668</ele>
        <time>2025-07-06T05:45:54.000Z</time>
      </trkpt>
      <trkpt lat="42.663748" lon="-0.301811">
        <ele>1493.214</ele>
        <time>2025-07-06T05:45:56.000Z</time>
      </trkpt>
      <trkpt lat="42.663748" lon="-0.301811">
        <ele>1494.009</ele>
        <time>2025-07-06T05:45:59.000Z</time>
      </trkpt>
      <trkpt lat="42.663748" lon="-0.30181">
        <ele>1494.478</ele>
        <time>2025-07-06T05:46:00.000Z</time>
      </trkpt>
      <trkpt lat="42.663782" lon="-0.301803">
        <ele>1495.668</ele>
        <time>2025-07-06T05:46:05.000Z</time>
      </trkpt>
      <trkpt lat="42.66382" lon="-0.3018">
        <ele>1496.666</ele>
        <time>2025-07-06T05:46:09.000Z</time>
      </trkpt>
      <trkpt lat="42.663833" lon="-0.301788">
        <ele>1496.814</ele>
        <time>2025-07-06T05:46:10.000Z</time>
      </trkpt>
      <trkpt lat="42.663867" lon="-0.301755">
        <ele>1497.89</ele>
        <time>2025-07-06T05:46:14.000Z</time>
      </trkpt>
      <trkpt lat="42.663894" lon="-0.301744">
        <ele>1499.227</ele>
        <time>2025-07-06T05:46:18.000Z</time>
      </trkpt>
      <trkpt lat="42.663921" lon="-0.301728">
        <ele>1500.421</ele>
        <time>2025-07-06T05:46:22.000Z</time>
      </trkpt>
      <trkpt lat="42.663971" lon="-0.301694">
        <ele>1501.486</ele>
        <time>2025-07-06T05:46:26.000Z</time>
      </trkpt>
      <trkpt lat="42.663977" lon="-0.301697">
        <ele>1501.874</ele>
        <time>2025-07-06T05:46:27.000Z</time>
      </trkpt>
      <trkpt lat="42.663984" lon="-0.301703">
        <ele>1502.067</ele>
        <time>2025-07-06T05:46:28.000Z</time>
      </trkpt>
      <trkpt lat="42.664014" lon="-0.301715">
        <ele>1502.681</ele>
        <time>2025-07-06T05:46:31.000Z</time>
      </trkpt>
      <trkpt lat="42.664021" lon="-0.301719">
        <ele>1503.019</ele>
        <time>2025-07-06T05:46:32.000Z</time>
      </trkpt>
      <trkpt lat="42.664055" lon="-0.301736">
        <ele>1504.009</ele>
        <time>2025-07-06T05:46:36.000Z</time>
      </trkpt>
      <trkpt lat="42.664063" lon="-0.301737">
        <ele>1504.248</ele>
        <time>2025-07-06T05:46:37.000Z</time>
      </trkpt>
      <trkpt lat="42.664075" lon="-0.301707">
        <ele>1505.068</ele>
        <time>2025-07-06T05:46:41.000Z</time>
      </trkpt>
      <trkpt lat="42.664077" lon="-0.301694">
        <ele>1505.456</ele>
        <time>2025-07-06T05:46:42.000Z</time>
      </trkpt>
      <trkpt lat="42.664068" lon="-0.301681">
        <ele>1505.674</ele>
        <time>2025-07-06T05:46:43.000Z</time>
      </trkpt>
      <trkpt lat="42.66407" lon="-0.30166">
        <ele>1506.05</ele>
        <time>2025-07-06T05:46:45.000Z</time>
      </trkpt>
      <trkpt lat="42.664058" lon="-0.301647">
        <ele>1506.487</ele>
        <time>2025-07-06T05:46:47.000Z</time>
      </trkpt>
      <trkpt lat="42.664047" lon="-0.301638">
        <ele>1506.631</ele>
        <time>2025-07-06T05:46:48.000Z</time>
      </trkpt>
      <trkpt lat="42.664039" lon="-0.301627">
        <ele>1507.066</ele>
        <time>2025-07-06T05:46:49.000Z</time>
      </trkpt>
      <trkpt lat="42.664035" lon="-0.301608">
        <ele>1507.424</ele>
        <time>2025-07-06T05:46:51.000Z</time>
      </trkpt>
      <trkpt lat="42.664038" lon="-0.301597">
        <ele>1507.653</ele>
        <time>2025-07-06T05:46:52.000Z</time>
      </trkpt>
      <trkpt lat="42.66404" lon="-0.301582">
        <ele>1507.604</ele>
        <time>2025-07-06T05:46:53.000Z</time>
      </trkpt>
      <trkpt lat="42.664036" lon="-0.301571">
        <ele>1508.014</ele>
        <time>2025-07-06T05:46:55.000Z</time>
      </trkpt>
      <trkpt lat="42.66403" lon="-0.301563">
        <ele>1508.609</ele>
        <time>2025-07-06T05:46:58.000Z</time>
      </trkpt>
      <trkpt lat="42.664037" lon="-0.301558">
        <ele>1508.647</ele>
        <time>2025-07-06T05:46:59.000Z</time>
      </trkpt>
      <trkpt lat="42.664023" lon="-0.301537">
        <ele>1509.837</ele>
        <time>2025-07-06T05:47:03.000Z</time>
      </trkpt>
      <trkpt lat="42.664009" lon="-0.301504">
        <ele>1510.275</ele>
        <time>2025-07-06T05:47:05.000Z</time>
      </trkpt>
      <trkpt lat="42.663957" lon="-0.301495">
        <ele>1510.883</ele>
        <time>2025-07-06T05:47:08.000Z</time>
      </trkpt>
      <trkpt lat="42.66395" lon="-0.301475">
        <ele>1511.489</ele>
        <time>2025-07-06T05:47:10.000Z</time>
      </trkpt>
      <trkpt lat="42.663948" lon="-0.301459">
        <ele>1512.066</ele>
        <time>2025-07-06T05:47:13.000Z</time>
      </trkpt>
      <trkpt lat="42.663932" lon="-0.301452">
        <ele>1512.68</ele>
        <time>2025-07-06T05:47:15.000Z</time>
      </trkpt>
      <trkpt lat="42.663915" lon="-0.301434">
        <ele>1513.025</ele>
        <time>2025-07-06T05:47:18.000Z</time>
      </trkpt>
      <trkpt lat="42.663908" lon="-0.301422">
        <ele>1513.863</ele>
        <time>2025-07-06T05:47:21.000Z</time>
      </trkpt>
      <trkpt lat="42.663922" lon="-0.30142">
        <ele>1514.473</ele>
        <time>2025-07-06T05:47:23.000Z</time>
      </trkpt>
      <trkpt lat="42.663935" lon="-0.301418">
        <ele>1515.285</ele>
        <time>2025-07-06T05:47:27.000Z</time>
      </trkpt>
      <trkpt lat="42.663934" lon="-0.301419">
        <ele>1515.613</ele>
        <time>2025-07-06T05:47:28.000Z</time>
      </trkpt>
      <trkpt lat="42.663939" lon="-0.301413">
        <ele>1516.609</ele>
        <time>2025-07-06T05:47:32.000Z</time>
      </trkpt>
      <trkpt lat="42.663941" lon="-0.301416">
        <ele>1516.699</ele>
        <time>2025-07-06T05:47:33.000Z</time>
      </trkpt>
      <trkpt lat="42.663968" lon="-0.301409">
        <ele>1517.469</ele>
        <time>2025-07-06T05:47:37.000Z</time>
      </trkpt>
      <trkpt lat="42.66397" lon="-0.301409">
        <ele>1517.467</ele>
        <time>2025-07-06T05:47:38.000Z</time>
      </trkpt>
      <trkpt lat="42.663974" lon="-0.301409">
        <ele>1517.645</ele>
        <time>2025-07-06T05:47:39.000Z</time>
      </trkpt>
      <trkpt lat="42.663996" lon="-0.301384">
        <ele>1518.261</ele>
        <time>2025-07-06T05:47:45.000Z</time>
      </trkpt>
      <trkpt lat="42.663999" lon="-0.301386">
        <ele>1518.638</ele>
        <time>2025-07-06T05:47:47.000Z</time>
      </trkpt>
      <trkpt lat="42.664021" lon="-0.301388">
        <ele>1519.622</ele>
        <time>2025-07-06T05:47:52.000Z</time>
      </trkpt>
      <trkpt lat="42.664038" lon="-0.301377">
        <ele>1519.657</ele>
        <time>2025-07-06T05:47:54.000Z</time>
      </trkpt>
      <trkpt lat="42.664061" lon="-0.301344">
        <ele>1519.875</ele>
        <time>2025-07-06T05:47:57.000Z</time>
      </trkpt>
      <trkpt lat="42.66408" lon="-0.301307">
        <ele>1520.865</ele>
        <time>2025-07-06T05:48:01.000Z</time>
      </trkpt>
      <trkpt lat="42.664084" lon="-0.301303">
        <ele>1521.068</ele>
        <time>2025-07-06T05:48:02.000Z</time>
      </trkpt>
      <trkpt lat="42.664091" lon="-0.301294">
        <ele>1522.014</ele>
        <time>2025-07-06T05:48:05.000Z</time>
      </trkpt>
      <trkpt lat="42.664096" lon="-0.301283">
        <ele>1522.209</ele>
        <time>2025-07-06T05:48:13.000Z</time>
      </trkpt>
      <trkpt lat="42.664107" lon="-0.301259">
        <ele>1522.888</ele>
        <time>2025-07-06T05:48:17.000Z</time>
      </trkpt>
      <trkpt lat="42.664109" lon="-0.30125">
        <ele>1523.078</ele>
        <time>2025-07-06T05:48:18.000Z</time>
      </trkpt>
      <trkpt lat="42.664116" lon="-0.301218">
        <ele>1524.296</ele>
        <time>2025-07-06T05:48:23.000Z</time>
      </trkpt>
      <trkpt lat="42.664119" lon="-0.301196">
        <ele>1524.844</ele>
        <time>2025-07-06T05:48:26.000Z</time>
      </trkpt>
      <trkpt lat="42.664121" lon="-0.301188">
        <ele>1525.21</ele>
        <time>2025-07-06T05:48:27.000Z</time>
      </trkpt>
      <trkpt lat="42.664126" lon="-0.301144">
        <ele>1526.277</ele>
        <time>2025-07-06T05:48:31.000Z</time>
      </trkpt>
      <trkpt lat="42.664126" lon="-0.301122">
        <ele>1526.681</ele>
        <time>2025-07-06T05:48:33.000Z</time>
      </trkpt>
      <trkpt lat="42.664123" lon="-0.301117">
        <ele>1527.286</ele>
        <time>2025-07-06T05:48:36.000Z</time>
      </trkpt>
      <trkpt lat="42.664129" lon="-0.301117">
        <ele>1527.474</ele>
        <time>2025-07-06T05:48:41.000Z</time>
      </trkpt>
      <trkpt lat="42.664133" lon="-0.301117">
        <ele>1527.479</ele>
        <time>2025-07-06T05:48:45.000Z</time>
      </trkpt>
      <trkpt lat="42.664133" lon="-0.301117">
        <ele>1527.405</ele>
        <time>2025-07-06T05:48:48.000Z</time>
      </trkpt>
      <trkpt lat="42.66413" lon="-0.301122">
        <ele>1528.025</ele>
        <time>2025-07-06T05:49:03.000Z</time>
      </trkpt>
      <trkpt lat="42.664131" lon="-0.301124">
        <ele>1527.809</ele>
        <time>2025-07-06T05:49:12.000Z</time>
      </trkpt>
      <trkpt lat="42.664131" lon="-0.301125">
        <ele>1527.829</ele>
        <time>2025-07-06T05:49:14.000Z</time>
      </trkpt>
      <trkpt lat="42.664131" lon="-0.301124">
        <ele>1527.889</ele>
        <time>2025-07-06T05:49:16.000Z</time>
      </trkpt>
      <trkpt lat="42.664144" lon="-0.301111">
        <ele>1528.287</ele>
        <time>2025-07-06T05:49:31.000Z</time>
      </trkpt>
      <trkpt lat="42.664145" lon="-0.30111">
        <ele>1528.225</ele>
        <time>2025-07-06T05:49:33.000Z</time>
      </trkpt>
      <trkpt lat="42.664146" lon="-0.301109">
        <ele>1528.431</ele>
        <time>2025-07-06T05:49:35.000Z</time>
      </trkpt>
      <trkpt lat="42.664146" lon="-0.301107">
        <ele>1528.438</ele>
        <time>2025-07-06T05:49:37.000Z</time>
      </trkpt>
      <trkpt lat="42.664148" lon="-0.301096">
        <ele>1528.482</ele>
        <time>2025-07-06T05:49:42.000Z</time>
      </trkpt>
      <trkpt lat="42.66418" lon="-0.301011">
        <ele>1528.637</ele>
        <time>2025-07-06T05:49:57.000Z</time>
      </trkpt>
      <trkpt lat="42.664193" lon="-0.300974">
        <ele>1528.265</ele>
        <time>2025-07-06T05:50:02.000Z</time>
      </trkpt>
      <trkpt lat="42.664193" lon="-0.300975">
        <ele>1528.094</ele>
        <time>2025-07-06T05:50:04.000Z</time>
      </trkpt>
      <trkpt lat="42.664194" lon="-0.300978">
        <ele>1528.057</ele>
        <time>2025-07-06T05:50:07.000Z</time>
      </trkpt>
      <trkpt lat="42.664194" lon="-0.300978">
        <ele>1528.022</ele>
        <time>2025-07-06T05:50:09.000Z</time>
      </trkpt>
      <trkpt lat="42.664204" lon="-0.300959">
        <ele>1527.809</ele>
        <time>2025-07-06T05:50:13.000Z</time>
      </trkpt>
      <trkpt lat="42.664249" lon="-0.300857">
        <ele>1527.411</ele>
        <time>2025-07-06T05:50:21.000Z</time>
      </trkpt>
      <trkpt lat="42.664305" lon="-0.300785">
        <ele>1527.631</ele>
        <time>2025-07-06T05:50:28.000Z</time>
      </trkpt>
      <trkpt lat="42.664328" lon="-0.300707">
        <ele>1527.269</ele>
        <time>2025-07-06T05:50:34.000Z</time>
      </trkpt>
      <trkpt lat="42.664332" lon="-0.300699">
        <ele>1527.217</ele>
        <time>2025-07-06T05:50:35.000Z</time>
      </trkpt>
      <trkpt lat="42.664381" lon="-0.300624">
        <ele>1526.633</ele>
        <time>2025-07-06T05:50:42.000Z</time>
      </trkpt>
      <trkpt lat="42.664412" lon="-0.300547">
        <ele>1526.26</ele>
        <time>2025-07-06T05:50:47.000Z</time>
      </trkpt>
      <trkpt lat="42.664424" lon="-0.300525">
        <ele>1526.034</ele>
        <time>2025-07-06T05:50:48.000Z</time>
      </trkpt>
      <trkpt lat="42.664457" lon="-0.300475">
        <ele>1525.829</ele>
        <time>2025-07-06T05:50:50.000Z</time>
      </trkpt>
      <trkpt lat="42.664479" lon="-0.300409">
        <ele>1525.667</ele>
        <time>2025-07-06T05:50:53.000Z</time>
      </trkpt>
      <trkpt lat="42.664511" lon="-0.300381">
        <ele>1525.678</ele>
        <time>2025-07-06T05:50:55.000Z</time>
      </trkpt>
      <trkpt lat="42.664539" lon="-0.30032">
        <ele>1524.833</ele>
        <time>2025-07-06T05:50:58.000Z</time>
      </trkpt>
      <trkpt lat="42.664537" lon="-0.300261">
        <ele>1524.426</ele>
        <time>2025-07-06T05:51:01.000Z</time>
      </trkpt>
      <trkpt lat="42.664562" lon="-0.300218">
        <ele>1524.409</ele>
        <time>2025-07-06T05:51:03.000Z</time>
      </trkpt>
      <trkpt lat="42.664577" lon="-0.30019">
        <ele>1524.489</ele>
        <time>2025-07-06T05:51:04.000Z</time>
      </trkpt>
      <trkpt lat="42.664611" lon="-0.300111">
        <ele>1524.099</ele>
        <time>2025-07-06T05:51:07.000Z</time>
      </trkpt>
      <trkpt lat="42.664621" lon="-0.300092">
        <ele>1523.837</ele>
        <time>2025-07-06T05:51:08.000Z</time>
      </trkpt>
      <trkpt lat="42.664637" lon="-0.300075">
        <ele>1523.635</ele>
        <time>2025-07-06T05:51:09.000Z</time>
      </trkpt>
      <trkpt lat="42.66472" lon="-0.299981">
        <ele>1523.631</ele>
        <time>2025-07-06T05:51:14.000Z</time>
      </trkpt>
      <trkpt lat="42.664699" lon="-0.299935">
        <ele>1524.218</ele>
        <time>2025-07-06T05:51:17.000Z</time>
      </trkpt>
      <trkpt lat="42.664695" lon="-0.299897">
        <ele>1524.882</ele>
        <time>2025-07-06T05:51:19.000Z</time>
      </trkpt>
      <trkpt lat="42.664704" lon="-0.299871">
        <ele>1525.297</ele>
        <time>2025-07-06T05:51:20.000Z</time>
      </trkpt>
      <trkpt lat="42.664714" lon="-0.299829">
        <ele>1526.055</ele>
        <time>2025-07-06T05:51:23.000Z</time>
      </trkpt>
      <trkpt lat="42.664729" lon="-0.29976">
        <ele>1526.692</ele>
        <time>2025-07-06T05:51:25.000Z</time>
      </trkpt>
      <trkpt lat="42.664727" lon="-0.299699">
        <ele>1527.473</ele>
        <time>2025-07-06T05:51:27.000Z</time>
      </trkpt>
      <trkpt lat="42.664705" lon="-0.299647">
        <ele>1528.42</ele>
        <time>2025-07-06T05:51:31.000Z</time>
      </trkpt>
      <trkpt lat="42.664718" lon="-0.299585">
        <ele>1529.409</ele>
        <time>2025-07-06T05:51:36.000Z</time>
      </trkpt>
      <trkpt lat="42.664729" lon="-0.299543">
        <ele>1530.061</ele>
        <time>2025-07-06T05:51:38.000Z</time>
      </trkpt>
      <trkpt lat="42.664741" lon="-0.299508">
        <ele>1530.661</ele>
        <time>2025-07-06T05:51:41.000Z</time>
      </trkpt>
      <trkpt lat="42.664769" lon="-0.299459">
        <ele>1531.499</ele>
        <time>2025-07-06T05:51:45.000Z</time>
      </trkpt>
      <trkpt lat="42.664776" lon="-0.299444">
        <ele>1531.667</ele>
        <time>2025-07-06T05:51:46.000Z</time>
      </trkpt>
      <trkpt lat="42.664785" lon="-0.29939">
        <ele>1532.273</ele>
        <time>2025-07-06T05:51:49.000Z</time>
      </trkpt>
      <trkpt lat="42.664784" lon="-0.299372">
        <ele>1532.68</ele>
        <time>2025-07-06T05:51:50.000Z</time>
      </trkpt>
      <trkpt lat="42.664784" lon="-0.299351">
        <ele>1532.894</ele>
        <time>2025-07-06T05:51:51.000Z</time>
      </trkpt>
      <trkpt lat="42.664785" lon="-0.29933">
        <ele>1532.819</ele>
        <time>2025-07-06T05:51:52.000Z</time>
      </trkpt>
      <trkpt lat="42.664804" lon="-0.299303">
        <ele>1533.017</ele>
        <time>2025-07-06T05:51:54.000Z</time>
      </trkpt>
      <trkpt lat="42.664816" lon="-0.299209">
        <ele>1533.479</ele>
        <time>2025-07-06T05:51:58.000Z</time>
      </trkpt>
      <trkpt lat="42.66481" lon="-0.299198">
        <ele>1533.405</ele>
        <time>2025-07-06T05:51:59.000Z</time>
      </trkpt>
      <trkpt lat="42.664814" lon="-0.299166">
        <ele>1533.625</ele>
        <time>2025-07-06T05:52:01.000Z</time>
      </trkpt>
      <trkpt lat="42.664826" lon="-0.299124">
        <ele>1533.809</ele>
        <time>2025-07-06T05:52:03.000Z</time>
      </trkpt>
      <trkpt lat="42.664833" lon="-0.299076">
        <ele>1534.079</ele>
        <time>2025-07-06T05:52:06.000Z</time>
      </trkpt>
      <trkpt lat="42.664865" lon="-0.299018">
        <ele>1532.649</ele>
        <time>2025-07-06T05:52:12.000Z</time>
      </trkpt>
      <trkpt lat="42.664861" lon="-0.299008">
        <ele>1532.677</ele>
        <time>2025-07-06T05:52:13.000Z</time>
      </trkpt>
      <trkpt lat="42.664856" lon="-0.298961">
        <ele>1533.415</ele>
        <time>2025-07-06T05:52:19.000Z</time>
      </trkpt>
      <trkpt lat="42.664856" lon="-0.298956">
        <ele>1533.811</ele>
        <time>2025-07-06T05:52:20.000Z</time>
      </trkpt>
      <trkpt lat="42.664852" lon="-0.298906">
        <ele>1534.868</ele>
        <time>2025-07-06T05:52:24.000Z</time>
      </trkpt>
      <trkpt lat="42.664853" lon="-0.29889">
        <ele>1535.272</ele>
        <time>2025-07-06T05:52:26.000Z</time>
      </trkpt>
      <trkpt lat="42.664861" lon="-0.298857">
        <ele>1535.857</ele>
        <time>2025-07-06T05:52:28.000Z</time>
      </trkpt>
      <trkpt lat="42.664857" lon="-0.298722">
        <ele>1536.895</ele>
        <time>2025-07-06T05:52:34.000Z</time>
      </trkpt>
      <trkpt lat="42.66485" lon="-0.298697">
        <ele>1537.095</ele>
        <time>2025-07-06T05:52:35.000Z</time>
      </trkpt>
      <trkpt lat="42.664825" lon="-0.298574">
        <ele>1537.849</ele>
        <time>2025-07-06T05:52:40.000Z</time>
      </trkpt>
      <trkpt lat="42.664823" lon="-0.298569">
        <ele>1538.023</ele>
        <time>2025-07-06T05:52:41.000Z</time>
      </trkpt>
      <trkpt lat="42.664819" lon="-0.298548">
        <ele>1538.609</ele>
        <time>2025-07-06T05:52:43.000Z</time>
      </trkpt>
      <trkpt lat="42.664822" lon="-0.298529">
        <ele>1539.271</ele>
        <time>2025-07-06T05:52:45.000Z</time>
      </trkpt>
      <trkpt lat="42.66483" lon="-0.298461">
        <ele>1540.451</ele>
        <time>2025-07-06T05:52:49.000Z</time>
      </trkpt>
      <trkpt lat="42.664817" lon="-0.298436">
        <ele>1541.299</ele>
        <time>2025-07-06T05:52:51.000Z</time>
      </trkpt>
      <trkpt lat="42.664811" lon="-0.298426">
        <ele>1541.437</ele>
        <time>2025-07-06T05:52:52.000Z</time>
      </trkpt>
      <trkpt lat="42.664847" lon="-0.298356">
        <ele>1542.283</ele>
        <time>2025-07-06T05:52:57.000Z</time>
      </trkpt>
      <trkpt lat="42.664863" lon="-0.298334">
        <ele>1542.62</ele>
        <time>2025-07-06T05:52:59.000Z</time>
      </trkpt>
      <trkpt lat="42.664885" lon="-0.298332">
        <ele>1543.424</ele>
        <time>2025-07-06T05:53:03.000Z</time>
      </trkpt>
      <trkpt lat="42.664879" lon="-0.298325">
        <ele>1543.649</ele>
        <time>2025-07-06T05:53:07.000Z</time>
      </trkpt>
      <trkpt lat="42.664882" lon="-0.298316">
        <ele>1543.617</ele>
        <time>2025-07-06T05:53:11.000Z</time>
      </trkpt>
      <trkpt lat="42.664882" lon="-0.298302">
        <ele>1543.624</ele>
        <time>2025-07-06T05:53:12.000Z</time>
      </trkpt>
      <trkpt lat="42.664881" lon="-0.298275">
        <ele>1544.004</ele>
        <time>2025-07-06T05:53:14.000Z</time>
      </trkpt>
      <trkpt lat="42.664874" lon="-0.298243">
        <ele>1544.814</ele>
        <time>2025-07-06T05:53:17.000Z</time>
      </trkpt>
      <trkpt lat="42.664875" lon="-0.298215">
        <ele>1545.409</ele>
        <time>2025-07-06T05:53:19.000Z</time>
      </trkpt>
      <trkpt lat="42.664873" lon="-0.298182">
        <ele>1546.094</ele>
        <time>2025-07-06T05:53:21.000Z</time>
      </trkpt>
      <trkpt lat="42.664852" lon="-0.298142">
        <ele>1547.294</ele>
        <time>2025-07-06T05:53:25.000Z</time>
      </trkpt>
      <trkpt lat="42.664841" lon="-0.298125">
        <ele>1547.632</ele>
        <time>2025-07-06T05:53:26.000Z</time>
      </trkpt>
      <trkpt lat="42.664823" lon="-0.298086">
        <ele>1548.49</ele>
        <time>2025-07-06T05:53:29.000Z</time>
      </trkpt>
      <trkpt lat="42.664807" lon="-0.29807">
        <ele>1549.256</ele>
        <time>2025-07-06T05:53:31.000Z</time>
      </trkpt>
      <trkpt lat="42.664796" lon="-0.29805">
        <ele>1549.893</ele>
        <time>2025-07-06T05:53:33.000Z</time>
      </trkpt>
      <trkpt lat="42.664788" lon="-0.298034">
        <ele>1550.447</ele>
        <time>2025-07-06T05:53:35.000Z</time>
      </trkpt>
      <trkpt lat="42.66477" lon="-0.298006">
        <ele>1551.082</ele>
        <time>2025-07-06T05:53:37.000Z</time>
      </trkpt>
      <trkpt lat="42.664775" lon="-0.297944">
        <ele>1552.09</ele>
        <time>2025-07-06T05:53:42.000Z</time>
      </trkpt>
      <trkpt lat="42.664779" lon="-0.297941">
        <ele>1552.236</ele>
        <time>2025-07-06T05:53:43.000Z</time>
      </trkpt>
      <trkpt lat="42.6648" lon="-0.297881">
        <ele>1553.017</ele>
        <time>2025-07-06T05:53:47.000Z</time>
      </trkpt>
      <trkpt lat="42.664819" lon="-0.297848">
        <ele>1553.218</ele>
        <time>2025-07-06T05:53:48.000Z</time>
      </trkpt>
      <trkpt lat="42.664834" lon="-0.297777">
        <ele>1554.009</ele>
        <time>2025-07-06T05:53:51.000Z</time>
      </trkpt>
      <trkpt lat="42.664831" lon="-0.297747">
        <ele>1554.415</ele>
        <time>2025-07-06T05:53:53.000Z</time>
      </trkpt>
      <trkpt lat="42.664826" lon="-0.297727">
        <ele>1554.625</ele>
        <time>2025-07-06T05:53:54.000Z</time>
      </trkpt>
      <trkpt lat="42.664811" lon="-0.297635">
        <ele>1555.663</ele>
        <time>2025-07-06T05:53:58.000Z</time>
      </trkpt>
      <trkpt lat="42.664796" lon="-0.297617">
        <ele>1555.821</ele>
        <time>2025-07-06T05:53:59.000Z</time>
      </trkpt>
      <trkpt lat="42.664766" lon="-0.297578">
        <ele>1556.827</ele>
        <time>2025-07-06T05:54:02.000Z</time>
      </trkpt>
      <trkpt lat="42.664754" lon="-0.297559">
        <ele>1557.284</ele>
        <time>2025-07-06T05:54:03.000Z</time>
      </trkpt>
      <trkpt lat="42.664753" lon="-0.29752">
        <ele>1558.018</ele>
        <time>2025-07-06T05:54:05.000Z</time>
      </trkpt>
      <trkpt lat="42.664753" lon="-0.297513">
        <ele>1558.283</ele>
        <time>2025-07-06T05:54:06.000Z</time>
      </trkpt>
      <trkpt lat="42.664753" lon="-0.29751">
        <ele>1558.681</ele>
        <time>2025-07-06T05:54:07.000Z</time>
      </trkpt>
      <trkpt lat="42.664753" lon="-0.297508">
        <ele>1559.251</ele>
        <time>2025-07-06T05:54:09.000Z</time>
      </trkpt>
      <trkpt lat="42.664745" lon="-0.297468">
        <ele>1560.601</ele>
        <time>2025-07-06T05:54:13.000Z</time>
      </trkpt>
      <trkpt lat="42.664739" lon="-0.297457">
        <ele>1560.811</ele>
        <time>2025-07-06T05:54:14.000Z</time>
      </trkpt>
      <trkpt lat="42.664729" lon="-0.297431">
        <ele>1561.809</ele>
        <time>2025-07-06T05:54:17.000Z</time>
      </trkpt>
      <trkpt lat="42.664692" lon="-0.297398">
        <ele>1563.047</ele>
        <time>2025-07-06T05:54:21.000Z</time>
      </trkpt>
      <trkpt lat="42.66467" lon="-0.297378">
        <ele>1563.847</ele>
        <time>2025-07-06T05:54:24.000Z</time>
      </trkpt>
      <trkpt lat="42.664657" lon="-0.297375">
        <ele>1564.215</ele>
        <time>2025-07-06T05:54:25.000Z</time>
      </trkpt>
      <trkpt lat="42.664629" lon="-0.297365">
        <ele>1564.883</ele>
        <time>2025-07-06T05:54:27.000Z</time>
      </trkpt>
      <trkpt lat="42.664615" lon="-0.297301">
        <ele>1565.289</ele>
        <time>2025-07-06T05:54:30.000Z</time>
      </trkpt>
      <trkpt lat="42.664617" lon="-0.297303">
        <ele>1566.286</ele>
        <time>2025-07-06T05:54:33.000Z</time>
      </trkpt>
      <trkpt lat="42.66462" lon="-0.2973">
        <ele>1566.67</ele>
        <time>2025-07-06T05:54:34.000Z</time>
      </trkpt>
      <trkpt lat="42.664627" lon="-0.297274">
        <ele>1567.655</ele>
        <time>2025-07-06T05:54:38.000Z</time>
      </trkpt>
      <trkpt lat="42.664627" lon="-0.297265">
        <ele>1567.633</ele>
        <time>2025-07-06T05:54:39.000Z</time>
      </trkpt>
      <trkpt lat="42.664609" lon="-0.297226">
        <ele>1568.829</ele>
        <time>2025-07-06T05:54:43.000Z</time>
      </trkpt>
      <trkpt lat="42.664573" lon="-0.297206">
        <ele>1569.6</ele>
        <time>2025-07-06T05:54:46.000Z</time>
      </trkpt>
      <trkpt lat="42.664557" lon="-0.297197">
        <ele>1569.82</ele>
        <time>2025-07-06T05:54:47.000Z</time>
      </trkpt>
      <trkpt lat="42.664535" lon="-0.297174">
        <ele>1571.209</ele>
        <time>2025-07-06T05:54:51.000Z</time>
      </trkpt>
      <trkpt lat="42.664526" lon="-0.297149">
        <ele>1572.284</ele>
        <time>2025-07-06T05:54:54.000Z</time>
      </trkpt>
      <trkpt lat="42.66452" lon="-0.297145">
        <ele>1572.454</ele>
        <time>2025-07-06T05:54:55.000Z</time>
      </trkpt>
      <trkpt lat="42.664547" lon="-0.297151">
        <ele>1573.612</ele>
        <time>2025-07-06T05:54:59.000Z</time>
      </trkpt>
      <trkpt lat="42.664548" lon="-0.297133">
        <ele>1574.22</ele>
        <time>2025-07-06T05:55:01.000Z</time>
      </trkpt>
      <trkpt lat="42.664571" lon="-0.297123">
        <ele>1574.856</ele>
        <time>2025-07-06T05:55:03.000Z</time>
      </trkpt>
      <trkpt lat="42.664598" lon="-0.297112">
        <ele>1575.833</ele>
        <time>2025-07-06T05:55:07.000Z</time>
      </trkpt>
      <trkpt lat="42.664614" lon="-0.297113">
        <ele>1576.877</ele>
        <time>2025-07-06T05:55:10.000Z</time>
      </trkpt>
      <trkpt lat="42.664618" lon="-0.297108">
        <ele>1577.032</ele>
        <time>2025-07-06T05:55:11.000Z</time>
      </trkpt>
      <trkpt lat="42.664617" lon="-0.297073">
        <ele>1577.83</ele>
        <time>2025-07-06T05:55:14.000Z</time>
      </trkpt>
      <trkpt lat="42.664614" lon="-0.297069">
        <ele>1578.277</ele>
        <time>2025-07-06T05:55:15.000Z</time>
      </trkpt>
      <trkpt lat="42.664617" lon="-0.297068">
        <ele>1578.661</ele>
        <time>2025-07-06T05:55:17.000Z</time>
      </trkpt>
      <trkpt lat="42.664627" lon="-0.297064">
        <ele>1579.227</ele>
        <time>2025-07-06T05:55:19.000Z</time>
      </trkpt>
      <trkpt lat="42.66464" lon="-0.297056">
        <ele>1579.409</ele>
        <time>2025-07-06T05:55:20.000Z</time>
      </trkpt>
      <trkpt lat="42.664659" lon="-0.29703">
        <ele>1580.649</ele>
        <time>2025-07-06T05:55:24.000Z</time>
      </trkpt>
      <trkpt lat="42.664669" lon="-0.297023">
        <ele>1580.899</ele>
        <time>2025-07-06T05:55:25.000Z</time>
      </trkpt>
      <trkpt lat="42.664667" lon="-0.29699">
        <ele>1581.897</ele>
        <time>2025-07-06T05:55:28.000Z</time>
      </trkpt>
      <trkpt lat="42.664651" lon="-0.296971">
        <ele>1582.425</ele>
        <time>2025-07-06T05:55:31.000Z</time>
      </trkpt>
      <trkpt lat="42.664635" lon="-0.296959">
        <ele>1582.881</ele>
        <time>2025-07-06T05:55:33.000Z</time>
      </trkpt>
      <trkpt lat="42.664603" lon="-0.29692">
        <ele>1583.838</ele>
        <time>2025-07-06T05:55:37.000Z</time>
      </trkpt>
      <trkpt lat="42.664589" lon="-0.296908">
        <ele>1584.462</ele>
        <time>2025-07-06T05:55:39.000Z</time>
      </trkpt>
      <trkpt lat="42.664543" lon="-0.296891">
        <ele>1585.067</ele>
        <time>2025-07-06T05:55:42.000Z</time>
      </trkpt>
      <trkpt lat="42.664529" lon="-0.296857">
        <ele>1586.025</ele>
        <time>2025-07-06T05:55:46.000Z</time>
      </trkpt>
      <trkpt lat="42.664517" lon="-0.296846">
        <ele>1586.491</ele>
        <time>2025-07-06T05:55:47.000Z</time>
      </trkpt>
      <trkpt lat="42.664498" lon="-0.296838">
        <ele>1586.881</ele>
        <time>2025-07-06T05:55:49.000Z</time>
      </trkpt>
      <trkpt lat="42.664492" lon="-0.296833">
        <ele>1587.419</ele>
        <time>2025-07-06T05:55:51.000Z</time>
      </trkpt>
      <trkpt lat="42.664492" lon="-0.296819">
        <ele>1588.009</ele>
        <time>2025-07-06T05:55:53.000Z</time>
      </trkpt>
      <trkpt lat="42.664489" lon="-0.296805">
        <ele>1588.481</ele>
        <time>2025-07-06T05:55:55.000Z</time>
      </trkpt>
      <trkpt lat="42.664487" lon="-0.296808">
        <ele>1588.641</ele>
        <time>2025-07-06T05:55:56.000Z</time>
      </trkpt>
      <trkpt lat="42.664483" lon="-0.296793">
        <ele>1589.219</ele>
        <time>2025-07-06T05:55:58.000Z</time>
      </trkpt>
      <trkpt lat="42.664482" lon="-0.296786">
        <ele>1589.647</ele>
        <time>2025-07-06T05:56:00.000Z</time>
      </trkpt>
      <trkpt lat="42.66448" lon="-0.296787">
        <ele>1590.083</ele>
        <time>2025-07-06T05:56:05.000Z</time>
      </trkpt>
      <trkpt lat="42.664481" lon="-0.296787">
        <ele>1590.06</ele>
        <time>2025-07-06T05:56:19.000Z</time>
      </trkpt>
      <trkpt lat="42.664481" lon="-0.296787">
        <ele>1590.244</ele>
        <time>2025-07-06T05:56:23.000Z</time>
      </trkpt>
      <trkpt lat="42.664481" lon="-0.296783">
        <ele>1590.249</ele>
        <time>2025-07-06T05:56:29.000Z</time>
      </trkpt>
      <trkpt lat="42.664481" lon="-0.296778">
        <ele>1590.287</ele>
        <time>2025-07-06T05:56:36.000Z</time>
      </trkpt>
      <trkpt lat="42.664485" lon="-0.296771">
        <ele>1590.455</ele>
        <time>2025-07-06T05:56:58.000Z</time>
      </trkpt>
      <trkpt lat="42.664485" lon="-0.296771">
        <ele>1590.407</ele>
        <time>2025-07-06T05:57:04.000Z</time>
      </trkpt>
      <trkpt lat="42.664485" lon="-0.296771">
        <ele>1590.617</ele>
        <time>2025-07-06T05:57:15.000Z</time>
      </trkpt>
      <trkpt lat="42.664485" lon="-0.296772">
        <ele>1590.809</ele>
        <time>2025-07-06T05:57:17.000Z</time>
      </trkpt>
      <trkpt lat="42.664492" lon="-0.296771">
        <ele>1590.697</ele>
        <time>2025-07-06T05:57:33.000Z</time>
      </trkpt>
      <trkpt lat="42.664498" lon="-0.296763">
        <ele>1590.857</ele>
        <time>2025-07-06T05:57:37.000Z</time>
      </trkpt>
      <trkpt lat="42.664502" lon="-0.296758">
        <ele>1591.095</ele>
        <time>2025-07-06T05:57:41.000Z</time>
      </trkpt>
      <trkpt lat="42.664503" lon="-0.296754">
        <ele>1591.243</ele>
        <time>2025-07-06T05:57:45.000Z</time>
      </trkpt>
      <trkpt lat="42.664518" lon="-0.296671">
        <ele>1592.019</ele>
        <time>2025-07-06T05:58:07.000Z</time>
      </trkpt>
      <trkpt lat="42.664524" lon="-0.296644">
        <ele>1592.296</ele>
        <time>2025-07-06T05:58:09.000Z</time>
      </trkpt>
      <trkpt lat="42.664535" lon="-0.296614">
        <ele>1592.89</ele>
        <time>2025-07-06T05:58:12.000Z</time>
      </trkpt>
      <trkpt lat="42.664535" lon="-0.296603">
        <ele>1592.855</ele>
        <time>2025-07-06T05:58:13.000Z</time>
      </trkpt>
      <trkpt lat="42.664537" lon="-0.296585">
        <ele>1593.063</ele>
        <time>2025-07-06T05:58:15.000Z</time>
      </trkpt>
      <trkpt lat="42.664542" lon="-0.296575">
        <ele>1593.247</ele>
        <time>2025-07-06T05:58:22.000Z</time>
      </trkpt>
      <trkpt lat="42.664544" lon="-0.296572">
        <ele>1593.229</ele>
        <time>2025-07-06T05:58:23.000Z</time>
      </trkpt>
      <trkpt lat="42.664536" lon="-0.296563">
        <ele>1593.221</ele>
        <time>2025-07-06T05:58:27.000Z</time>
      </trkpt>
      <trkpt lat="42.664519" lon="-0.296526">
        <ele>1593.209</ele>
        <time>2025-07-06T05:58:30.000Z</time>
      </trkpt>
      <trkpt lat="42.664476" lon="-0.296435">
        <ele>1592.086</ele>
        <time>2025-07-06T05:58:38.000Z</time>
      </trkpt>
      <trkpt lat="42.664471" lon="-0.29642">
        <ele>1592.046</ele>
        <time>2025-07-06T05:58:40.000Z</time>
      </trkpt>
      <trkpt lat="42.664461" lon="-0.296379">
        <ele>1592.274</ele>
        <time>2025-07-06T05:58:48.000Z</time>
      </trkpt>
      <trkpt lat="42.664462" lon="-0.296348">
        <ele>1592.412</ele>
        <time>2025-07-06T05:58:53.000Z</time>
      </trkpt>
      <trkpt lat="42.664445" lon="-0.296295">
        <ele>1592.878</ele>
        <time>2025-07-06T05:59:00.000Z</time>
      </trkpt>
      <trkpt lat="42.664439" lon="-0.29628">
        <ele>1592.655</ele>
        <time>2025-07-06T05:59:05.000Z</time>
      </trkpt>
      <trkpt lat="42.664426" lon="-0.296248">
        <ele>1592.669</ele>
        <time>2025-07-06T05:59:13.000Z</time>
      </trkpt>
      <trkpt lat="42.664425" lon="-0.29625">
        <ele>1592.694</ele>
        <time>2025-07-06T05:59:15.000Z</time>
      </trkpt>
      <trkpt lat="42.664426" lon="-0.29625">
        <ele>1592.612</ele>
        <time>2025-07-06T05:59:31.000Z</time>
      </trkpt>
      <trkpt lat="42.664417" lon="-0.296248">
        <ele>1592.814</ele>
        <time>2025-07-06T05:59:39.000Z</time>
      </trkpt>
      <trkpt lat="42.664416" lon="-0.296248">
        <ele>1592.854</ele>
        <time>2025-07-06T05:59:43.000Z</time>
      </trkpt>
      <trkpt lat="42.664415" lon="-0.296248">
        <ele>1592.809</ele>
        <time>2025-07-06T05:59:46.000Z</time>
      </trkpt>
      <trkpt lat="42.664416" lon="-0.296249">
        <ele>1592.809</ele>
        <time>2025-07-06T06:00:00.000Z</time>
      </trkpt>
      <trkpt lat="42.664417" lon="-0.296249">
        <ele>1592.833</ele>
        <time>2025-07-06T06:00:04.000Z</time>
      </trkpt>
      <trkpt lat="42.664419" lon="-0.296252">
        <ele>1593.033</ele>
        <time>2025-07-06T06:00:15.000Z</time>
      </trkpt>
      <trkpt lat="42.664419" lon="-0.296253">
        <ele>1593.031</ele>
        <time>2025-07-06T06:00:19.000Z</time>
      </trkpt>
      <trkpt lat="42.664419" lon="-0.296253">
        <ele>1592.849</ele>
        <time>2025-07-06T06:00:21.000Z</time>
      </trkpt>
      <trkpt lat="42.664419" lon="-0.296253">
        <ele>1592.855</ele>
        <time>2025-07-06T06:00:22.000Z</time>
      </trkpt>
      <trkpt lat="42.664419" lon="-0.296253">
        <ele>1592.892</ele>
        <time>2025-07-06T06:00:24.000Z</time>
      </trkpt>
      <trkpt lat="42.664419" lon="-0.296253">
        <ele>1592.886</ele>
        <time>2025-07-06T06:00:26.000Z</time>
      </trkpt>
      <trkpt lat="42.664421" lon="-0.296254">
        <ele>1593.211</ele>
        <time>2025-07-06T06:00:34.000Z</time>
      </trkpt>
      <trkpt lat="42.664425" lon="-0.29626">
        <ele>1593.059</ele>
        <time>2025-07-06T06:00:45.000Z</time>
      </trkpt>
      <trkpt lat="42.664426" lon="-0.296263">
        <ele>1593.294</ele>
        <time>2025-07-06T06:00:51.000Z</time>
      </trkpt>
      <trkpt lat="42.664429" lon="-0.296267">
        <ele>1593.257</ele>
        <time>2025-07-06T06:00:56.000Z</time>
      </trkpt>
      <trkpt lat="42.664435" lon="-0.296285">
        <ele>1594.222</ele>
        <time>2025-07-06T06:01:04.000Z</time>
      </trkpt>
      <trkpt lat="42.664441" lon="-0.296293">
        <ele>1595.209</ele>
        <time>2025-07-06T06:01:08.000Z</time>
      </trkpt>
      <trkpt lat="42.664455" lon="-0.296295">
        <ele>1596.441</ele>
        <time>2025-07-06T06:01:13.000Z</time>
      </trkpt>
      <trkpt lat="42.664517" lon="-0.296278">
        <ele>1597.491</ele>
        <time>2025-07-06T06:01:26.000Z</time>
      </trkpt>
      <trkpt lat="42.664526" lon="-0.296273">
        <ele>1597.699</ele>
        <time>2025-07-06T06:01:27.000Z</time>
      </trkpt>
      <trkpt lat="42.664568" lon="-0.29626">
        <ele>1598.697</ele>
        <time>2025-07-06T06:01:31.000Z</time>
      </trkpt>
      <trkpt lat="42.664589" lon="-0.296243">
        <ele>1599.493</ele>
        <time>2025-07-06T06:01:34.000Z</time>
      </trkpt>
      <trkpt lat="42.664591" lon="-0.296235">
        <ele>1599.66</ele>
        <time>2025-07-06T06:01:35.000Z</time>
      </trkpt>
      <trkpt lat="42.664598" lon="-0.296222">
        <ele>1599.874</ele>
        <time>2025-07-06T06:01:36.000Z</time>
      </trkpt>
      <trkpt lat="42.664601" lon="-0.296197">
        <ele>1600.259</ele>
        <time>2025-07-06T06:01:38.000Z</time>
      </trkpt>
      <trkpt lat="42.664605" lon="-0.296169">
        <ele>1600.877</ele>
        <time>2025-07-06T06:01:41.000Z</time>
      </trkpt>
      <trkpt lat="42.664626" lon="-0.296119">
        <ele>1601.851</ele>
        <time>2025-07-06T06:01:46.000Z</time>
      </trkpt>
      <trkpt lat="42.664627" lon="-0.296108">
        <ele>1601.801</ele>
        <time>2025-07-06T06:01:47.000Z</time>
      </trkpt>
      <trkpt lat="42.664627" lon="-0.296097">
        <ele>1602.211</ele>
        <time>2025-07-06T06:01:49.000Z</time>
      </trkpt>
      <trkpt lat="42.664626" lon="-0.296076">
        <ele>1602.609</ele>
        <time>2025-07-06T06:01:52.000Z</time>
      </trkpt>
      <trkpt lat="42.664626" lon="-0.296067">
        <ele>1602.847</ele>
        <time>2025-07-06T06:01:53.000Z</time>
      </trkpt>
      <trkpt lat="42.66463" lon="-0.296056">
        <ele>1602.887</ele>
        <time>2025-07-06T06:01:54.000Z</time>
      </trkpt>
      <trkpt lat="42.664646" lon="-0.29603">
        <ele>1604.015</ele>
        <time>2025-07-06T06:01:59.000Z</time>
      </trkpt>
      <trkpt lat="42.664658" lon="-0.296034">
        <ele>1604.633</ele>
        <time>2025-07-06T06:02:02.000Z</time>
      </trkpt>
      <trkpt lat="42.664665" lon="-0.296043">
        <ele>1605.039</ele>
        <time>2025-07-06T06:02:04.000Z</time>
      </trkpt>
      <trkpt lat="42.664672" lon="-0.296055">
        <ele>1605.496</ele>
        <time>2025-07-06T06:02:07.000Z</time>
      </trkpt>
      <trkpt lat="42.664671" lon="-0.296058">
        <ele>1605.62</ele>
        <time>2025-07-06T06:02:10.000Z</time>
      </trkpt>
      <trkpt lat="42.66467" lon="-0.296058">
        <ele>1605.685</ele>
        <time>2025-07-06T06:02:19.000Z</time>
      </trkpt>
      <trkpt lat="42.664671" lon="-0.296057">
        <ele>1605.663</ele>
        <time>2025-07-06T06:02:22.000Z</time>
      </trkpt>
      <trkpt lat="42.664671" lon="-0.296056">
        <ele>1605.649</ele>
        <time>2025-07-06T06:02:23.000Z</time>
      </trkpt>
      <trkpt lat="42.664673" lon="-0.296056">
        <ele>1606.202</ele>
        <time>2025-07-06T06:02:30.000Z</time>
      </trkpt>
      <trkpt lat="42.664751" lon="-0.296052">
        <ele>1606.422</ele>
        <time>2025-07-06T06:02:36.000Z</time>
      </trkpt>
      <trkpt lat="42.664852" lon="-0.296038">
        <ele>1606.809</ele>
        <time>2025-07-06T06:02:42.000Z</time>
      </trkpt>
      <trkpt lat="42.664882" lon="-0.296008">
        <ele>1606.876</ele>
        <time>2025-07-06T06:02:45.000Z</time>
      </trkpt>
      <trkpt lat="42.664974" lon="-0.295946">
        <ele>1607.016</ele>
        <time>2025-07-06T06:02:54.000Z</time>
      </trkpt>
      <trkpt lat="42.665003" lon="-0.295938">
        <ele>1607.054</ele>
        <time>2025-07-06T06:02:57.000Z</time>
      </trkpt>
      <trkpt lat="42.665013" lon="-0.295932">
        <ele>1607.272</ele>
        <time>2025-07-06T06:02:58.000Z</time>
      </trkpt>
      <trkpt lat="42.665033" lon="-0.295916">
        <ele>1607.458</ele>
        <time>2025-07-06T06:03:00.000Z</time>
      </trkpt>
      <trkpt lat="42.665061" lon="-0.295891">
        <ele>1607.425</ele>
        <time>2025-07-06T06:03:03.000Z</time>
      </trkpt>
      <trkpt lat="42.66507" lon="-0.295884">
        <ele>1607.459</ele>
        <time>2025-07-06T06:03:04.000Z</time>
      </trkpt>
      <trkpt lat="42.665086" lon="-0.295873">
        <ele>1607.624</ele>
        <time>2025-07-06T06:03:06.000Z</time>
      </trkpt>
      <trkpt lat="42.665127" lon="-0.295849">
        <ele>1607.832</ele>
        <time>2025-07-06T06:03:10.000Z</time>
      </trkpt>
      <trkpt lat="42.665154" lon="-0.295834">
        <ele>1608.089</ele>
        <time>2025-07-06T06:03:13.000Z</time>
      </trkpt>
      <trkpt lat="42.665173" lon="-0.295818">
        <ele>1608.206</ele>
        <time>2025-07-06T06:03:15.000Z</time>
      </trkpt>
      <trkpt lat="42.665251" lon="-0.295737">
        <ele>1608.826</ele>
        <time>2025-07-06T06:03:24.000Z</time>
      </trkpt>
      <trkpt lat="42.66528" lon="-0.295675">
        <ele>1609.009</ele>
        <time>2025-07-06T06:03:31.000Z</time>
      </trkpt>
      <trkpt lat="42.665296" lon="-0.295669">
        <ele>1609.49</ele>
        <time>2025-07-06T06:03:38.000Z</time>
      </trkpt>
      <trkpt lat="42.665303" lon="-0.295668">
        <ele>1609.66</ele>
        <time>2025-07-06T06:03:39.000Z</time>
      </trkpt>
      <trkpt lat="42.665334" lon="-0.295649">
        <ele>1610.498</ele>
        <time>2025-07-06T06:03:44.000Z</time>
      </trkpt>
      <trkpt lat="42.665355" lon="-0.295637">
        <ele>1611.446</ele>
        <time>2025-07-06T06:03:47.000Z</time>
      </trkpt>
      <trkpt lat="42.665365" lon="-0.295632">
        <ele>1611.632</ele>
        <time>2025-07-06T06:03:48.000Z</time>
      </trkpt>
      <trkpt lat="42.665429" lon="-0.29558">
        <ele>1612.099</ele>
        <time>2025-07-06T06:03:54.000Z</time>
      </trkpt>
      <trkpt lat="42.665457" lon="-0.295534">
        <ele>1611.693</ele>
        <time>2025-07-06T06:03:58.000Z</time>
      </trkpt>
      <trkpt lat="42.665475" lon="-0.295494">
        <ele>1611.088</ele>
        <time>2025-07-06T06:04:01.000Z</time>
      </trkpt>
      <trkpt lat="42.665489" lon="-0.29547">
        <ele>1610.416</ele>
        <time>2025-07-06T06:04:04.000Z</time>
      </trkpt>
      <trkpt lat="42.66553" lon="-0.295429">
        <ele>1610.266</ele>
        <time>2025-07-06T06:04:10.000Z</time>
      </trkpt>
      <trkpt lat="42.665556" lon="-0.295388">
        <ele>1610.029</ele>
        <time>2025-07-06T06:04:16.000Z</time>
      </trkpt>
      <trkpt lat="42.665559" lon="-0.295379">
        <ele>1609.821</ele>
        <time>2025-07-06T06:04:17.000Z</time>
      </trkpt>
      <trkpt lat="42.665565" lon="-0.295342">
        <ele>1609.809</ele>
        <time>2025-07-06T06:04:20.000Z</time>
      </trkpt>
      <trkpt lat="42.665591" lon="-0.295294">
        <ele>1609.898</ele>
        <time>2025-07-06T06:04:25.000Z</time>
      </trkpt>
      <trkpt lat="42.665605" lon="-0.295247">
        <ele>1609.868</ele>
        <time>2025-07-06T06:04:30.000Z</time>
      </trkpt>
      <trkpt lat="42.66562" lon="-0.295225">
        <ele>1610.036</ele>
        <time>2025-07-06T06:04:33.000Z</time>
      </trkpt>
      <trkpt lat="42.665665" lon="-0.295152">
        <ele>1609.864</ele>
        <time>2025-07-06T06:04:39.000Z</time>
      </trkpt>
      <trkpt lat="42.665715" lon="-0.295107">
        <ele>1610.02</ele>
        <time>2025-07-06T06:04:45.000Z</time>
      </trkpt>
      <trkpt lat="42.665765" lon="-0.29504">
        <ele>1610.427</ele>
        <time>2025-07-06T06:04:51.000Z</time>
      </trkpt>
      <trkpt lat="42.665784" lon="-0.295018">
        <ele>1611.291</ele>
        <time>2025-07-06T06:04:55.000Z</time>
      </trkpt>
      <trkpt lat="42.665787" lon="-0.295007">
        <ele>1611.616</ele>
        <time>2025-07-06T06:04:56.000Z</time>
      </trkpt>
      <trkpt lat="42.665807" lon="-0.294987">
        <ele>1611.864</ele>
        <time>2025-07-06T06:04:58.000Z</time>
      </trkpt>
      <trkpt lat="42.665843" lon="-0.294947">
        <ele>1611.859</ele>
        <time>2025-07-06T06:05:02.000Z</time>
      </trkpt>
      <trkpt lat="42.665855" lon="-0.294875">
        <ele>1611.603</ele>
        <time>2025-07-06T06:05:08.000Z</time>
      </trkpt>
      <trkpt lat="42.665851" lon="-0.294863">
        <ele>1611.223</ele>
        <time>2025-07-06T06:05:09.000Z</time>
      </trkpt>
      <trkpt lat="42.665854" lon="-0.294781">
        <ele>1611.409</ele>
        <time>2025-07-06T06:05:15.000Z</time>
      </trkpt>
      <trkpt lat="42.665844" lon="-0.294727">
        <ele>1612.617</ele>
        <time>2025-07-06T06:05:20.000Z</time>
      </trkpt>
      <trkpt lat="42.665846" lon="-0.294688">
        <ele>1613.277</ele>
        <time>2025-07-06T06:05:23.000Z</time>
      </trkpt>
      <trkpt lat="42.665845" lon="-0.294676">
        <ele>1613.415</ele>
        <time>2025-07-06T06:05:24.000Z</time>
      </trkpt>
      <trkpt lat="42.665848" lon="-0.294666">
        <ele>1613.643</ele>
        <time>2025-07-06T06:05:25.000Z</time>
      </trkpt>
      <trkpt lat="42.665846" lon="-0.294656">
        <ele>1614.049</ele>
        <time>2025-07-06T06:05:26.000Z</time>
      </trkpt>
      <trkpt lat="42.66584" lon="-0.294609">
        <ele>1614.616</ele>
        <time>2025-07-06T06:05:29.000Z</time>
      </trkpt>
      <trkpt lat="42.665841" lon="-0.294595">
        <ele>1614.82</ele>
        <time>2025-07-06T06:05:30.000Z</time>
      </trkpt>
      <trkpt lat="42.665839" lon="-0.294567">
        <ele>1615.225</ele>
        <time>2025-07-06T06:05:33.000Z</time>
      </trkpt>
      <trkpt lat="42.665843" lon="-0.294554">
        <ele>1615.423</ele>
        <time>2025-07-06T06:05:34.000Z</time>
      </trkpt>
      <trkpt lat="42.665849" lon="-0.294534">
        <ele>1616.065</ele>
        <time>2025-07-06T06:05:36.000Z</time>
      </trkpt>
      <trkpt lat="42.665852" lon="-0.294489">
        <ele>1617.268</ele>
        <time>2025-07-06T06:05:41.000Z</time>
      </trkpt>
      <trkpt lat="42.665851" lon="-0.294481">
        <ele>1617.414</ele>
        <time>2025-07-06T06:05:42.000Z</time>
      </trkpt>
      <trkpt lat="42.665871" lon="-0.29443">
        <ele>1618.209</ele>
        <time>2025-07-06T06:05:47.000Z</time>
      </trkpt>
      <trkpt lat="42.665863" lon="-0.294421">
        <ele>1618.688</ele>
        <time>2025-07-06T06:05:49.000Z</time>
      </trkpt>
      <trkpt lat="42.665873" lon="-0.294392">
        <ele>1619.488</ele>
        <time>2025-07-06T06:05:53.000Z</time>
      </trkpt>
      <trkpt lat="42.665881" lon="-0.294344">
        <ele>1620.676</ele>
        <time>2025-07-06T06:05:57.000Z</time>
      </trkpt>
      <trkpt lat="42.665882" lon="-0.294333">
        <ele>1620.834</ele>
        <time>2025-07-06T06:05:58.000Z</time>
      </trkpt>
      <trkpt lat="42.665879" lon="-0.294312">
        <ele>1621.28</ele>
        <time>2025-07-06T06:06:00.000Z</time>
      </trkpt>
      <trkpt lat="42.665884" lon="-0.294293">
        <ele>1621.637</ele>
        <time>2025-07-06T06:06:02.000Z</time>
      </trkpt>
      <trkpt lat="42.665897" lon="-0.294293">
        <ele>1622.021</ele>
        <time>2025-07-06T06:06:04.000Z</time>
      </trkpt>
      <trkpt lat="42.665905" lon="-0.294282">
        <ele>1622.886</ele>
        <time>2025-07-06T06:06:07.000Z</time>
      </trkpt>
      <trkpt lat="42.665906" lon="-0.294276">
        <ele>1623.444</ele>
        <time>2025-07-06T06:06:09.000Z</time>
      </trkpt>
      <trkpt lat="42.665912" lon="-0.294247">
        <ele>1624.055</ele>
        <time>2025-07-06T06:06:11.000Z</time>
      </trkpt>
      <trkpt lat="42.665913" lon="-0.294208">
        <ele>1624.607</ele>
        <time>2025-07-06T06:06:14.000Z</time>
      </trkpt>
      <trkpt lat="42.665918" lon="-0.2942">
        <ele>1624.817</ele>
        <time>2025-07-06T06:06:15.000Z</time>
      </trkpt>
      <trkpt lat="42.665919" lon="-0.294186">
        <ele>1625.009</ele>
        <time>2025-07-06T06:06:16.000Z</time>
      </trkpt>
      <trkpt lat="42.665925" lon="-0.294122">
        <ele>1625.867</ele>
        <time>2025-07-06T06:06:20.000Z</time>
      </trkpt>
      <trkpt lat="42.665925" lon="-0.294113">
        <ele>1625.817</ele>
        <time>2025-07-06T06:06:21.000Z</time>
      </trkpt>
      <trkpt lat="42.665926" lon="-0.294096">
        <ele>1625.895</ele>
        <time>2025-07-06T06:06:23.000Z</time>
      </trkpt>
      <trkpt lat="42.665921" lon="-0.294079">
        <ele>1625.653</ele>
        <time>2025-07-06T06:06:25.000Z</time>
      </trkpt>
      <trkpt lat="42.665916" lon="-0.294042">
        <ele>1626.079</ele>
        <time>2025-07-06T06:06:29.000Z</time>
      </trkpt>
      <trkpt lat="42.665921" lon="-0.294037">
        <ele>1626.446</ele>
        <time>2025-07-06T06:06:30.000Z</time>
      </trkpt>
      <trkpt lat="42.665936" lon="-0.293985">
        <ele>1627.46</ele>
        <time>2025-07-06T06:06:35.000Z</time>
      </trkpt>
      <trkpt lat="42.665941" lon="-0.293951">
        <ele>1627.695</ele>
        <time>2025-07-06T06:06:37.000Z</time>
      </trkpt>
      <trkpt lat="42.665941" lon="-0.293937">
        <ele>1627.863</ele>
        <time>2025-07-06T06:06:38.000Z</time>
      </trkpt>
      <trkpt lat="42.66594" lon="-0.293921">
        <ele>1628.233</ele>
        <time>2025-07-06T06:06:42.000Z</time>
      </trkpt>
      <trkpt lat="42.66594" lon="-0.293869">
        <ele>1628.223</ele>
        <time>2025-07-06T06:06:50.000Z</time>
      </trkpt>
      <trkpt lat="42.665938" lon="-0.293863">
        <ele>1628.415</ele>
        <time>2025-07-06T06:06:53.000Z</time>
      </trkpt>
      <trkpt lat="42.665936" lon="-0.29386">
        <ele>1628.409</ele>
        <time>2025-07-06T06:06:57.000Z</time>
      </trkpt>
      <trkpt lat="42.665947" lon="-0.293807">
        <ele>1628.695</ele>
        <time>2025-07-06T06:07:03.000Z</time>
      </trkpt>
      <trkpt lat="42.665945" lon="-0.293804">
        <ele>1628.645</ele>
        <time>2025-07-06T06:07:04.000Z</time>
      </trkpt>
      <trkpt lat="42.665955" lon="-0.293771">
        <ele>1628.873</ele>
        <time>2025-07-06T06:07:12.000Z</time>
      </trkpt>
      <trkpt lat="42.665957" lon="-0.2937">
        <ele>1629.691</ele>
        <time>2025-07-06T06:07:18.000Z</time>
      </trkpt>
      <trkpt lat="42.665952" lon="-0.293674">
        <ele>1630.077</ele>
        <time>2025-07-06T06:07:20.000Z</time>
      </trkpt>
      <trkpt lat="42.665943" lon="-0.293667">
        <ele>1630.054</ele>
        <time>2025-07-06T06:07:21.000Z</time>
      </trkpt>
      <trkpt lat="42.665936" lon="-0.293662">
        <ele>1630.058</ele>
        <time>2025-07-06T06:07:22.000Z</time>
      </trkpt>
      <trkpt lat="42.665935" lon="-0.293641">
        <ele>1630.283</ele>
        <time>2025-07-06T06:07:25.000Z</time>
      </trkpt>
      <trkpt lat="42.665942" lon="-0.293622">
        <ele>1630.831</ele>
        <time>2025-07-06T06:07:27.000Z</time>
      </trkpt>
      <trkpt lat="42.665946" lon="-0.293584">
        <ele>1631.424</ele>
        <time>2025-07-06T06:07:31.000Z</time>
      </trkpt>
      <trkpt lat="42.665921" lon="-0.293574">
        <ele>1630.604</ele>
        <time>2025-07-06T06:07:37.000Z</time>
      </trkpt>
      <trkpt lat="42.665916" lon="-0.293567">
        <ele>1629.814</ele>
        <time>2025-07-06T06:07:43.000Z</time>
      </trkpt>
      <trkpt lat="42.665914" lon="-0.293571">
        <ele>1629.809</ele>
        <time>2025-07-06T06:07:44.000Z</time>
      </trkpt>
      <trkpt lat="42.665931" lon="-0.293565">
        <ele>1629.854</ele>
        <time>2025-07-06T06:07:49.000Z</time>
      </trkpt>
      <trkpt lat="42.665931" lon="-0.293563">
        <ele>1629.814</ele>
        <time>2025-07-06T06:07:51.000Z</time>
      </trkpt>
      <trkpt lat="42.665931" lon="-0.293562">
        <ele>1629.692</ele>
        <time>2025-07-06T06:07:52.000Z</time>
      </trkpt>
      <trkpt lat="42.665929" lon="-0.293562">
        <ele>1629.63</ele>
        <time>2025-07-06T06:07:59.000Z</time>
      </trkpt>
      <trkpt lat="42.665929" lon="-0.293562">
        <ele>1629.616</ele>
        <time>2025-07-06T06:08:03.000Z</time>
      </trkpt>
      <trkpt lat="42.665923" lon="-0.293581">
        <ele>1629.883</ele>
        <time>2025-07-06T06:08:15.000Z</time>
      </trkpt>
      <trkpt lat="42.665917" lon="-0.293601">
        <ele>1629.877</ele>
        <time>2025-07-06T06:08:18.000Z</time>
      </trkpt>
      <trkpt lat="42.665911" lon="-0.293605">
        <ele>1629.872</ele>
        <time>2025-07-06T06:08:19.000Z</time>
      </trkpt>
      <trkpt lat="42.665901" lon="-0.293621">
        <ele>1629.89</ele>
        <time>2025-07-06T06:08:26.000Z</time>
      </trkpt>
      <trkpt lat="42.665902" lon="-0.293621">
        <ele>1629.836</ele>
        <time>2025-07-06T06:08:36.000Z</time>
      </trkpt>
      <trkpt lat="42.665902" lon="-0.293621">
        <ele>1630.017</ele>
        <time>2025-07-06T06:08:38.000Z</time>
      </trkpt>
      <trkpt lat="42.665903" lon="-0.293626">
        <ele>1630.218</ele>
        <time>2025-07-06T06:09:00.000Z</time>
      </trkpt>
      <trkpt lat="42.665903" lon="-0.293626">
        <ele>1630.209</ele>
        <time>2025-07-06T06:09:03.000Z</time>
      </trkpt>
      <trkpt lat="42.665905" lon="-0.293629">
        <ele>1630.255</ele>
        <time>2025-07-06T06:09:12.000Z</time>
      </trkpt>
      <trkpt lat="42.665906" lon="-0.293628">
        <ele>1630.215</ele>
        <time>2025-07-06T06:09:16.000Z</time>
      </trkpt>
      <trkpt lat="42.665907" lon="-0.293626">
        <ele>1630.223</ele>
        <time>2025-07-06T06:09:18.000Z</time>
      </trkpt>
      <trkpt lat="42.66591" lon="-0.293626">
        <ele>1630.461</ele>
        <time>2025-07-06T06:09:25.000Z</time>
      </trkpt>
      <trkpt lat="42.665911" lon="-0.293627">
        <ele>1630.647</ele>
        <time>2025-07-06T06:09:28.000Z</time>
      </trkpt>
      <trkpt lat="42.665912" lon="-0.293629">
        <ele>1630.654</ele>
        <time>2025-07-06T06:09:36.000Z</time>
      </trkpt>
      <trkpt lat="42.66592" lon="-0.293629">
        <ele>1631.278</ele>
        <time>2025-07-06T06:09:41.000Z</time>
      </trkpt>
      <trkpt lat="42.665921" lon="-0.293629">
        <ele>1631.873</ele>
        <time>2025-07-06T06:09:43.000Z</time>
      </trkpt>
      <trkpt lat="42.665921" lon="-0.293629">
        <ele>1632.221</ele>
        <time>2025-07-06T06:09:47.000Z</time>
      </trkpt>
      <trkpt lat="42.665921" lon="-0.293629">
        <ele>1632.454</ele>
        <time>2025-07-06T06:09:48.000Z</time>
      </trkpt>
      <trkpt lat="42.665926" lon="-0.293629">
        <ele>1632.856</ele>
        <time>2025-07-06T06:09:54.000Z</time>
      </trkpt>
      <trkpt lat="42.665932" lon="-0.293615">
        <ele>1633.011</ele>
        <time>2025-07-06T06:09:55.000Z</time>
      </trkpt>
      <trkpt lat="42.665947" lon="-0.293589">
        <ele>1633.009</ele>
        <time>2025-07-06T06:09:56.000Z</time>
      </trkpt>
      <trkpt lat="42.665992" lon="-0.293515">
        <ele>1633.467</ele>
        <time>2025-07-06T06:09:59.000Z</time>
      </trkpt>
      <trkpt lat="42.666053" lon="-0.29342">
        <ele>1634.097</ele>
        <time>2025-07-06T06:10:03.000Z</time>
      </trkpt>
      <trkpt lat="42.66608" lon="-0.293401">
        <ele>1634.255</ele>
        <time>2025-07-06T06:10:05.000Z</time>
      </trkpt>
      <trkpt lat="42.666092" lon="-0.293395">
        <ele>1634.473</ele>
        <time>2025-07-06T06:10:06.000Z</time>
      </trkpt>
      <trkpt lat="42.666122" lon="-0.293364">
        <ele>1635.279</ele>
        <time>2025-07-06T06:10:09.000Z</time>
      </trkpt>
      <trkpt lat="42.666142" lon="-0.293341">
        <ele>1635.676</ele>
        <time>2025-07-06T06:10:11.000Z</time>
      </trkpt>
      <trkpt lat="42.666153" lon="-0.293322">
        <ele>1635.87</ele>
        <time>2025-07-06T06:10:12.000Z</time>
      </trkpt>
      <trkpt lat="42.666178" lon="-0.293251">
        <ele>1635.835</ele>
        <time>2025-07-06T06:10:17.000Z</time>
      </trkpt>
      <trkpt lat="42.666188" lon="-0.293229">
        <ele>1636.063</ele>
        <time>2025-07-06T06:10:19.000Z</time>
      </trkpt>
      <trkpt lat="42.666198" lon="-0.293202">
        <ele>1636.258</ele>
        <time>2025-07-06T06:10:21.000Z</time>
      </trkpt>
      <trkpt lat="42.666227" lon="-0.293154">
        <ele>1637.052</ele>
        <time>2025-07-06T06:10:25.000Z</time>
      </trkpt>
      <trkpt lat="42.666231" lon="-0.293146">
        <ele>1637.217</ele>
        <time>2025-07-06T06:10:26.000Z</time>
      </trkpt>
      <trkpt lat="42.666237" lon="-0.293142">
        <ele>1637.209</ele>
        <time>2025-07-06T06:10:27.000Z</time>
      </trkpt>
      <trkpt lat="42.666242" lon="-0.293133">
        <ele>1637.477</ele>
        <time>2025-07-06T06:10:28.000Z</time>
      </trkpt>
      <trkpt lat="42.666243" lon="-0.29313">
        <ele>1637.667</ele>
        <time>2025-07-06T06:10:29.000Z</time>
      </trkpt>
      <trkpt lat="42.666244" lon="-0.293126">
        <ele>1637.825</ele>
        <time>2025-07-06T06:10:32.000Z</time>
      </trkpt>
      <trkpt lat="42.666255" lon="-0.293098">
        <ele>1637.823</ele>
        <time>2025-07-06T06:10:37.000Z</time>
      </trkpt>
      <trkpt lat="42.666262" lon="-0.293092">
        <ele>1637.889</ele>
        <time>2025-07-06T06:10:38.000Z</time>
      </trkpt>
      <trkpt lat="42.666266" lon="-0.293069">
        <ele>1638.616</ele>
        <time>2025-07-06T06:10:41.000Z</time>
      </trkpt>
      <trkpt lat="42.666267" lon="-0.293052">
        <ele>1639.22</ele>
        <time>2025-07-06T06:10:43.000Z</time>
      </trkpt>
      <trkpt lat="42.666268" lon="-0.293018">
        <ele>1639.895</ele>
        <time>2025-07-06T06:10:46.000Z</time>
      </trkpt>
      <trkpt lat="42.666284" lon="-0.292963">
        <ele>1640.843</ele>
        <time>2025-07-06T06:10:51.000Z</time>
      </trkpt>
      <trkpt lat="42.666308" lon="-0.292909">
        <ele>1642.045</ele>
        <time>2025-07-06T06:10:56.000Z</time>
      </trkpt>
      <trkpt lat="42.666336" lon="-0.292902">
        <ele>1642.647</ele>
        <time>2025-07-06T06:10:59.000Z</time>
      </trkpt>
      <trkpt lat="42.66636" lon="-0.29289">
        <ele>1643.211</ele>
        <time>2025-07-06T06:11:01.000Z</time>
      </trkpt>
      <trkpt lat="42.666396" lon="-0.292865">
        <ele>1643.409</ele>
        <time>2025-07-06T06:11:04.000Z</time>
      </trkpt>
      <trkpt lat="42.666413" lon="-0.29285">
        <ele>1643.496</ele>
        <time>2025-07-06T06:11:05.000Z</time>
      </trkpt>
      <trkpt lat="42.666437" lon="-0.292816">
        <ele>1643.466</ele>
        <time>2025-07-06T06:11:07.000Z</time>
      </trkpt>
      <trkpt lat="42.666476" lon="-0.292784">
        <ele>1643.234</ele>
        <time>2025-07-06T06:11:10.000Z</time>
      </trkpt>
      <trkpt lat="42.666488" lon="-0.292776">
        <ele>1643.232</ele>
        <time>2025-07-06T06:11:11.000Z</time>
      </trkpt>
      <trkpt lat="42.666524" lon="-0.292751">
        <ele>1643.618</ele>
        <time>2025-07-06T06:11:14.000Z</time>
      </trkpt>
      <trkpt lat="42.666549" lon="-0.29273">
        <ele>1644.275</ele>
        <time>2025-07-06T06:11:16.000Z</time>
      </trkpt>
      <trkpt lat="42.666552" lon="-0.292719">
        <ele>1644.499</ele>
        <time>2025-07-06T06:11:17.000Z</time>
      </trkpt>
      <trkpt lat="42.666557" lon="-0.292709">
        <ele>1644.454</ele>
        <time>2025-07-06T06:11:18.000Z</time>
      </trkpt>
      <trkpt lat="42.666566" lon="-0.292708">
        <ele>1644.632</ele>
        <time>2025-07-06T06:11:19.000Z</time>
      </trkpt>
      <trkpt lat="42.666604" lon="-0.292694">
        <ele>1645.471</ele>
        <time>2025-07-06T06:11:21.000Z</time>
      </trkpt>
      <trkpt lat="42.666644" lon="-0.292657">
        <ele>1646.041</ele>
        <time>2025-07-06T06:11:23.000Z</time>
      </trkpt>
      <trkpt lat="42.666643" lon="-0.292636">
        <ele>1646.215</ele>
        <time>2025-07-06T06:11:24.000Z</time>
      </trkpt>
      <trkpt lat="42.666648" lon="-0.292611">
        <ele>1646.409</ele>
        <time>2025-07-06T06:11:25.000Z</time>
      </trkpt>
      <trkpt lat="42.666697" lon="-0.292516">
        <ele>1647.629</ele>
        <time>2025-07-06T06:11:30.000Z</time>
      </trkpt>
      <trkpt lat="42.666725" lon="-0.292453">
        <ele>1648.639</ele>
        <time>2025-07-06T06:11:35.000Z</time>
      </trkpt>
      <trkpt lat="42.66675" lon="-0.292403">
        <ele>1649.277</ele>
        <time>2025-07-06T06:11:39.000Z</time>
      </trkpt>
      <trkpt lat="42.666757" lon="-0.292316">
        <ele>1649.285</ele>
        <time>2025-07-06T06:11:45.000Z</time>
      </trkpt>
      <trkpt lat="42.66676" lon="-0.292291">
        <ele>1649.231</ele>
        <time>2025-07-06T06:11:47.000Z</time>
      </trkpt>
      <trkpt lat="42.666763" lon="-0.292277">
        <ele>1649.278</ele>
        <time>2025-07-06T06:11:48.000Z</time>
      </trkpt>
      <trkpt lat="42.666785" lon="-0.292247">
        <ele>1649.682</ele>
        <time>2025-07-06T06:11:50.000Z</time>
      </trkpt>
      <trkpt lat="42.666797" lon="-0.292237">
        <ele>1649.657</ele>
        <time>2025-07-06T06:11:51.000Z</time>
      </trkpt>
      <trkpt lat="42.666827" lon="-0.292208">
        <ele>1650.435</ele>
        <time>2025-07-06T06:11:55.000Z</time>
      </trkpt>
      <trkpt lat="42.666838" lon="-0.292199">
        <ele>1650.479</ele>
        <time>2025-07-06T06:11:56.000Z</time>
      </trkpt>
      <trkpt lat="42.666875" lon="-0.292165">
        <ele>1650.205</ele>
        <time>2025-07-06T06:11:59.000Z</time>
      </trkpt>
      <trkpt lat="42.666908" lon="-0.292119">
        <ele>1650.025</ele>
        <time>2025-07-06T06:12:01.000Z</time>
      </trkpt>
      <trkpt lat="42.666936" lon="-0.292077">
        <ele>1649.409</ele>
        <time>2025-07-06T06:12:03.000Z</time>
      </trkpt>
      <trkpt lat="42.667035" lon="-0.291929">
        <ele>1650.049</ele>
        <time>2025-07-06T06:12:14.000Z</time>
      </trkpt>
      <trkpt lat="42.667046" lon="-0.291902">
        <ele>1650.639</ele>
        <time>2025-07-06T06:12:17.000Z</time>
      </trkpt>
      <trkpt lat="42.667066" lon="-0.291864">
        <ele>1651.617</ele>
        <time>2025-07-06T06:12:20.000Z</time>
      </trkpt>
      <trkpt lat="42.667063" lon="-0.291856">
        <ele>1652.075</ele>
        <time>2025-07-06T06:12:21.000Z</time>
      </trkpt>
      <trkpt lat="42.667072" lon="-0.291836">
        <ele>1653.021</ele>
        <time>2025-07-06T06:12:24.000Z</time>
      </trkpt>
      <trkpt lat="42.667088" lon="-0.291815">
        <ele>1653.848</ele>
        <time>2025-07-06T06:12:26.000Z</time>
      </trkpt>
      <trkpt lat="42.667111" lon="-0.291784">
        <ele>1654.462</ele>
        <time>2025-07-06T06:12:28.000Z</time>
      </trkpt>
      <trkpt lat="42.667147" lon="-0.29171">
        <ele>1655.627</ele>
        <time>2025-07-06T06:12:32.000Z</time>
      </trkpt>
      <trkpt lat="42.667161" lon="-0.291693">
        <ele>1656.625</ele>
        <time>2025-07-06T06:12:35.000Z</time>
      </trkpt>
      <trkpt lat="42.667184" lon="-0.29169">
        <ele>1657.648</ele>
        <time>2025-07-06T06:12:38.000Z</time>
      </trkpt>
      <trkpt lat="42.667198" lon="-0.291671">
        <ele>1658.861</ele>
        <time>2025-07-06T06:12:42.000Z</time>
      </trkpt>
      <trkpt lat="42.667199" lon="-0.291662">
        <ele>1659.217</ele>
        <time>2025-07-06T06:12:43.000Z</time>
      </trkpt>
      <trkpt lat="42.667215" lon="-0.291633">
        <ele>1660.009</ele>
        <time>2025-07-06T06:12:46.000Z</time>
      </trkpt>
      <trkpt lat="42.667245" lon="-0.291587">
        <ele>1661.246</ele>
        <time>2025-07-06T06:12:51.000Z</time>
      </trkpt>
      <trkpt lat="42.667251" lon="-0.29158">
        <ele>1661.416</ele>
        <time>2025-07-06T06:12:52.000Z</time>
      </trkpt>
      <trkpt lat="42.66728" lon="-0.291542">
        <ele>1662.434</ele>
        <time>2025-07-06T06:12:55.000Z</time>
      </trkpt>
      <trkpt lat="42.667288" lon="-0.291489">
        <ele>1663.242</ele>
        <time>2025-07-06T06:12:59.000Z</time>
      </trkpt>
      <trkpt lat="42.667274" lon="-0.29148">
        <ele>1663.498</ele>
        <time>2025-07-06T06:13:00.000Z</time>
      </trkpt>
      <trkpt lat="42.667239" lon="-0.291443">
        <ele>1664.275</ele>
        <time>2025-07-06T06:13:05.000Z</time>
      </trkpt>
      <trkpt lat="42.667245" lon="-0.29143">
        <ele>1664.629</ele>
        <time>2025-07-06T06:13:07.000Z</time>
      </trkpt>
      <trkpt lat="42.667252" lon="-0.291406">
        <ele>1665.274</ele>
        <time>2025-07-06T06:13:10.000Z</time>
      </trkpt>
      <trkpt lat="42.667256" lon="-0.291392">
        <ele>1665.452</ele>
        <time>2025-07-06T06:13:11.000Z</time>
      </trkpt>
      <trkpt lat="42.667258" lon="-0.29138">
        <ele>1665.854</ele>
        <time>2025-07-06T06:13:12.000Z</time>
      </trkpt>
      <trkpt lat="42.667258" lon="-0.291338">
        <ele>1666.856</ele>
        <time>2025-07-06T06:13:16.000Z</time>
      </trkpt>
      <trkpt lat="42.66726" lon="-0.291309">
        <ele>1667.811</ele>
        <time>2025-07-06T06:13:20.000Z</time>
      </trkpt>
      <trkpt lat="42.667267" lon="-0.291302">
        <ele>1668.209</ele>
        <time>2025-07-06T06:13:21.000Z</time>
      </trkpt>
      <trkpt lat="42.667285" lon="-0.291285">
        <ele>1668.837</ele>
        <time>2025-07-06T06:13:23.000Z</time>
      </trkpt>
      <trkpt lat="42.667293" lon="-0.291277">
        <ele>1669.237</ele>
        <time>2025-07-06T06:13:24.000Z</time>
      </trkpt>
      <trkpt lat="42.667297" lon="-0.291269">
        <ele>1670.055</ele>
        <time>2025-07-06T06:13:26.000Z</time>
      </trkpt>
      <trkpt lat="42.6673" lon="-0.291267">
        <ele>1670.233</ele>
        <time>2025-07-06T06:13:27.000Z</time>
      </trkpt>
      <trkpt lat="42.66731" lon="-0.291256">
        <ele>1670.629</ele>
        <time>2025-07-06T06:13:29.000Z</time>
      </trkpt>
      <trkpt lat="42.667306" lon="-0.291265">
        <ele>1671.496</ele>
        <time>2025-07-06T06:13:31.000Z</time>
      </trkpt>
      <trkpt lat="42.667301" lon="-0.291284">
        <ele>1672.08</ele>
        <time>2025-07-06T06:13:34.000Z</time>
      </trkpt>
      <trkpt lat="42.667306" lon="-0.291301">
        <ele>1672.495</ele>
        <time>2025-07-06T06:13:36.000Z</time>
      </trkpt>
      <trkpt lat="42.667324" lon="-0.291318">
        <ele>1673.623</ele>
        <time>2025-07-06T06:13:42.000Z</time>
      </trkpt>
      <trkpt lat="42.667341" lon="-0.291311">
        <ele>1674.825</ele>
        <time>2025-07-06T06:13:48.000Z</time>
      </trkpt>
      <trkpt lat="42.667351" lon="-0.291342">
        <ele>1675.826</ele>
        <time>2025-07-06T06:13:53.000Z</time>
      </trkpt>
      <trkpt lat="42.667352" lon="-0.291362">
        <ele>1676.808</ele>
        <time>2025-07-06T06:13:56.000Z</time>
      </trkpt>
      <trkpt lat="42.667356" lon="-0.291368">
        <ele>1677.009</ele>
        <time>2025-07-06T06:13:57.000Z</time>
      </trkpt>
      <trkpt lat="42.667375" lon="-0.291353">
        <ele>1678.074</ele>
        <time>2025-07-06T06:14:03.000Z</time>
      </trkpt>
      <trkpt lat="42.667374" lon="-0.291347">
        <ele>1678.254</ele>
        <time>2025-07-06T06:14:04.000Z</time>
      </trkpt>
      <trkpt lat="42.66738" lon="-0.291301">
        <ele>1679.242</ele>
        <time>2025-07-06T06:14:08.000Z</time>
      </trkpt>
      <trkpt lat="42.667388" lon="-0.291257">
        <ele>1680.21</ele>
        <time>2025-07-06T06:14:12.000Z</time>
      </trkpt>
      <trkpt lat="42.667397" lon="-0.291231">
        <ele>1680.826</ele>
        <time>2025-07-06T06:14:14.000Z</time>
      </trkpt>
      <trkpt lat="42.667404" lon="-0.291208">
        <ele>1681.283</ele>
        <time>2025-07-06T06:14:16.000Z</time>
      </trkpt>
      <trkpt lat="42.66741" lon="-0.291202">
        <ele>1681.657</ele>
        <time>2025-07-06T06:14:17.000Z</time>
      </trkpt>
      <trkpt lat="42.667437" lon="-0.29117">
        <ele>1682.422</ele>
        <time>2025-07-06T06:14:21.000Z</time>
      </trkpt>
      <trkpt lat="42.667445" lon="-0.291144">
        <ele>1683.04</ele>
        <time>2025-07-06T06:14:23.000Z</time>
      </trkpt>
      <trkpt lat="42.667453" lon="-0.291115">
        <ele>1683.671</ele>
        <time>2025-07-06T06:14:26.000Z</time>
      </trkpt>
      <trkpt lat="42.667472" lon="-0.291086">
        <ele>1684.241</ele>
        <time>2025-07-06T06:14:29.000Z</time>
      </trkpt>
      <trkpt lat="42.667475" lon="-0.29107">
        <ele>1684.615</ele>
        <time>2025-07-06T06:14:31.000Z</time>
      </trkpt>
      <trkpt lat="42.667493" lon="-0.291024">
        <ele>1685.609</ele>
        <time>2025-07-06T06:14:36.000Z</time>
      </trkpt>
      <trkpt lat="42.667498" lon="-0.291011">
        <ele>1685.879</ele>
        <time>2025-07-06T06:14:37.000Z</time>
      </trkpt>
      <trkpt lat="42.667506" lon="-0.290966">
        <ele>1686.879</ele>
        <time>2025-07-06T06:14:41.000Z</time>
      </trkpt>
      <trkpt lat="42.667513" lon="-0.290937">
        <ele>1687.657</ele>
        <time>2025-07-06T06:14:44.000Z</time>
      </trkpt>
      <trkpt lat="42.667519" lon="-0.290918">
        <ele>1687.845</ele>
        <time>2025-07-06T06:14:46.000Z</time>
      </trkpt>
      <trkpt lat="42.667529" lon="-0.290861">
        <ele>1687.821</ele>
        <time>2025-07-06T06:14:50.000Z</time>
      </trkpt>
      <trkpt lat="42.667547" lon="-0.290821">
        <ele>1687.068</ele>
        <time>2025-07-06T06:14:53.000Z</time>
      </trkpt>
      <trkpt lat="42.66755" lon="-0.29081">
        <ele>1686.682</ele>
        <time>2025-07-06T06:14:54.000Z</time>
      </trkpt>
      <trkpt lat="42.667579" lon="-0.290757">
        <ele>1685.697</ele>
        <time>2025-07-06T06:14:59.000Z</time>
      </trkpt>
      <trkpt lat="42.667605" lon="-0.290739">
        <ele>1684.835</ele>
        <time>2025-07-06T06:15:03.000Z</time>
      </trkpt>
      <trkpt lat="42.667619" lon="-0.290737">
        <ele>1684.459</ele>
        <time>2025-07-06T06:15:04.000Z</time>
      </trkpt>
      <trkpt lat="42.667667" lon="-0.29072">
        <ele>1683.403</ele>
        <time>2025-07-06T06:15:08.000Z</time>
      </trkpt>
      <trkpt lat="42.667694" lon="-0.29072">
        <ele>1683.623</ele>
        <time>2025-07-06T06:15:10.000Z</time>
      </trkpt>
      <trkpt lat="42.667733" lon="-0.290726">
        <ele>1684.609</ele>
        <time>2025-07-06T06:15:15.000Z</time>
      </trkpt>
      <trkpt lat="42.667752" lon="-0.290732">
        <ele>1685.427</ele>
        <time>2025-07-06T06:15:18.000Z</time>
      </trkpt>
      <trkpt lat="42.667749" lon="-0.290729">
        <ele>1685.897</ele>
        <time>2025-07-06T06:15:19.000Z</time>
      </trkpt>
      <trkpt lat="42.667772" lon="-0.290728">
        <ele>1686.635</ele>
        <time>2025-07-06T06:15:22.000Z</time>
      </trkpt>
      <trkpt lat="42.667775" lon="-0.290728">
        <ele>1687.093</ele>
        <time>2025-07-06T06:15:23.000Z</time>
      </trkpt>
      <trkpt lat="42.667772" lon="-0.290718">
        <ele>1687.229</ele>
        <time>2025-07-06T06:15:24.000Z</time>
      </trkpt>
      <trkpt lat="42.667793" lon="-0.290725">
        <ele>1688.096</ele>
        <time>2025-07-06T06:15:27.000Z</time>
      </trkpt>
      <trkpt lat="42.667802" lon="-0.290716">
        <ele>1689.21</ele>
        <time>2025-07-06T06:15:30.000Z</time>
      </trkpt>
      <trkpt lat="42.667802" lon="-0.290713">
        <ele>1689.685</ele>
        <time>2025-07-06T06:15:32.000Z</time>
      </trkpt>
      <trkpt lat="42.667808" lon="-0.290696">
        <ele>1690.213</ele>
        <time>2025-07-06T06:15:37.000Z</time>
      </trkpt>
      <trkpt lat="42.667827" lon="-0.290672">
        <ele>1690.464</ele>
        <time>2025-07-06T06:15:40.000Z</time>
      </trkpt>
      <trkpt lat="42.667847" lon="-0.290682">
        <ele>1691.406</ele>
        <time>2025-07-06T06:15:45.000Z</time>
      </trkpt>
      <trkpt lat="42.667854" lon="-0.290679">
        <ele>1691.416</ele>
        <time>2025-07-06T06:15:46.000Z</time>
      </trkpt>
      <trkpt lat="42.667933" lon="-0.290632">
        <ele>1692.409</ele>
        <time>2025-07-06T06:15:53.000Z</time>
      </trkpt>
      <trkpt lat="42.667941" lon="-0.290624">
        <ele>1692.468</ele>
        <time>2025-07-06T06:15:54.000Z</time>
      </trkpt>
      <trkpt lat="42.667947" lon="-0.290612">
        <ele>1692.428</ele>
        <time>2025-07-06T06:15:55.000Z</time>
      </trkpt>
      <trkpt lat="42.66798" lon="-0.290546">
        <ele>1692.256</ele>
        <time>2025-07-06T06:16:00.000Z</time>
      </trkpt>
      <trkpt lat="42.668019" lon="-0.290475">
        <ele>1693.444</ele>
        <time>2025-07-06T06:16:06.000Z</time>
      </trkpt>
      <trkpt lat="42.668025" lon="-0.290453">
        <ele>1694.28</ele>
        <time>2025-07-06T06:16:09.000Z</time>
      </trkpt>
      <trkpt lat="42.668029" lon="-0.290436">
        <ele>1694.667</ele>
        <time>2025-07-06T06:16:10.000Z</time>
      </trkpt>
      <trkpt lat="42.66803" lon="-0.290391">
        <ele>1695.071</ele>
        <time>2025-07-06T06:16:13.000Z</time>
      </trkpt>
      <trkpt lat="42.668051" lon="-0.290346">
        <ele>1695.476</ele>
        <time>2025-07-06T06:16:16.000Z</time>
      </trkpt>
      <trkpt lat="42.668053" lon="-0.290335">
        <ele>1695.664</ele>
        <time>2025-07-06T06:16:17.000Z</time>
      </trkpt>
      <trkpt lat="42.668059" lon="-0.290285">
        <ele>1696.635</ele>
        <time>2025-07-06T06:16:22.000Z</time>
      </trkpt>
      <trkpt lat="42.668067" lon="-0.290264">
        <ele>1697.086</ele>
        <time>2025-07-06T06:16:24.000Z</time>
      </trkpt>
      <trkpt lat="42.66808" lon="-0.290225">
        <ele>1697.814</ele>
        <time>2025-07-06T06:16:28.000Z</time>
      </trkpt>
      <trkpt lat="42.668086" lon="-0.290215">
        <ele>1698.209</ele>
        <time>2025-07-06T06:16:30.000Z</time>
      </trkpt>
      <trkpt lat="42.668092" lon="-0.290188">
        <ele>1698.495</ele>
        <time>2025-07-06T06:16:33.000Z</time>
      </trkpt>
      <trkpt lat="42.668079" lon="-0.290123">
        <ele>1698.065</ele>
        <time>2025-07-06T06:16:37.000Z</time>
      </trkpt>
      <trkpt lat="42.668035" lon="-0.290015">
        <ele>1697.233</ele>
        <time>2025-07-06T06:16:44.000Z</time>
      </trkpt>
      <trkpt lat="42.668039" lon="-0.28988">
        <ele>1697.681</ele>
        <time>2025-07-06T06:16:52.000Z</time>
      </trkpt>
      <trkpt lat="42.668043" lon="-0.289848">
        <ele>1697.647</ele>
        <time>2025-07-06T06:16:54.000Z</time>
      </trkpt>
      <trkpt lat="42.668036" lon="-0.289715">
        <ele>1697.054</ele>
        <time>2025-07-06T06:17:02.000Z</time>
      </trkpt>
      <trkpt lat="42.668037" lon="-0.289688">
        <ele>1697.058</ele>
        <time>2025-07-06T06:17:04.000Z</time>
      </trkpt>
      <trkpt lat="42.668049" lon="-0.289671">
        <ele>1697.223</ele>
        <time>2025-07-06T06:17:06.000Z</time>
      </trkpt>
      <trkpt lat="42.668061" lon="-0.289654">
        <ele>1697.671</ele>
        <time>2025-07-06T06:17:08.000Z</time>
      </trkpt>
      <trkpt lat="42.668062" lon="-0.289608">
        <ele>1698.265</ele>
        <time>2025-07-06T06:17:12.000Z</time>
      </trkpt>
      <trkpt lat="42.668061" lon="-0.289567">
        <ele>1698.668</ele>
        <time>2025-07-06T06:17:15.000Z</time>
      </trkpt>
      <trkpt lat="42.668059" lon="-0.289553">
        <ele>1699.014</ele>
        <time>2025-07-06T06:17:18.000Z</time>
      </trkpt>
      <trkpt lat="42.668056" lon="-0.289549">
        <ele>1699.609</ele>
        <time>2025-07-06T06:17:20.000Z</time>
      </trkpt>
      <trkpt lat="42.668056" lon="-0.289551">
        <ele>1699.828</ele>
        <time>2025-07-06T06:17:21.000Z</time>
      </trkpt>
      <trkpt lat="42.668056" lon="-0.289546">
        <ele>1700.068</ele>
        <time>2025-07-06T06:17:22.000Z</time>
      </trkpt>
      <trkpt lat="42.668056" lon="-0.289526">
        <ele>1701.096</ele>
        <time>2025-07-06T06:17:26.000Z</time>
      </trkpt>
      <trkpt lat="42.668057" lon="-0.28952">
        <ele>1701.254</ele>
        <time>2025-07-06T06:17:27.000Z</time>
      </trkpt>
      <trkpt lat="42.668056" lon="-0.289517">
        <ele>1701.27</ele>
        <time>2025-07-06T06:17:29.000Z</time>
      </trkpt>
      <trkpt lat="42.668048" lon="-0.289481">
        <ele>1701.057</ele>
        <time>2025-07-06T06:17:35.000Z</time>
      </trkpt>
      <trkpt lat="42.668045" lon="-0.289475">
        <ele>1700.861</ele>
        <time>2025-07-06T06:17:36.000Z</time>
      </trkpt>
      <trkpt lat="42.66804" lon="-0.289456">
        <ele>1700.866</ele>
        <time>2025-07-06T06:17:39.000Z</time>
      </trkpt>
      <trkpt lat="42.668035" lon="-0.289431">
        <ele>1700.834</ele>
        <time>2025-07-06T06:17:42.000Z</time>
      </trkpt>
      <trkpt lat="42.667986" lon="-0.289458">
        <ele>1701.274</ele>
        <time>2025-07-06T06:17:47.000Z</time>
      </trkpt>
      <trkpt lat="42.66795" lon="-0.289482">
        <ele>1701.456</ele>
        <time>2025-07-06T06:17:53.000Z</time>
      </trkpt>
      <trkpt lat="42.667918" lon="-0.289483">
        <ele>1700.221</ele>
        <time>2025-07-06T06:17:57.000Z</time>
      </trkpt>
      <trkpt lat="42.667905" lon="-0.289491">
        <ele>1700.009</ele>
        <time>2025-07-06T06:17:58.000Z</time>
      </trkpt>
      <trkpt lat="42.667867" lon="-0.289487">
        <ele>1698.859</ele>
        <time>2025-07-06T06:18:02.000Z</time>
      </trkpt>
      <trkpt lat="42.667845" lon="-0.28949">
        <ele>1697.639</ele>
        <time>2025-07-06T06:18:05.000Z</time>
      </trkpt>
      <trkpt lat="42.667813" lon="-0.289467">
        <ele>1696.227</ele>
        <time>2025-07-06T06:18:09.000Z</time>
      </trkpt>
      <trkpt lat="42.667772" lon="-0.289475">
        <ele>1695.425</ele>
        <time>2025-07-06T06:18:11.000Z</time>
      </trkpt>
      <trkpt lat="42.66776" lon="-0.289474">
        <ele>1695.081</ele>
        <time>2025-07-06T06:18:12.000Z</time>
      </trkpt>
      <trkpt lat="42.667717" lon="-0.289435">
        <ele>1694.038</ele>
        <time>2025-07-06T06:18:16.000Z</time>
      </trkpt>
      <trkpt lat="42.667703" lon="-0.28941">
        <ele>1694.032</ele>
        <time>2025-07-06T06:18:18.000Z</time>
      </trkpt>
      <trkpt lat="42.667678" lon="-0.289403">
        <ele>1694.827</ele>
        <time>2025-07-06T06:18:22.000Z</time>
      </trkpt>
      <trkpt lat="42.667675" lon="-0.289405">
        <ele>1695.015</ele>
        <time>2025-07-06T06:18:23.000Z</time>
      </trkpt>
      <trkpt lat="42.667665" lon="-0.289395">
        <ele>1695.672</ele>
        <time>2025-07-06T06:18:29.000Z</time>
      </trkpt>
      <trkpt lat="42.667666" lon="-0.289395">
        <ele>1695.613</ele>
        <time>2025-07-06T06:18:36.000Z</time>
      </trkpt>
      <trkpt lat="42.667658" lon="-0.289324">
        <ele>1696.214</ele>
        <time>2025-07-06T06:18:49.000Z</time>
      </trkpt>
      <trkpt lat="42.667654" lon="-0.289309">
        <ele>1696.209</ele>
        <time>2025-07-06T06:18:50.000Z</time>
      </trkpt>
      <trkpt lat="42.667625" lon="-0.289197">
        <ele>1697.069</ele>
        <time>2025-07-06T06:18:56.000Z</time>
      </trkpt>
      <trkpt lat="42.667624" lon="-0.289183">
        <ele>1697.229</ele>
        <time>2025-07-06T06:18:57.000Z</time>
      </trkpt>
      <trkpt lat="42.667615" lon="-0.28916">
        <ele>1697.637</ele>
        <time>2025-07-06T06:18:59.000Z</time>
      </trkpt>
      <trkpt lat="42.667619" lon="-0.289147">
        <ele>1698.015</ele>
        <time>2025-07-06T06:19:00.000Z</time>
      </trkpt>
      <trkpt lat="42.667615" lon="-0.289133">
        <ele>1698.421</ele>
        <time>2025-07-06T06:19:02.000Z</time>
      </trkpt>
      <trkpt lat="42.667593" lon="-0.289121">
        <ele>1699.498</ele>
        <time>2025-07-06T06:19:06.000Z</time>
      </trkpt>
      <trkpt lat="42.667588" lon="-0.289112">
        <ele>1699.682</ele>
        <time>2025-07-06T06:19:07.000Z</time>
      </trkpt>
      <trkpt lat="42.667583" lon="-0.28909">
        <ele>1700.427</ele>
        <time>2025-07-06T06:19:10.000Z</time>
      </trkpt>
      <trkpt lat="42.667581" lon="-0.28908">
        <ele>1700.875</ele>
        <time>2025-07-06T06:19:11.000Z</time>
      </trkpt>
      <trkpt lat="42.667577" lon="-0.289071">
        <ele>1701.411</ele>
        <time>2025-07-06T06:19:13.000Z</time>
      </trkpt>
      <trkpt lat="42.66758" lon="-0.289063">
        <ele>1701.821</ele>
        <time>2025-07-06T06:19:15.000Z</time>
      </trkpt>
      <trkpt lat="42.667572" lon="-0.289043">
        <ele>1702.803</ele>
        <time>2025-07-06T06:19:19.000Z</time>
      </trkpt>
      <trkpt lat="42.667562" lon="-0.289046">
        <ele>1702.809</ele>
        <time>2025-07-06T06:19:20.000Z</time>
      </trkpt>
      <trkpt lat="42.667555" lon="-0.289039">
        <ele>1703.063</ele>
        <time>2025-07-06T06:19:24.000Z</time>
      </trkpt>
      <trkpt lat="42.667554" lon="-0.289016">
        <ele>1704.013</ele>
        <time>2025-07-06T06:19:29.000Z</time>
      </trkpt>
      <trkpt lat="42.667534" lon="-0.288972">
        <ele>1705.051</ele>
        <time>2025-07-06T06:19:33.000Z</time>
      </trkpt>
      <trkpt lat="42.667506" lon="-0.288937">
        <ele>1706.269</ele>
        <time>2025-07-06T06:19:38.000Z</time>
      </trkpt>
      <trkpt lat="42.667507" lon="-0.288874">
        <ele>1706.435</ele>
        <time>2025-07-06T06:19:42.000Z</time>
      </trkpt>
      <trkpt lat="42.667502" lon="-0.288841">
        <ele>1706.432</ele>
        <time>2025-07-06T06:19:45.000Z</time>
      </trkpt>
      <trkpt lat="42.667486" lon="-0.288744">
        <ele>1705.616</ele>
        <time>2025-07-06T06:19:52.000Z</time>
      </trkpt>
      <trkpt lat="42.66746" lon="-0.288682">
        <ele>1705.231</ele>
        <time>2025-07-06T06:19:56.000Z</time>
      </trkpt>
      <trkpt lat="42.667442" lon="-0.288662">
        <ele>1704.689</ele>
        <time>2025-07-06T06:19:59.000Z</time>
      </trkpt>
      <trkpt lat="42.667426" lon="-0.288627">
        <ele>1704.227</ele>
        <time>2025-07-06T06:20:02.000Z</time>
      </trkpt>
      <trkpt lat="42.667404" lon="-0.288587">
        <ele>1703.868</ele>
        <time>2025-07-06T06:20:06.000Z</time>
      </trkpt>
      <trkpt lat="42.667386" lon="-0.288557">
        <ele>1703.014</ele>
        <time>2025-07-06T06:20:10.000Z</time>
      </trkpt>
      <trkpt lat="42.667381" lon="-0.288547">
        <ele>1703.009</ele>
        <time>2025-07-06T06:20:11.000Z</time>
      </trkpt>
      <trkpt lat="42.667375" lon="-0.288536">
        <ele>1702.844</ele>
        <time>2025-07-06T06:20:12.000Z</time>
      </trkpt>
      <trkpt lat="42.667372" lon="-0.288525">
        <ele>1702.494</ele>
        <time>2025-07-06T06:20:13.000Z</time>
      </trkpt>
      <trkpt lat="42.667367" lon="-0.288508">
        <ele>1702.232</ele>
        <time>2025-07-06T06:20:14.000Z</time>
      </trkpt>
      <trkpt lat="42.667363" lon="-0.288499">
        <ele>1702.09</ele>
        <time>2025-07-06T06:20:15.000Z</time>
      </trkpt>
      <trkpt lat="42.667336" lon="-0.288451">
        <ele>1701.216</ele>
        <time>2025-07-06T06:20:20.000Z</time>
      </trkpt>
      <trkpt lat="42.667332" lon="-0.288439">
        <ele>1701.013</ele>
        <time>2025-07-06T06:20:21.000Z</time>
      </trkpt>
      <trkpt lat="42.66733" lon="-0.288431">
        <ele>1700.877</ele>
        <time>2025-07-06T06:20:22.000Z</time>
      </trkpt>
      <trkpt lat="42.667328" lon="-0.288387">
        <ele>1700.042</ele>
        <time>2025-07-06T06:20:26.000Z</time>
      </trkpt>
      <trkpt lat="42.667326" lon="-0.288321">
        <ele>1698.67</ele>
        <time>2025-07-06T06:20:30.000Z</time>
      </trkpt>
      <trkpt lat="42.667324" lon="-0.288295">
        <ele>1698.272</ele>
        <time>2025-07-06T06:20:32.000Z</time>
      </trkpt>
      <trkpt lat="42.667321" lon="-0.288268">
        <ele>1697.613</ele>
        <time>2025-07-06T06:20:35.000Z</time>
      </trkpt>
      <trkpt lat="42.667321" lon="-0.288231">
        <ele>1696.814</ele>
        <time>2025-07-06T06:20:39.000Z</time>
      </trkpt>
      <trkpt lat="42.667317" lon="-0.288218">
        <ele>1696.209</ele>
        <time>2025-07-06T06:20:41.000Z</time>
      </trkpt>
      <trkpt lat="42.66731" lon="-0.288177">
        <ele>1695.059</ele>
        <time>2025-07-06T06:20:46.000Z</time>
      </trkpt>
      <trkpt lat="42.667298" lon="-0.288145">
        <ele>1694.089</ele>
        <time>2025-07-06T06:20:49.000Z</time>
      </trkpt>
      <trkpt lat="42.667286" lon="-0.288104">
        <ele>1693.077</ele>
        <time>2025-07-06T06:20:52.000Z</time>
      </trkpt>
      <trkpt lat="42.667286" lon="-0.288059">
        <ele>1692.455</ele>
        <time>2025-07-06T06:20:55.000Z</time>
      </trkpt>
      <trkpt lat="42.667283" lon="-0.288051">
        <ele>1692.281</ele>
        <time>2025-07-06T06:20:56.000Z</time>
      </trkpt>
      <trkpt lat="42.667283" lon="-0.288032">
        <ele>1691.838</ele>
        <time>2025-07-06T06:20:58.000Z</time>
      </trkpt>
      <trkpt lat="42.667286" lon="-0.287998">
        <ele>1691.612</ele>
        <time>2025-07-06T06:21:01.000Z</time>
      </trkpt>
      <trkpt lat="42.667273" lon="-0.287966">
        <ele>1691.617</ele>
        <time>2025-07-06T06:21:04.000Z</time>
      </trkpt>
      <trkpt lat="42.667243" lon="-0.287919">
        <ele>1690.865</ele>
        <time>2025-07-06T06:21:11.000Z</time>
      </trkpt>
      <trkpt lat="42.667237" lon="-0.287915">
        <ele>1690.627</ele>
        <time>2025-07-06T06:21:12.000Z</time>
      </trkpt>
      <trkpt lat="42.667215" lon="-0.28789">
        <ele>1689.668</ele>
        <time>2025-07-06T06:21:16.000Z</time>
      </trkpt>
      <trkpt lat="42.667203" lon="-0.287882">
        <ele>1689.214</ele>
        <time>2025-07-06T06:21:18.000Z</time>
      </trkpt>
      <trkpt lat="42.667195" lon="-0.287866">
        <ele>1688.609</ele>
        <time>2025-07-06T06:21:20.000Z</time>
      </trkpt>
      <trkpt lat="42.667187" lon="-0.287857">
        <ele>1688.444</ele>
        <time>2025-07-06T06:21:21.000Z</time>
      </trkpt>
      <trkpt lat="42.667172" lon="-0.287858">
        <ele>1688.254</ele>
        <time>2025-07-06T06:21:22.000Z</time>
      </trkpt>
      <trkpt lat="42.667162" lon="-0.287852">
        <ele>1688.262</ele>
        <time>2025-07-06T06:21:23.000Z</time>
      </trkpt>
      <trkpt lat="42.667129" lon="-0.287841">
        <ele>1687.43</ele>
        <time>2025-07-06T06:21:27.000Z</time>
      </trkpt>
      <trkpt lat="42.667114" lon="-0.287855">
        <ele>1687.096</ele>
        <time>2025-07-06T06:21:30.000Z</time>
      </trkpt>
      <trkpt lat="42.667086" lon="-0.287859">
        <ele>1686.413</ele>
        <time>2025-07-06T06:21:33.000Z</time>
      </trkpt>
      <trkpt lat="42.667058" lon="-0.287866">
        <ele>1685.637</ele>
        <time>2025-07-06T06:21:35.000Z</time>
      </trkpt>
      <trkpt lat="42.667051" lon="-0.287869">
        <ele>1685.082</ele>
        <time>2025-07-06T06:21:36.000Z</time>
      </trkpt>
      <trkpt lat="42.667045" lon="-0.287852">
        <ele>1684.44</ele>
        <time>2025-07-06T06:21:40.000Z</time>
      </trkpt>
      <trkpt lat="42.666994" lon="-0.287849">
        <ele>1683.895</ele>
        <time>2025-07-06T06:21:45.000Z</time>
      </trkpt>
      <trkpt lat="42.666982" lon="-0.287826">
        <ele>1683.249</ele>
        <time>2025-07-06T06:21:49.000Z</time>
      </trkpt>
      <trkpt lat="42.666977" lon="-0.287777">
        <ele>1682.623</ele>
        <time>2025-07-06T06:21:52.000Z</time>
      </trkpt>
      <trkpt lat="42.666979" lon="-0.287759">
        <ele>1682.409</ele>
        <time>2025-07-06T06:21:53.000Z</time>
      </trkpt>
      <trkpt lat="42.666991" lon="-0.287649">
        <ele>1681.661</ele>
        <time>2025-07-06T06:21:59.000Z</time>
      </trkpt>
      <trkpt lat="42.666982" lon="-0.287581">
        <ele>1681.281</ele>
        <time>2025-07-06T06:22:03.000Z</time>
      </trkpt>
      <trkpt lat="42.666985" lon="-0.287562">
        <ele>1681.219</ele>
        <time>2025-07-06T06:22:04.000Z</time>
      </trkpt>
      <trkpt lat="42.666977" lon="-0.287432">
        <ele>1680.817</ele>
        <time>2025-07-06T06:22:12.000Z</time>
      </trkpt>
      <trkpt lat="42.666995" lon="-0.287355">
        <ele>1680.653</ele>
        <time>2025-07-06T06:22:16.000Z</time>
      </trkpt>
      <trkpt lat="42.667005" lon="-0.287315">
        <ele>1680.68</ele>
        <time>2025-07-06T06:22:18.000Z</time>
      </trkpt>
      <trkpt lat="42.667022" lon="-0.287241">
        <ele>1680.434</ele>
        <time>2025-07-06T06:22:22.000Z</time>
      </trkpt>
      <trkpt lat="42.667036" lon="-0.287177">
        <ele>1680.689</ele>
        <time>2025-07-06T06:22:26.000Z</time>
      </trkpt>
      <trkpt lat="42.667042" lon="-0.287092">
        <ele>1680.267</ele>
        <time>2025-07-06T06:22:32.000Z</time>
      </trkpt>
      <trkpt lat="42.667043" lon="-0.287063">
        <ele>1679.895</ele>
        <time>2025-07-06T06:22:34.000Z</time>
      </trkpt>
      <trkpt lat="42.667041" lon="-0.287051">
        <ele>1679.649</ele>
        <time>2025-07-06T06:22:35.000Z</time>
      </trkpt>
      <trkpt lat="42.667044" lon="-0.287039">
        <ele>1679.423</ele>
        <time>2025-07-06T06:22:36.000Z</time>
      </trkpt>
      <trkpt lat="42.667036" lon="-0.287009">
        <ele>1679.009</ele>
        <time>2025-07-06T06:22:38.000Z</time>
      </trkpt>
      <trkpt lat="42.667034" lon="-0.286988">
        <ele>1678.861</ele>
        <time>2025-07-06T06:22:44.000Z</time>
      </trkpt>
      <trkpt lat="42.66703" lon="-0.286981">
        <ele>1678.861</ele>
        <time>2025-07-06T06:22:47.000Z</time>
      </trkpt>
      <trkpt lat="42.66703" lon="-0.286975">
        <ele>1678.819</ele>
        <time>2025-07-06T06:22:48.000Z</time>
      </trkpt>
      <trkpt lat="42.66702" lon="-0.286929">
        <ele>1678.627</ele>
        <time>2025-07-06T06:22:51.000Z</time>
      </trkpt>
      <trkpt lat="42.667049" lon="-0.28678">
        <ele>1679.613</ele>
        <time>2025-07-06T06:22:57.000Z</time>
      </trkpt>
      <trkpt lat="42.667024" lon="-0.286632">
        <ele>1679.26</ele>
        <time>2025-07-06T06:23:06.000Z</time>
      </trkpt>
      <trkpt lat="42.667029" lon="-0.286526">
        <ele>1678.844</ele>
        <time>2025-07-06T06:23:13.000Z</time>
      </trkpt>
      <trkpt lat="42.66703" lon="-0.286513">
        <ele>1679.069</ele>
        <time>2025-07-06T06:23:14.000Z</time>
      </trkpt>
      <trkpt lat="42.667029" lon="-0.286471">
        <ele>1679.677</ele>
        <time>2025-07-06T06:23:18.000Z</time>
      </trkpt>
      <trkpt lat="42.667028" lon="-0.286452">
        <ele>1680.021</ele>
        <time>2025-07-06T06:23:20.000Z</time>
      </trkpt>
      <trkpt lat="42.667029" lon="-0.286427">
        <ele>1680.641</ele>
        <time>2025-07-06T06:23:23.000Z</time>
      </trkpt>
      <trkpt lat="42.667033" lon="-0.286407">
        <ele>1680.805</ele>
        <time>2025-07-06T06:23:25.000Z</time>
      </trkpt>
      <trkpt lat="42.667036" lon="-0.286369">
        <ele>1681.809</ele>
        <time>2025-07-06T06:23:29.000Z</time>
      </trkpt>
      <trkpt lat="42.667035" lon="-0.286356">
        <ele>1682.014</ele>
        <time>2025-07-06T06:23:30.000Z</time>
      </trkpt>
      <trkpt lat="42.667013" lon="-0.286323">
        <ele>1682.214</ele>
        <time>2025-07-06T06:23:33.000Z</time>
      </trkpt>
      <trkpt lat="42.667003" lon="-0.286321">
        <ele>1682.232</ele>
        <time>2025-07-06T06:23:34.000Z</time>
      </trkpt>
      <trkpt lat="42.666991" lon="-0.286317">
        <ele>1682.23</ele>
        <time>2025-07-06T06:23:35.000Z</time>
      </trkpt>
      <trkpt lat="42.666987" lon="-0.286305">
        <ele>1682.226</ele>
        <time>2025-07-06T06:23:36.000Z</time>
      </trkpt>
      <trkpt lat="42.666966" lon="-0.2863">
        <ele>1682.263</ele>
        <time>2025-07-06T06:23:38.000Z</time>
      </trkpt>
      <trkpt lat="42.666939" lon="-0.2863">
        <ele>1682.467</ele>
        <time>2025-07-06T06:23:40.000Z</time>
      </trkpt>
      <trkpt lat="42.666928" lon="-0.286298">
        <ele>1682.472</ele>
        <time>2025-07-06T06:23:41.000Z</time>
      </trkpt>
      <trkpt lat="42.666911" lon="-0.286295">
        <ele>1682.65</ele>
        <time>2025-07-06T06:23:43.000Z</time>
      </trkpt>
      <trkpt lat="42.666916" lon="-0.286293">
        <ele>1682.859</ele>
        <time>2025-07-06T06:23:45.000Z</time>
      </trkpt>
      <trkpt lat="42.666905" lon="-0.286284">
        <ele>1682.803</ele>
        <time>2025-07-06T06:23:46.000Z</time>
      </trkpt>
      <trkpt lat="42.666881" lon="-0.286256">
        <ele>1682.823</ele>
        <time>2025-07-06T06:23:48.000Z</time>
      </trkpt>
      <trkpt lat="42.666857" lon="-0.286255">
        <ele>1683.009</ele>
        <time>2025-07-06T06:23:50.000Z</time>
      </trkpt>
      <trkpt lat="42.666848" lon="-0.286221">
        <ele>1683.457</ele>
        <time>2025-07-06T06:23:52.000Z</time>
      </trkpt>
      <trkpt lat="42.666807" lon="-0.286197">
        <ele>1683.857</ele>
        <time>2025-07-06T06:23:56.000Z</time>
      </trkpt>
      <trkpt lat="42.666796" lon="-0.286191">
        <ele>1683.825</ele>
        <time>2025-07-06T06:23:57.000Z</time>
      </trkpt>
      <trkpt lat="42.666767" lon="-0.286165">
        <ele>1684.213</ele>
        <time>2025-07-06T06:24:01.000Z</time>
      </trkpt>
      <trkpt lat="42.666738" lon="-0.286153">
        <ele>1685.029</ele>
        <time>2025-07-06T06:24:04.000Z</time>
      </trkpt>
      <trkpt lat="42.666716" lon="-0.286155">
        <ele>1685.456</ele>
        <time>2025-07-06T06:24:06.000Z</time>
      </trkpt>
      <trkpt lat="42.666698" lon="-0.286161">
        <ele>1685.83</ele>
        <time>2025-07-06T06:24:07.000Z</time>
      </trkpt>
      <trkpt lat="42.666663" lon="-0.286162">
        <ele>1686.455</ele>
        <time>2025-07-06T06:24:09.000Z</time>
      </trkpt>
      <trkpt lat="42.666633" lon="-0.286152">
        <ele>1687.453</ele>
        <time>2025-07-06T06:24:13.000Z</time>
      </trkpt>
      <trkpt lat="42.666604" lon="-0.286126">
        <ele>1688.279</ele>
        <time>2025-07-06T06:24:16.000Z</time>
      </trkpt>
      <trkpt lat="42.666595" lon="-0.286118">
        <ele>1688.405</ele>
        <time>2025-07-06T06:24:17.000Z</time>
      </trkpt>
      <trkpt lat="42.666592" lon="-0.286086">
        <ele>1688.825</ele>
        <time>2025-07-06T06:24:19.000Z</time>
      </trkpt>
      <trkpt lat="42.666603" lon="-0.286053">
        <ele>1689.009</ele>
        <time>2025-07-06T06:24:20.000Z</time>
      </trkpt>
      <trkpt lat="42.666607" lon="-0.286032">
        <ele>1689.099</ele>
        <time>2025-07-06T06:24:21.000Z</time>
      </trkpt>
      <trkpt lat="42.666603" lon="-0.285998">
        <ele>1689.659</ele>
        <time>2025-07-06T06:24:23.000Z</time>
      </trkpt>
      <trkpt lat="42.666589" lon="-0.285976">
        <ele>1690.087</ele>
        <time>2025-07-06T06:24:25.000Z</time>
      </trkpt>
      <trkpt lat="42.666584" lon="-0.285966">
        <ele>1690.255</ele>
        <time>2025-07-06T06:24:26.000Z</time>
      </trkpt>
      <trkpt lat="42.666574" lon="-0.285962">
        <ele>1690.651</ele>
        <time>2025-07-06T06:24:27.000Z</time>
      </trkpt>
      <trkpt lat="42.666533" lon="-0.285949">
        <ele>1691.438</ele>
        <time>2025-07-06T06:24:30.000Z</time>
      </trkpt>
      <trkpt lat="42.666536" lon="-0.285943">
        <ele>1691.662</ele>
        <time>2025-07-06T06:24:31.000Z</time>
      </trkpt>
      <trkpt lat="42.66653" lon="-0.285939">
        <ele>1692.037</ele>
        <time>2025-07-06T06:24:32.000Z</time>
      </trkpt>
      <trkpt lat="42.666527" lon="-0.285885">
        <ele>1692.635</ele>
        <time>2025-07-06T06:24:35.000Z</time>
      </trkpt>
      <trkpt lat="42.666536" lon="-0.285844">
        <ele>1693.442</ele>
        <time>2025-07-06T06:24:38.000Z</time>
      </trkpt>
      <trkpt lat="42.666527" lon="-0.285851">
        <ele>1693.822</ele>
        <time>2025-07-06T06:24:40.000Z</time>
      </trkpt>
      <trkpt lat="42.666523" lon="-0.285852">
        <ele>1694.214</ele>
        <time>2025-07-06T06:24:41.000Z</time>
      </trkpt>
      <trkpt lat="42.666516" lon="-0.285855">
        <ele>1694.209</ele>
        <time>2025-07-06T06:24:42.000Z</time>
      </trkpt>
      <trkpt lat="42.666501" lon="-0.285829">
        <ele>1695.086</ele>
        <time>2025-07-06T06:24:45.000Z</time>
      </trkpt>
      <trkpt lat="42.666495" lon="-0.285818">
        <ele>1695.636</ele>
        <time>2025-07-06T06:24:48.000Z</time>
      </trkpt>
      <trkpt lat="42.66649" lon="-0.285788">
        <ele>1696.454</ele>
        <time>2025-07-06T06:24:51.000Z</time>
      </trkpt>
      <trkpt lat="42.666482" lon="-0.285783">
        <ele>1697.022</ele>
        <time>2025-07-06T06:24:54.000Z</time>
      </trkpt>
      <trkpt lat="42.66648" lon="-0.28577">
        <ele>1697.468</ele>
        <time>2025-07-06T06:24:56.000Z</time>
      </trkpt>
      <trkpt lat="42.666478" lon="-0.285728">
        <ele>1698.045</ele>
        <time>2025-07-06T06:24:59.000Z</time>
      </trkpt>
      <trkpt lat="42.666475" lon="-0.285694">
        <ele>1698.439</ele>
        <time>2025-07-06T06:25:01.000Z</time>
      </trkpt>
      <trkpt lat="42.666453" lon="-0.285665">
        <ele>1699.044</ele>
        <time>2025-07-06T06:25:04.000Z</time>
      </trkpt>
      <trkpt lat="42.666441" lon="-0.285658">
        <ele>1699.292</ele>
        <time>2025-07-06T06:25:05.000Z</time>
      </trkpt>
      <trkpt lat="42.66641" lon="-0.28564">
        <ele>1699.846</ele>
        <time>2025-07-06T06:25:07.000Z</time>
      </trkpt>
      <trkpt lat="42.666407" lon="-0.285623">
        <ele>1700.088</ele>
        <time>2025-07-06T06:25:08.000Z</time>
      </trkpt>
      <trkpt lat="42.666399" lon="-0.285612">
        <ele>1700.016</ele>
        <time>2025-07-06T06:25:09.000Z</time>
      </trkpt>
      <trkpt lat="42.666403" lon="-0.285475">
        <ele>1700.609</ele>
        <time>2025-07-06T06:25:14.000Z</time>
      </trkpt>
      <trkpt lat="42.666401" lon="-0.285469">
        <ele>1701.056</ele>
        <time>2025-07-06T06:25:15.000Z</time>
      </trkpt>
      <trkpt lat="42.666383" lon="-0.285378">
        <ele>1702.096</ele>
        <time>2025-07-06T06:25:19.000Z</time>
      </trkpt>
      <trkpt lat="42.66638" lon="-0.285348">
        <ele>1702.464</ele>
        <time>2025-07-06T06:25:21.000Z</time>
      </trkpt>
      <trkpt lat="42.666367" lon="-0.285322">
        <ele>1703.012</ele>
        <time>2025-07-06T06:25:23.000Z</time>
      </trkpt>
      <trkpt lat="42.666369" lon="-0.285316">
        <ele>1703.268</ele>
        <time>2025-07-06T06:25:24.000Z</time>
      </trkpt>
      <trkpt lat="42.666362" lon="-0.285314">
        <ele>1703.445</ele>
        <time>2025-07-06T06:25:25.000Z</time>
      </trkpt>
      <trkpt lat="42.666362" lon="-0.285308">
        <ele>1703.619</ele>
        <time>2025-07-06T06:25:26.000Z</time>
      </trkpt>
      <trkpt lat="42.666324" lon="-0.285354">
        <ele>1703.624</ele>
        <time>2025-07-06T06:25:30.000Z</time>
      </trkpt>
      <trkpt lat="42.66628" lon="-0.285373">
        <ele>1703.832</ele>
        <time>2025-07-06T06:25:33.000Z</time>
      </trkpt>
      <trkpt lat="42.666271" lon="-0.285381">
        <ele>1704.096</ele>
        <time>2025-07-06T06:25:37.000Z</time>
      </trkpt>
      <trkpt lat="42.666266" lon="-0.285393">
        <ele>1704.231</ele>
        <time>2025-07-06T06:25:40.000Z</time>
      </trkpt>
      <trkpt lat="42.666253" lon="-0.285421">
        <ele>1704.624</ele>
        <time>2025-07-06T06:25:42.000Z</time>
      </trkpt>
      <trkpt lat="42.66624" lon="-0.285424">
        <ele>1705.409</ele>
        <time>2025-07-06T06:25:45.000Z</time>
      </trkpt>
      <trkpt lat="42.666224" lon="-0.285422">
        <ele>1706.211</ele>
        <time>2025-07-06T06:25:47.000Z</time>
      </trkpt>
      <trkpt lat="42.666198" lon="-0.285429">
        <ele>1706.681</ele>
        <time>2025-07-06T06:25:49.000Z</time>
      </trkpt>
      <trkpt lat="42.666179" lon="-0.285403">
        <ele>1707.649</ele>
        <time>2025-07-06T06:25:53.000Z</time>
      </trkpt>
      <trkpt lat="42.666181" lon="-0.285391">
        <ele>1707.877</ele>
        <time>2025-07-06T06:25:54.000Z</time>
      </trkpt>
      <trkpt lat="42.666178" lon="-0.285363">
        <ele>1708.673</ele>
        <time>2025-07-06T06:25:56.000Z</time>
      </trkpt>
      <trkpt lat="42.666172" lon="-0.285352">
        <ele>1708.69</ele>
        <time>2025-07-06T06:25:57.000Z</time>
      </trkpt>
      <trkpt lat="42.66617" lon="-0.285281">
        <ele>1709.424</ele>
        <time>2025-07-06T06:26:00.000Z</time>
      </trkpt>
      <trkpt lat="42.666166" lon="-0.285274">
        <ele>1709.849</ele>
        <time>2025-07-06T06:26:01.000Z</time>
      </trkpt>
      <trkpt lat="42.666157" lon="-0.285276">
        <ele>1710.077</ele>
        <time>2025-07-06T06:26:02.000Z</time>
      </trkpt>
      <trkpt lat="42.666158" lon="-0.285248">
        <ele>1710.435</ele>
        <time>2025-07-06T06:26:04.000Z</time>
      </trkpt>
      <trkpt lat="42.666159" lon="-0.285244">
        <ele>1710.886</ele>
        <time>2025-07-06T06:26:05.000Z</time>
      </trkpt>
      <trkpt lat="42.66614" lon="-0.285233">
        <ele>1711.614</ele>
        <time>2025-07-06T06:26:08.000Z</time>
      </trkpt>
      <trkpt lat="42.666136" lon="-0.28522">
        <ele>1712.009</ele>
        <time>2025-07-06T06:26:09.000Z</time>
      </trkpt>
      <trkpt lat="42.666124" lon="-0.285209">
        <ele>1712.475</ele>
        <time>2025-07-06T06:26:11.000Z</time>
      </trkpt>
      <trkpt lat="42.666117" lon="-0.2852">
        <ele>1713.075</ele>
        <time>2025-07-06T06:26:13.000Z</time>
      </trkpt>
      <trkpt lat="42.666091" lon="-0.28519">
        <ele>1714.093</ele>
        <time>2025-07-06T06:26:18.000Z</time>
      </trkpt>
      <trkpt lat="42.666103" lon="-0.285178">
        <ele>1714.431</ele>
        <time>2025-07-06T06:26:19.000Z</time>
      </trkpt>
      <trkpt lat="42.666129" lon="-0.285166">
        <ele>1714.877</ele>
        <time>2025-07-06T06:26:21.000Z</time>
      </trkpt>
      <trkpt lat="42.66613" lon="-0.285171">
        <ele>1715.014</ele>
        <time>2025-07-06T06:26:22.000Z</time>
      </trkpt>
      <trkpt lat="42.66614" lon="-0.285187">
        <ele>1715.888</ele>
        <time>2025-07-06T06:26:24.000Z</time>
      </trkpt>
      <trkpt lat="42.666146" lon="-0.285194">
        <ele>1716.023</ele>
        <time>2025-07-06T06:26:25.000Z</time>
      </trkpt>
      <trkpt lat="42.666147" lon="-0.285195">
        <ele>1716.431</ele>
        <time>2025-07-06T06:26:26.000Z</time>
      </trkpt>
      <trkpt lat="42.66615" lon="-0.285191">
        <ele>1716.685</ele>
        <time>2025-07-06T06:26:27.000Z</time>
      </trkpt>
      <trkpt lat="42.66616" lon="-0.285179">
        <ele>1717.289</ele>
        <time>2025-07-06T06:26:29.000Z</time>
      </trkpt>
      <trkpt lat="42.666164" lon="-0.285175">
        <ele>1717.417</ele>
        <time>2025-07-06T06:26:30.000Z</time>
      </trkpt>
      <trkpt lat="42.66617" lon="-0.285157">
        <ele>1718.009</ele>
        <time>2025-07-06T06:26:32.000Z</time>
      </trkpt>
      <trkpt lat="42.666174" lon="-0.285144">
        <ele>1718.86</ele>
        <time>2025-07-06T06:26:34.000Z</time>
      </trkpt>
      <trkpt lat="42.666186" lon="-0.285126">
        <ele>1720.02</ele>
        <time>2025-07-06T06:26:38.000Z</time>
      </trkpt>
      <trkpt lat="42.666191" lon="-0.285121">
        <ele>1720.638</ele>
        <time>2025-07-06T06:26:41.000Z</time>
      </trkpt>
      <trkpt lat="42.666198" lon="-0.28512">
        <ele>1720.886</ele>
        <time>2025-07-06T06:26:42.000Z</time>
      </trkpt>
      <trkpt lat="42.666203" lon="-0.28512">
        <ele>1721.272</ele>
        <time>2025-07-06T06:26:43.000Z</time>
      </trkpt>
      <trkpt lat="42.666201" lon="-0.285115">
        <ele>1721.849</ele>
        <time>2025-07-06T06:26:46.000Z</time>
      </trkpt>
      <trkpt lat="42.666216" lon="-0.285103">
        <ele>1722.463</ele>
        <time>2025-07-06T06:26:48.000Z</time>
      </trkpt>
      <trkpt lat="42.666233" lon="-0.285081">
        <ele>1723.498</ele>
        <time>2025-07-06T06:26:52.000Z</time>
      </trkpt>
      <trkpt lat="42.666256" lon="-0.285058">
        <ele>1724.876</ele>
        <time>2025-07-06T06:26:57.000Z</time>
      </trkpt>
      <trkpt lat="42.666282" lon="-0.285055">
        <ele>1726.232</ele>
        <time>2025-07-06T06:27:02.000Z</time>
      </trkpt>
      <trkpt lat="42.666299" lon="-0.28507">
        <ele>1726.692</ele>
        <time>2025-07-06T06:27:04.000Z</time>
      </trkpt>
      <trkpt lat="42.66633" lon="-0.285066">
        <ele>1727.411</ele>
        <time>2025-07-06T06:27:09.000Z</time>
      </trkpt>
      <trkpt lat="42.666347" lon="-0.285045">
        <ele>1728.409</ele>
        <time>2025-07-06T06:27:13.000Z</time>
      </trkpt>
      <trkpt lat="42.666356" lon="-0.285047">
        <ele>1728.665</ele>
        <time>2025-07-06T06:27:14.000Z</time>
      </trkpt>
      <trkpt lat="42.666385" lon="-0.285055">
        <ele>1729.435</ele>
        <time>2025-07-06T06:27:19.000Z</time>
      </trkpt>
      <trkpt lat="42.666394" lon="-0.285031">
        <ele>1730.463</ele>
        <time>2025-07-06T06:27:24.000Z</time>
      </trkpt>
      <trkpt lat="42.666396" lon="-0.285031">
        <ele>1730.861</ele>
        <time>2025-07-06T06:27:25.000Z</time>
      </trkpt>
      <trkpt lat="42.666434" lon="-0.284983">
        <ele>1731.697</ele>
        <time>2025-07-06T06:27:29.000Z</time>
      </trkpt>
      <trkpt lat="42.666477" lon="-0.284954">
        <ele>1732.434</ele>
        <time>2025-07-06T06:27:32.000Z</time>
      </trkpt>
      <trkpt lat="42.666491" lon="-0.284948">
        <ele>1732.618</ele>
        <time>2025-07-06T06:27:33.000Z</time>
      </trkpt>
      <trkpt lat="42.666542" lon="-0.284911">
        <ele>1733.663</ele>
        <time>2025-07-06T06:27:37.000Z</time>
      </trkpt>
      <trkpt lat="42.666573" lon="-0.284905">
        <ele>1734.471</ele>
        <time>2025-07-06T06:27:40.000Z</time>
      </trkpt>
      <trkpt lat="42.666593" lon="-0.284911">
        <ele>1734.852</ele>
        <time>2025-07-06T06:27:42.000Z</time>
      </trkpt>
      <trkpt lat="42.666617" lon="-0.284903">
        <ele>1736.053</ele>
        <time>2025-07-06T06:27:47.000Z</time>
      </trkpt>
      <trkpt lat="42.666635" lon="-0.284876">
        <ele>1736.208</ele>
        <time>2025-07-06T06:27:49.000Z</time>
      </trkpt>
      <trkpt lat="42.666656" lon="-0.284885">
        <ele>1737.009</ele>
        <time>2025-07-06T06:27:53.000Z</time>
      </trkpt>
      <trkpt lat="42.666668" lon="-0.284893">
        <ele>1737.447</ele>
        <time>2025-07-06T06:27:55.000Z</time>
      </trkpt>
      <trkpt lat="42.666709" lon="-0.28491">
        <ele>1738.267</ele>
        <time>2025-07-06T06:28:00.000Z</time>
      </trkpt>
      <trkpt lat="42.666753" lon="-0.284883">
        <ele>1738.875</ele>
        <time>2025-07-06T06:28:03.000Z</time>
      </trkpt>
      <trkpt lat="42.666771" lon="-0.284905">
        <ele>1739.443</ele>
        <time>2025-07-06T06:28:06.000Z</time>
      </trkpt>
      <trkpt lat="42.666793" lon="-0.284897">
        <ele>1739.819</ele>
        <time>2025-07-06T06:28:08.000Z</time>
      </trkpt>
      <trkpt lat="42.666811" lon="-0.28491">
        <ele>1740.646</ele>
        <time>2025-07-06T06:28:12.000Z</time>
      </trkpt>
      <trkpt lat="42.666847" lon="-0.284894">
        <ele>1741.86</ele>
        <time>2025-07-06T06:28:16.000Z</time>
      </trkpt>
      <trkpt lat="42.666856" lon="-0.284897">
        <ele>1742.055</ele>
        <time>2025-07-06T06:28:17.000Z</time>
      </trkpt>
      <trkpt lat="42.666874" lon="-0.28491">
        <ele>1742.823</ele>
        <time>2025-07-06T06:28:21.000Z</time>
      </trkpt>
      <trkpt lat="42.666892" lon="-0.284931">
        <ele>1743.658</ele>
        <time>2025-07-06T06:28:25.000Z</time>
      </trkpt>
      <trkpt lat="42.666909" lon="-0.28495">
        <ele>1744.052</ele>
        <time>2025-07-06T06:28:29.000Z</time>
      </trkpt>
      <trkpt lat="42.666912" lon="-0.284952">
        <ele>1744.017</ele>
        <time>2025-07-06T06:28:30.000Z</time>
      </trkpt>
      <trkpt lat="42.666927" lon="-0.284978">
        <ele>1745.009</ele>
        <time>2025-07-06T06:28:34.000Z</time>
      </trkpt>
      <trkpt lat="42.666934" lon="-0.285">
        <ele>1745.227</ele>
        <time>2025-07-06T06:28:36.000Z</time>
      </trkpt>
      <trkpt lat="42.666954" lon="-0.285007">
        <ele>1745.847</ele>
        <time>2025-07-06T06:28:41.000Z</time>
      </trkpt>
      <trkpt lat="42.66697" lon="-0.285">
        <ele>1746.235</ele>
        <time>2025-07-06T06:28:43.000Z</time>
      </trkpt>
      <trkpt lat="42.666987" lon="-0.284962">
        <ele>1747.223</ele>
        <time>2025-07-06T06:28:47.000Z</time>
      </trkpt>
      <trkpt lat="42.666987" lon="-0.284959">
        <ele>1747.419</ele>
        <time>2025-07-06T06:28:48.000Z</time>
      </trkpt>
      <trkpt lat="42.666994" lon="-0.284948">
        <ele>1747.816</ele>
        <time>2025-07-06T06:28:54.000Z</time>
      </trkpt>
      <trkpt lat="42.666997" lon="-0.284945">
        <ele>1747.85</ele>
        <time>2025-07-06T06:28:56.000Z</time>
      </trkpt>
      <trkpt lat="42.667011" lon="-0.284946">
        <ele>1748.695</ele>
        <time>2025-07-06T06:28:59.000Z</time>
      </trkpt>
      <trkpt lat="42.667019" lon="-0.284935">
        <ele>1749.053</ele>
        <time>2025-07-06T06:29:01.000Z</time>
      </trkpt>
      <trkpt lat="42.667033" lon="-0.284928">
        <ele>1749.676</ele>
        <time>2025-07-06T06:29:03.000Z</time>
      </trkpt>
      <trkpt lat="42.667051" lon="-0.284929">
        <ele>1750.89</ele>
        <time>2025-07-06T06:29:07.000Z</time>
      </trkpt>
      <trkpt lat="42.667055" lon="-0.284929">
        <ele>1751.019</ele>
        <time>2025-07-06T06:29:08.000Z</time>
      </trkpt>
      <trkpt lat="42.667066" lon="-0.284939">
        <ele>1752.009</ele>
        <time>2025-07-06T06:29:11.000Z</time>
      </trkpt>
      <trkpt lat="42.667074" lon="-0.284946">
        <ele>1753.059</ele>
        <time>2025-07-06T06:29:15.000Z</time>
      </trkpt>
      <trkpt lat="42.667077" lon="-0.284949">
        <ele>1753.249</ele>
        <time>2025-07-06T06:29:16.000Z</time>
      </trkpt>
      <trkpt lat="42.667111" lon="-0.284944">
        <ele>1754.487</ele>
        <time>2025-07-06T06:29:21.000Z</time>
      </trkpt>
      <trkpt lat="42.667124" lon="-0.284945">
        <ele>1755.085</ele>
        <time>2025-07-06T06:29:23.000Z</time>
      </trkpt>
      <trkpt lat="42.667138" lon="-0.284944">
        <ele>1755.471</ele>
        <time>2025-07-06T06:29:25.000Z</time>
      </trkpt>
      <trkpt lat="42.667181" lon="-0.284949">
        <ele>1756.658</ele>
        <time>2025-07-06T06:29:29.000Z</time>
      </trkpt>
      <trkpt lat="42.667187" lon="-0.284945">
        <ele>1756.682</ele>
        <time>2025-07-06T06:29:30.000Z</time>
      </trkpt>
      <trkpt lat="42.667229" lon="-0.284945">
        <ele>1757.617</ele>
        <time>2025-07-06T06:29:34.000Z</time>
      </trkpt>
      <trkpt lat="42.667259" lon="-0.28495">
        <ele>1758.495</ele>
        <time>2025-07-06T06:29:37.000Z</time>
      </trkpt>
      <trkpt lat="42.667271" lon="-0.284951">
        <ele>1758.626</ele>
        <time>2025-07-06T06:29:38.000Z</time>
      </trkpt>
      <trkpt lat="42.667304" lon="-0.284949">
        <ele>1759.847</ele>
        <time>2025-07-06T06:29:43.000Z</time>
      </trkpt>
      <trkpt lat="42.667314" lon="-0.284951">
        <ele>1760.411</ele>
        <time>2025-07-06T06:29:45.000Z</time>
      </trkpt>
      <trkpt lat="42.66732" lon="-0.28496">
        <ele>1760.809</ele>
        <time>2025-07-06T06:29:47.000Z</time>
      </trkpt>
      <trkpt lat="42.667321" lon="-0.284965">
        <ele>1761.494</ele>
        <time>2025-07-06T06:29:53.000Z</time>
      </trkpt>
      <trkpt lat="42.667323" lon="-0.284965">
        <ele>1761.464</ele>
        <time>2025-07-06T06:30:01.000Z</time>
      </trkpt>
      <trkpt lat="42.667319" lon="-0.284963">
        <ele>1762.032</ele>
        <time>2025-07-06T06:30:21.000Z</time>
      </trkpt>
      <trkpt lat="42.667319" lon="-0.284962">
        <ele>1763.07</ele>
        <time>2025-07-06T06:30:25.000Z</time>
      </trkpt>
      <trkpt lat="42.667321" lon="-0.284951">
        <ele>1764.226</ele>
        <time>2025-07-06T06:30:30.000Z</time>
      </trkpt>
      <trkpt lat="42.667361" lon="-0.284933">
        <ele>1765.423</ele>
        <time>2025-07-06T06:30:35.000Z</time>
      </trkpt>
      <trkpt lat="42.667389" lon="-0.284921">
        <ele>1766.077</ele>
        <time>2025-07-06T06:30:38.000Z</time>
      </trkpt>
      <trkpt lat="42.667417" lon="-0.284911">
        <ele>1766.232</ele>
        <time>2025-07-06T06:30:50.000Z</time>
      </trkpt>
      <trkpt lat="42.667417" lon="-0.284911">
        <ele>1766.24</ele>
        <time>2025-07-06T06:30:52.000Z</time>
      </trkpt>
      <trkpt lat="42.667417" lon="-0.284911">
        <ele>1766.271</ele>
        <time>2025-07-06T06:30:53.000Z</time>
      </trkpt>
      <trkpt lat="42.667417" lon="-0.284911">
        <ele>1766.441</ele>
        <time>2025-07-06T06:30:54.000Z</time>
      </trkpt>
      <trkpt lat="42.667421" lon="-0.284911">
        <ele>1767.215</ele>
        <time>2025-07-06T06:31:03.000Z</time>
      </trkpt>
      <trkpt lat="42.667421" lon="-0.284911">
        <ele>1767.209</ele>
        <time>2025-07-06T06:31:04.000Z</time>
      </trkpt>
      <trkpt lat="42.667422" lon="-0.284911">
        <ele>1767.659</ele>
        <time>2025-07-06T06:31:06.000Z</time>
      </trkpt>
      <trkpt lat="42.667452" lon="-0.284911">
        <ele>1768.679</ele>
        <time>2025-07-06T06:31:16.000Z</time>
      </trkpt>
      <trkpt lat="42.667465" lon="-0.284917">
        <ele>1769.257</ele>
        <time>2025-07-06T06:31:20.000Z</time>
      </trkpt>
      <trkpt lat="42.667496" lon="-0.284931">
        <ele>1769.485</ele>
        <time>2025-07-06T06:31:27.000Z</time>
      </trkpt>
      <trkpt lat="42.667513" lon="-0.284943">
        <ele>1769.691</ele>
        <time>2025-07-06T06:31:33.000Z</time>
      </trkpt>
      <trkpt lat="42.667519" lon="-0.28497">
        <ele>1770.878</ele>
        <time>2025-07-06T06:31:44.000Z</time>
      </trkpt>
      <trkpt lat="42.667521" lon="-0.284978">
        <ele>1771.062</ele>
        <time>2025-07-06T06:31:45.000Z</time>
      </trkpt>
      <trkpt lat="42.667528" lon="-0.284995">
        <ele>1772.057</ele>
        <time>2025-07-06T06:31:49.000Z</time>
      </trkpt>
      <trkpt lat="42.667547" lon="-0.284995">
        <ele>1773.255</ele>
        <time>2025-07-06T06:31:55.000Z</time>
      </trkpt>
      <trkpt lat="42.667577" lon="-0.284995">
        <ele>1774.245</ele>
        <time>2025-07-06T06:32:00.000Z</time>
      </trkpt>
      <trkpt lat="42.667626" lon="-0.284979">
        <ele>1775.447</ele>
        <time>2025-07-06T06:32:08.000Z</time>
      </trkpt>
      <trkpt lat="42.667653" lon="-0.284978">
        <ele>1776.611</ele>
        <time>2025-07-06T06:32:13.000Z</time>
      </trkpt>
      <trkpt lat="42.667676" lon="-0.284978">
        <ele>1777.609</ele>
        <time>2025-07-06T06:32:18.000Z</time>
      </trkpt>
      <trkpt lat="42.667683" lon="-0.284979">
        <ele>1778.856</ele>
        <time>2025-07-06T06:32:23.000Z</time>
      </trkpt>
      <trkpt lat="42.667687" lon="-0.284979">
        <ele>1778.876</ele>
        <time>2025-07-06T06:32:24.000Z</time>
      </trkpt>
      <trkpt lat="42.667712" lon="-0.284981">
        <ele>1780.064</ele>
        <time>2025-07-06T06:32:28.000Z</time>
      </trkpt>
      <trkpt lat="42.66774" lon="-0.284984">
        <ele>1781.262</ele>
        <time>2025-07-06T06:32:33.000Z</time>
      </trkpt>
      <trkpt lat="42.667757" lon="-0.284991">
        <ele>1782.438</ele>
        <time>2025-07-06T06:32:38.000Z</time>
      </trkpt>
      <trkpt lat="42.667778" lon="-0.285016">
        <ele>1783.215</ele>
        <time>2025-07-06T06:32:44.000Z</time>
      </trkpt>
      <trkpt lat="42.6678" lon="-0.285027">
        <ele>1783.079</ele>
        <time>2025-07-06T06:32:49.000Z</time>
      </trkpt>
      <trkpt lat="42.667831" lon="-0.285043">
        <ele>1782.834</ele>
        <time>2025-07-06T06:32:57.000Z</time>
      </trkpt>
      <trkpt lat="42.667833" lon="-0.28505">
        <ele>1783.432</ele>
        <time>2025-07-06T06:33:02.000Z</time>
      </trkpt>
      <trkpt lat="42.667835" lon="-0.285052">
        <ele>1784.612</ele>
        <time>2025-07-06T06:33:07.000Z</time>
      </trkpt>
      <trkpt lat="42.667837" lon="-0.285053">
        <ele>1785.832</ele>
        <time>2025-07-06T06:33:12.000Z</time>
      </trkpt>
      <trkpt lat="42.667846" lon="-0.285054">
        <ele>1786.805</ele>
        <time>2025-07-06T06:33:17.000Z</time>
      </trkpt>
      <trkpt lat="42.667854" lon="-0.285054">
        <ele>1787.009</ele>
        <time>2025-07-06T06:33:19.000Z</time>
      </trkpt>
      <trkpt lat="42.667892" lon="-0.285093">
        <ele>1786.873</ele>
        <time>2025-07-06T06:33:35.000Z</time>
      </trkpt>
      <trkpt lat="42.667894" lon="-0.285097">
        <ele>1786.813</ele>
        <time>2025-07-06T06:33:38.000Z</time>
      </trkpt>
      <trkpt lat="42.667897" lon="-0.285105">
        <ele>1788.031</ele>
        <time>2025-07-06T06:33:58.000Z</time>
      </trkpt>
      <trkpt lat="42.667897" lon="-0.285106">
        <ele>1788.629</ele>
        <time>2025-07-06T06:34:01.000Z</time>
      </trkpt>
      <trkpt lat="42.667898" lon="-0.285106">
        <ele>1789.225</ele>
        <time>2025-07-06T06:34:05.000Z</time>
      </trkpt>
      <trkpt lat="42.66793" lon="-0.285102">
        <ele>1790.242</ele>
        <time>2025-07-06T06:34:25.000Z</time>
      </trkpt>
      <trkpt lat="42.66796" lon="-0.285108">
        <ele>1790.696</ele>
        <time>2025-07-06T06:34:27.000Z</time>
      </trkpt>
      <trkpt lat="42.667977" lon="-0.28511">
        <ele>1791.021</ele>
        <time>2025-07-06T06:34:28.000Z</time>
      </trkpt>
      <trkpt lat="42.668015" lon="-0.285092">
        <ele>1791.499</ele>
        <time>2025-07-06T06:34:30.000Z</time>
      </trkpt>
      <trkpt lat="42.668085" lon="-0.285061">
        <ele>1792.294</ele>
        <time>2025-07-06T06:34:34.000Z</time>
      </trkpt>
      <trkpt lat="42.66809" lon="-0.285056">
        <ele>1792.657</ele>
        <time>2025-07-06T06:34:35.000Z</time>
      </trkpt>
      <trkpt lat="42.668111" lon="-0.285058">
        <ele>1793.022</ele>
        <time>2025-07-06T06:34:38.000Z</time>
      </trkpt>
      <trkpt lat="42.668125" lon="-0.285057">
        <ele>1793.609</ele>
        <time>2025-07-06T06:34:40.000Z</time>
      </trkpt>
      <trkpt lat="42.668132" lon="-0.285051">
        <ele>1794.441</ele>
        <time>2025-07-06T06:34:43.000Z</time>
      </trkpt>
      <trkpt lat="42.668137" lon="-0.285053">
        <ele>1794.661</ele>
        <time>2025-07-06T06:34:44.000Z</time>
      </trkpt>
      <trkpt lat="42.668144" lon="-0.285068">
        <ele>1795.069</ele>
        <time>2025-07-06T06:34:46.000Z</time>
      </trkpt>
      <trkpt lat="42.668151" lon="-0.285089">
        <ele>1795.867</ele>
        <time>2025-07-06T06:34:49.000Z</time>
      </trkpt>
      <trkpt lat="42.668176" lon="-0.285106">
        <ele>1797.053</ele>
        <time>2025-07-06T06:34:53.000Z</time>
      </trkpt>
      <trkpt lat="42.668195" lon="-0.285083">
        <ele>1798.06</ele>
        <time>2025-07-06T06:34:57.000Z</time>
      </trkpt>
      <trkpt lat="42.668211" lon="-0.28507">
        <ele>1799.054</ele>
        <time>2025-07-06T06:35:00.000Z</time>
      </trkpt>
      <trkpt lat="42.668217" lon="-0.285066">
        <ele>1799.259</ele>
        <time>2025-07-06T06:35:01.000Z</time>
      </trkpt>
      <trkpt lat="42.668241" lon="-0.285078">
        <ele>1800.437</ele>
        <time>2025-07-06T06:35:06.000Z</time>
      </trkpt>
      <trkpt lat="42.668247" lon="-0.285091">
        <ele>1801.039</ele>
        <time>2025-07-06T06:35:08.000Z</time>
      </trkpt>
      <trkpt lat="42.668252" lon="-0.285104">
        <ele>1801.601</ele>
        <time>2025-07-06T06:35:10.000Z</time>
      </trkpt>
      <trkpt lat="42.668276" lon="-0.285097">
        <ele>1802.221</ele>
        <time>2025-07-06T06:35:15.000Z</time>
      </trkpt>
      <trkpt lat="42.668282" lon="-0.285092">
        <ele>1802.609</ele>
        <time>2025-07-06T06:35:17.000Z</time>
      </trkpt>
      <trkpt lat="42.668297" lon="-0.285082">
        <ele>1803.615</ele>
        <time>2025-07-06T06:35:22.000Z</time>
      </trkpt>
      <trkpt lat="42.66831" lon="-0.285085">
        <ele>1805.045</ele>
        <time>2025-07-06T06:35:26.000Z</time>
      </trkpt>
      <trkpt lat="42.668321" lon="-0.285074">
        <ele>1805.833</ele>
        <time>2025-07-06T06:35:31.000Z</time>
      </trkpt>
      <trkpt lat="42.668329" lon="-0.28508">
        <ele>1806.071</ele>
        <time>2025-07-06T06:35:32.000Z</time>
      </trkpt>
      <trkpt lat="42.66835" lon="-0.285095">
        <ele>1806.447</ele>
        <time>2025-07-06T06:35:36.000Z</time>
      </trkpt>
      <trkpt lat="42.668353" lon="-0.285095">
        <ele>1806.494</ele>
        <time>2025-07-06T06:35:37.000Z</time>
      </trkpt>
      <trkpt lat="42.668371" lon="-0.285081">
        <ele>1807.468</ele>
        <time>2025-07-06T06:35:40.000Z</time>
      </trkpt>
      <trkpt lat="42.668391" lon="-0.285041">
        <ele>1808.463</ele>
        <time>2025-07-06T06:35:45.000Z</time>
      </trkpt>
      <trkpt lat="42.668406" lon="-0.285012">
        <ele>1809.451</ele>
        <time>2025-07-06T06:35:49.000Z</time>
      </trkpt>
      <trkpt lat="42.668416" lon="-0.284988">
        <ele>1810.485</ele>
        <time>2025-07-06T06:35:53.000Z</time>
      </trkpt>
      <trkpt lat="42.668427" lon="-0.28497">
        <ele>1811.089</ele>
        <time>2025-07-06T06:35:55.000Z</time>
      </trkpt>
      <trkpt lat="42.668434" lon="-0.284962">
        <ele>1811.617</ele>
        <time>2025-07-06T06:35:58.000Z</time>
      </trkpt>
      <trkpt lat="42.668435" lon="-0.284963">
        <ele>1811.809</ele>
        <time>2025-07-06T06:35:59.000Z</time>
      </trkpt>
      <trkpt lat="42.668436" lon="-0.284972">
        <ele>1812.23</ele>
        <time>2025-07-06T06:36:01.000Z</time>
      </trkpt>
      <trkpt lat="42.668435" lon="-0.285002">
        <ele>1812.83</ele>
        <time>2025-07-06T06:36:04.000Z</time>
      </trkpt>
      <trkpt lat="42.668444" lon="-0.285046">
        <ele>1813.868</ele>
        <time>2025-07-06T06:36:09.000Z</time>
      </trkpt>
      <trkpt lat="42.668457" lon="-0.285074">
        <ele>1814.816</ele>
        <time>2025-07-06T06:36:14.000Z</time>
      </trkpt>
      <trkpt lat="42.668466" lon="-0.285082">
        <ele>1815.272</ele>
        <time>2025-07-06T06:36:17.000Z</time>
      </trkpt>
      <trkpt lat="42.66847" lon="-0.285075">
        <ele>1815.669</ele>
        <time>2025-07-06T06:36:18.000Z</time>
      </trkpt>
      <trkpt lat="42.668484" lon="-0.285064">
        <ele>1816.033</ele>
        <time>2025-07-06T06:36:21.000Z</time>
      </trkpt>
      <trkpt lat="42.668497" lon="-0.285035">
        <ele>1817.028</ele>
        <time>2025-07-06T06:36:25.000Z</time>
      </trkpt>
      <trkpt lat="42.668497" lon="-0.285029">
        <ele>1817.296</ele>
        <time>2025-07-06T06:36:26.000Z</time>
      </trkpt>
      <trkpt lat="42.668519" lon="-0.285022">
        <ele>1818.255</ele>
        <time>2025-07-06T06:36:31.000Z</time>
      </trkpt>
      <trkpt lat="42.668526" lon="-0.285044">
        <ele>1818.807</ele>
        <time>2025-07-06T06:36:33.000Z</time>
      </trkpt>
      <trkpt lat="42.668529" lon="-0.285058">
        <ele>1819.417</ele>
        <time>2025-07-06T06:36:34.000Z</time>
      </trkpt>
      <trkpt lat="42.668536" lon="-0.285106">
        <ele>1820.409</ele>
        <time>2025-07-06T06:36:38.000Z</time>
      </trkpt>
      <trkpt lat="42.66854" lon="-0.285129">
        <ele>1821.017</ele>
        <time>2025-07-06T06:36:40.000Z</time>
      </trkpt>
      <trkpt lat="42.668541" lon="-0.285158">
        <ele>1821.687</ele>
        <time>2025-07-06T06:36:43.000Z</time>
      </trkpt>
      <trkpt lat="42.668546" lon="-0.285179">
        <ele>1822.285</ele>
        <time>2025-07-06T06:36:47.000Z</time>
      </trkpt>
      <trkpt lat="42.668553" lon="-0.285187">
        <ele>1822.813</ele>
        <time>2025-07-06T06:36:49.000Z</time>
      </trkpt>
      <trkpt lat="42.668561" lon="-0.285229">
        <ele>1824.089</ele>
        <time>2025-07-06T06:36:54.000Z</time>
      </trkpt>
      <trkpt lat="42.668571" lon="-0.285264">
        <ele>1825.256</ele>
        <time>2025-07-06T06:36:59.000Z</time>
      </trkpt>
      <trkpt lat="42.668583" lon="-0.285297">
        <ele>1826.22</ele>
        <time>2025-07-06T06:37:04.000Z</time>
      </trkpt>
      <trkpt lat="42.668588" lon="-0.285306">
        <ele>1827.445</ele>
        <time>2025-07-06T06:37:07.000Z</time>
      </trkpt>
      <trkpt lat="42.668588" lon="-0.285307">
        <ele>1827.473</ele>
        <time>2025-07-06T06:37:08.000Z</time>
      </trkpt>
      <trkpt lat="42.668588" lon="-0.285305">
        <ele>1827.621</ele>
        <time>2025-07-06T06:37:18.000Z</time>
      </trkpt>
      <trkpt lat="42.668588" lon="-0.285305">
        <ele>1828.641</ele>
        <time>2025-07-06T06:37:27.000Z</time>
      </trkpt>
      <trkpt lat="42.668588" lon="-0.285305">
        <ele>1829.805</ele>
        <time>2025-07-06T06:37:31.000Z</time>
      </trkpt>
      <trkpt lat="42.668602" lon="-0.285283">
        <ele>1831.009</ele>
        <time>2025-07-06T06:37:36.000Z</time>
      </trkpt>
      <trkpt lat="42.668643" lon="-0.28523">
        <ele>1832.094</ele>
        <time>2025-07-06T06:37:40.000Z</time>
      </trkpt>
      <trkpt lat="42.668682" lon="-0.285186">
        <ele>1833.244</ele>
        <time>2025-07-06T06:37:44.000Z</time>
      </trkpt>
      <trkpt lat="42.668695" lon="-0.285167">
        <ele>1834.232</ele>
        <time>2025-07-06T06:37:48.000Z</time>
      </trkpt>
      <trkpt lat="42.668695" lon="-0.285161">
        <ele>1834.84</ele>
        <time>2025-07-06T06:37:50.000Z</time>
      </trkpt>
      <trkpt lat="42.668704" lon="-0.285158">
        <ele>1835.416</ele>
        <time>2025-07-06T06:37:55.000Z</time>
      </trkpt>
      <trkpt lat="42.668704" lon="-0.285158">
        <ele>1835.623</ele>
        <time>2025-07-06T06:37:58.000Z</time>
      </trkpt>
      <trkpt lat="42.668704" lon="-0.285158">
        <ele>1836.617</ele>
        <time>2025-07-06T06:38:09.000Z</time>
      </trkpt>
      <trkpt lat="42.668704" lon="-0.285157">
        <ele>1837.872</ele>
        <time>2025-07-06T06:38:13.000Z</time>
      </trkpt>
      <trkpt lat="42.668704" lon="-0.285152">
        <ele>1838.85</ele>
        <time>2025-07-06T06:38:17.000Z</time>
      </trkpt>
      <trkpt lat="42.66871" lon="-0.285145">
        <ele>1840.063</ele>
        <time>2025-07-06T06:38:21.000Z</time>
      </trkpt>
      <trkpt lat="42.668729" lon="-0.28514">
        <ele>1841.044</ele>
        <time>2025-07-06T06:38:25.000Z</time>
      </trkpt>
      <trkpt lat="42.668752" lon="-0.28514">
        <ele>1842.218</ele>
        <time>2025-07-06T06:38:30.000Z</time>
      </trkpt>
      <trkpt lat="42.668763" lon="-0.28514">
        <ele>1843.409</ele>
        <time>2025-07-06T06:38:35.000Z</time>
      </trkpt>
      <trkpt lat="42.668768" lon="-0.285139">
        <ele>1844.648</ele>
        <time>2025-07-06T06:38:39.000Z</time>
      </trkpt>
      <trkpt lat="42.668784" lon="-0.285144">
        <ele>1845.878</ele>
        <time>2025-07-06T06:38:43.000Z</time>
      </trkpt>
      <trkpt lat="42.668799" lon="-0.285147">
        <ele>1846.616</ele>
        <time>2025-07-06T06:38:46.000Z</time>
      </trkpt>
      <trkpt lat="42.668803" lon="-0.285147">
        <ele>1846.824</ele>
        <time>2025-07-06T06:38:47.000Z</time>
      </trkpt>
      <trkpt lat="42.668827" lon="-0.285151">
        <ele>1848.01</ele>
        <time>2025-07-06T06:38:51.000Z</time>
      </trkpt>
      <trkpt lat="42.668859" lon="-0.285155">
        <ele>1849.057</ele>
        <time>2025-07-06T06:38:57.000Z</time>
      </trkpt>
      <trkpt lat="42.668876" lon="-0.285155">
        <ele>1850.291</ele>
        <time>2025-07-06T06:39:01.000Z</time>
      </trkpt>
      <trkpt lat="42.668897" lon="-0.285161">
        <ele>1851.466</ele>
        <time>2025-07-06T06:39:07.000Z</time>
      </trkpt>
      <trkpt lat="42.66892" lon="-0.285171">
        <ele>1852.674</ele>
        <time>2025-07-06T06:39:12.000Z</time>
      </trkpt>
      <trkpt lat="42.668937" lon="-0.285175">
        <ele>1853.616</ele>
        <time>2025-07-06T06:39:16.000Z</time>
      </trkpt>
      <trkpt lat="42.668955" lon="-0.285175">
        <ele>1854.876</ele>
        <time>2025-07-06T06:39:20.000Z</time>
      </trkpt>
      <trkpt lat="42.66897" lon="-0.285172">
        <ele>1855.813</ele>
        <time>2025-07-06T06:39:24.000Z</time>
      </trkpt>
      <trkpt lat="42.668991" lon="-0.285166">
        <ele>1857.009</ele>
        <time>2025-07-06T06:39:28.000Z</time>
      </trkpt>
      <trkpt lat="42.669012" lon="-0.285161">
        <ele>1858.083</ele>
        <time>2025-07-06T06:39:32.000Z</time>
      </trkpt>
      <trkpt lat="42.669029" lon="-0.285164">
        <ele>1859.273</ele>
        <time>2025-07-06T06:39:36.000Z</time>
      </trkpt>
      <trkpt lat="42.669049" lon="-0.285166">
        <ele>1860.281</ele>
        <time>2025-07-06T06:39:40.000Z</time>
      </trkpt>
      <trkpt lat="42.669068" lon="-0.285166">
        <ele>1861.299</ele>
        <time>2025-07-06T06:39:45.000Z</time>
      </trkpt>
      <trkpt lat="42.669087" lon="-0.28517">
        <ele>1862.425</ele>
        <time>2025-07-06T06:39:50.000Z</time>
      </trkpt>
      <trkpt lat="42.669107" lon="-0.285172">
        <ele>1863.642</ele>
        <time>2025-07-06T06:39:55.000Z</time>
      </trkpt>
      <trkpt lat="42.66913" lon="-0.285173">
        <ele>1864.836</ele>
        <time>2025-07-06T06:40:00.000Z</time>
      </trkpt>
      <trkpt lat="42.669151" lon="-0.285172">
        <ele>1866.251</ele>
        <time>2025-07-06T06:40:05.000Z</time>
      </trkpt>
      <trkpt lat="42.669172" lon="-0.28517">
        <ele>1867.499</ele>
        <time>2025-07-06T06:40:10.000Z</time>
      </trkpt>
      <trkpt lat="42.669185" lon="-0.285167">
        <ele>1868.655</ele>
        <time>2025-07-06T06:40:14.000Z</time>
      </trkpt>
      <trkpt lat="42.669198" lon="-0.285163">
        <ele>1869.607</ele>
        <time>2025-07-06T06:40:18.000Z</time>
      </trkpt>
      <trkpt lat="42.669219" lon="-0.285161">
        <ele>1870.617</ele>
        <time>2025-07-06T06:40:23.000Z</time>
      </trkpt>
      <trkpt lat="42.669247" lon="-0.285199">
        <ele>1871.609</ele>
        <time>2025-07-06T06:40:27.000Z</time>
      </trkpt>
      <trkpt lat="42.669253" lon="-0.285211">
        <ele>1872.037</ele>
        <time>2025-07-06T06:40:28.000Z</time>
      </trkpt>
      <trkpt lat="42.669284" lon="-0.285273">
        <ele>1873.077</ele>
        <time>2025-07-06T06:40:34.000Z</time>
      </trkpt>
      <trkpt lat="42.669298" lon="-0.285273">
        <ele>1873.875</ele>
        <time>2025-07-06T06:40:37.000Z</time>
      </trkpt>
      <trkpt lat="42.669302" lon="-0.285271">
        <ele>1874.263</ele>
        <time>2025-07-06T06:40:38.000Z</time>
      </trkpt>
      <trkpt lat="42.66931" lon="-0.285268">
        <ele>1875.479</ele>
        <time>2025-07-06T06:40:43.000Z</time>
      </trkpt>
      <trkpt lat="42.66931" lon="-0.285267">
        <ele>1875.636</ele>
        <time>2025-07-06T06:40:45.000Z</time>
      </trkpt>
      <trkpt lat="42.66931" lon="-0.285266">
        <ele>1875.63</ele>
        <time>2025-07-06T06:40:52.000Z</time>
      </trkpt>
      <trkpt lat="42.66931" lon="-0.285266">
        <ele>1875.865</ele>
        <time>2025-07-06T06:40:57.000Z</time>
      </trkpt>
      <trkpt lat="42.66931" lon="-0.285266">
        <ele>1876.663</ele>
        <time>2025-07-06T06:41:01.000Z</time>
      </trkpt>
      <trkpt lat="42.66931" lon="-0.285264">
        <ele>1877.677</ele>
        <time>2025-07-06T06:41:06.000Z</time>
      </trkpt>
      <trkpt lat="42.669323" lon="-0.285248">
        <ele>1878.661</ele>
        <time>2025-07-06T06:41:13.000Z</time>
      </trkpt>
      <trkpt lat="42.669368" lon="-0.28519">
        <ele>1879.627</ele>
        <time>2025-07-06T06:41:18.000Z</time>
      </trkpt>
      <trkpt lat="42.669376" lon="-0.285182">
        <ele>1879.809</ele>
        <time>2025-07-06T06:41:19.000Z</time>
      </trkpt>
      <trkpt lat="42.669395" lon="-0.285199">
        <ele>1881.039</ele>
        <time>2025-07-06T06:41:24.000Z</time>
      </trkpt>
      <trkpt lat="42.669402" lon="-0.285242">
        <ele>1882.249</ele>
        <time>2025-07-06T06:41:29.000Z</time>
      </trkpt>
      <trkpt lat="42.669407" lon="-0.28527">
        <ele>1883.497</ele>
        <time>2025-07-06T06:41:33.000Z</time>
      </trkpt>
      <trkpt lat="42.669429" lon="-0.285271">
        <ele>1884.235</ele>
        <time>2025-07-06T06:41:38.000Z</time>
      </trkpt>
      <trkpt lat="42.669434" lon="-0.285264">
        <ele>1884.661</ele>
        <time>2025-07-06T06:41:40.000Z</time>
      </trkpt>
      <trkpt lat="42.669447" lon="-0.285251">
        <ele>1885.878</ele>
        <time>2025-07-06T06:41:44.000Z</time>
      </trkpt>
      <trkpt lat="42.66946" lon="-0.285234">
        <ele>1886.492</ele>
        <time>2025-07-06T06:41:48.000Z</time>
      </trkpt>
      <trkpt lat="42.669465" lon="-0.285229">
        <ele>1887.027</ele>
        <time>2025-07-06T06:41:50.000Z</time>
      </trkpt>
      <trkpt lat="42.66948" lon="-0.285226">
        <ele>1888.085</ele>
        <time>2025-07-06T06:41:54.000Z</time>
      </trkpt>
      <trkpt lat="42.669496" lon="-0.285224">
        <ele>1889.267</ele>
        <time>2025-07-06T06:41:59.000Z</time>
      </trkpt>
      <trkpt lat="42.669501" lon="-0.285246">
        <ele>1890.281</ele>
        <time>2025-07-06T06:42:03.000Z</time>
      </trkpt>
      <trkpt lat="42.669498" lon="-0.285248">
        <ele>1890.619</ele>
        <time>2025-07-06T06:42:07.000Z</time>
      </trkpt>
      <trkpt lat="42.669498" lon="-0.285254">
        <ele>1891.009</ele>
        <time>2025-07-06T06:42:28.000Z</time>
      </trkpt>
      <trkpt lat="42.669497" lon="-0.285258">
        <ele>1890.828</ele>
        <time>2025-07-06T06:42:34.000Z</time>
      </trkpt>
      <trkpt lat="42.669496" lon="-0.28526">
        <ele>1891.018</ele>
        <time>2025-07-06T06:42:40.000Z</time>
      </trkpt>
      <trkpt lat="42.669495" lon="-0.285268">
        <ele>1890.846</ele>
        <time>2025-07-06T06:42:46.000Z</time>
      </trkpt>
      <trkpt lat="42.669492" lon="-0.285279">
        <ele>1891.284</ele>
        <time>2025-07-06T06:42:49.000Z</time>
      </trkpt>
      <trkpt lat="42.669492" lon="-0.285286">
        <ele>1892.24</ele>
        <time>2025-07-06T06:42:53.000Z</time>
      </trkpt>
      <trkpt lat="42.669492" lon="-0.285288">
        <ele>1892.487</ele>
        <time>2025-07-06T06:42:54.000Z</time>
      </trkpt>
      <trkpt lat="42.669509" lon="-0.285362">
        <ele>1893.281</ele>
        <time>2025-07-06T06:42:59.000Z</time>
      </trkpt>
      <trkpt lat="42.669511" lon="-0.28538">
        <ele>1893.486</ele>
        <time>2025-07-06T06:43:00.000Z</time>
      </trkpt>
      <trkpt lat="42.66953" lon="-0.285439">
        <ele>1894.614</ele>
        <time>2025-07-06T06:43:04.000Z</time>
      </trkpt>
      <trkpt lat="42.669533" lon="-0.285455">
        <ele>1895.475</ele>
        <time>2025-07-06T06:43:07.000Z</time>
      </trkpt>
      <trkpt lat="42.669528" lon="-0.28546">
        <ele>1895.428</ele>
        <time>2025-07-06T06:43:13.000Z</time>
      </trkpt>
      <trkpt lat="42.669532" lon="-0.285471">
        <ele>1895.62</ele>
        <time>2025-07-06T06:43:15.000Z</time>
      </trkpt>
      <trkpt lat="42.669543" lon="-0.285471">
        <ele>1895.809</ele>
        <time>2025-07-06T06:43:17.000Z</time>
      </trkpt>
      <trkpt lat="42.669555" lon="-0.285461">
        <ele>1896.899</ele>
        <time>2025-07-06T06:43:20.000Z</time>
      </trkpt>
      <trkpt lat="42.66957" lon="-0.28545">
        <ele>1897.689</ele>
        <time>2025-07-06T06:43:23.000Z</time>
      </trkpt>
      <trkpt lat="42.669572" lon="-0.285448">
        <ele>1898.027</ele>
        <time>2025-07-06T06:43:24.000Z</time>
      </trkpt>
      <trkpt lat="42.66959" lon="-0.285448">
        <ele>1899.495</ele>
        <time>2025-07-06T06:43:28.000Z</time>
      </trkpt>
      <trkpt lat="42.669603" lon="-0.285457">
        <ele>1900.461</ele>
        <time>2025-07-06T06:43:32.000Z</time>
      </trkpt>
      <trkpt lat="42.669617" lon="-0.285455">
        <ele>1901.268</ele>
        <time>2025-07-06T06:43:35.000Z</time>
      </trkpt>
      <trkpt lat="42.669621" lon="-0.285457">
        <ele>1901.692</ele>
        <time>2025-07-06T06:43:36.000Z</time>
      </trkpt>
      <trkpt lat="42.669635" lon="-0.285453">
        <ele>1902.867</ele>
        <time>2025-07-06T06:43:40.000Z</time>
      </trkpt>
      <trkpt lat="42.669647" lon="-0.285427">
        <ele>1903.875</ele>
        <time>2025-07-06T06:43:44.000Z</time>
      </trkpt>
      <trkpt lat="42.669649" lon="-0.285421">
        <ele>1904.038</ele>
        <time>2025-07-06T06:43:45.000Z</time>
      </trkpt>
      <trkpt lat="42.669657" lon="-0.285405">
        <ele>1904.47</ele>
        <time>2025-07-06T06:43:47.000Z</time>
      </trkpt>
      <trkpt lat="42.669668" lon="-0.285393">
        <ele>1905.017</ele>
        <time>2025-07-06T06:43:49.000Z</time>
      </trkpt>
      <trkpt lat="42.669678" lon="-0.285404">
        <ele>1906.009</ele>
        <time>2025-07-06T06:43:53.000Z</time>
      </trkpt>
      <trkpt lat="42.669682" lon="-0.285408">
        <ele>1906.215</ele>
        <time>2025-07-06T06:43:54.000Z</time>
      </trkpt>
      <trkpt lat="42.669686" lon="-0.285407">
        <ele>1906.445</ele>
        <time>2025-07-06T06:43:55.000Z</time>
      </trkpt>
      <trkpt lat="42.669704" lon="-0.285395">
        <ele>1907.443</ele>
        <time>2025-07-06T06:43:59.000Z</time>
      </trkpt>
      <trkpt lat="42.669705" lon="-0.285391">
        <ele>1907.611</ele>
        <time>2025-07-06T06:44:00.000Z</time>
      </trkpt>
      <trkpt lat="42.669715" lon="-0.285396">
        <ele>1908.477</ele>
        <time>2025-07-06T06:44:03.000Z</time>
      </trkpt>
      <trkpt lat="42.669719" lon="-0.285407">
        <ele>1909.284</ele>
        <time>2025-07-06T06:44:06.000Z</time>
      </trkpt>
      <trkpt lat="42.66972" lon="-0.285413">
        <ele>1909.628</ele>
        <time>2025-07-06T06:44:07.000Z</time>
      </trkpt>
      <trkpt lat="42.669731" lon="-0.285453">
        <ele>1910.453</ele>
        <time>2025-07-06T06:44:13.000Z</time>
      </trkpt>
      <trkpt lat="42.669736" lon="-0.285459">
        <ele>1910.621</ele>
        <time>2025-07-06T06:44:15.000Z</time>
      </trkpt>
      <trkpt lat="42.669741" lon="-0.285466">
        <ele>1911.022</ele>
        <time>2025-07-06T06:44:17.000Z</time>
      </trkpt>
      <trkpt lat="42.669753" lon="-0.285468">
        <ele>1911.662</ele>
        <time>2025-07-06T06:44:20.000Z</time>
      </trkpt>
      <trkpt lat="42.669759" lon="-0.285467">
        <ele>1912.208</ele>
        <time>2025-07-06T06:44:22.000Z</time>
      </trkpt>
      <trkpt lat="42.669768" lon="-0.285465">
        <ele>1912.809</ele>
        <time>2025-07-06T06:44:24.000Z</time>
      </trkpt>
      <trkpt lat="42.669786" lon="-0.285443">
        <ele>1914.014</ele>
        <time>2025-07-06T06:44:28.000Z</time>
      </trkpt>
      <trkpt lat="42.669791" lon="-0.285436">
        <ele>1914.654</ele>
        <time>2025-07-06T06:44:30.000Z</time>
      </trkpt>
      <trkpt lat="42.669795" lon="-0.285432">
        <ele>1915.252</ele>
        <time>2025-07-06T06:44:33.000Z</time>
      </trkpt>
      <trkpt lat="42.6698" lon="-0.285429">
        <ele>1915.86</ele>
        <time>2025-07-06T06:44:36.000Z</time>
      </trkpt>
      <trkpt lat="42.669808" lon="-0.28543">
        <ele>1916.446</ele>
        <time>2025-07-06T06:44:39.000Z</time>
      </trkpt>
      <trkpt lat="42.669824" lon="-0.285429">
        <ele>1917.663</ele>
        <time>2025-07-06T06:44:43.000Z</time>
      </trkpt>
      <trkpt lat="42.669833" lon="-0.28542">
        <ele>1918.627</ele>
        <time>2025-07-06T06:44:46.000Z</time>
      </trkpt>
      <trkpt lat="42.669835" lon="-0.285418">
        <ele>1918.812</ele>
        <time>2025-07-06T06:44:47.000Z</time>
      </trkpt>
      <trkpt lat="42.669837" lon="-0.285416">
        <ele>1919.26</ele>
        <time>2025-07-06T06:44:48.000Z</time>
      </trkpt>
      <trkpt lat="42.669846" lon="-0.285435">
        <ele>1920.239</ele>
        <time>2025-07-06T06:44:53.000Z</time>
      </trkpt>
      <trkpt lat="42.669854" lon="-0.285454">
        <ele>1921.201</ele>
        <time>2025-07-06T06:44:57.000Z</time>
      </trkpt>
      <trkpt lat="42.669877" lon="-0.285469">
        <ele>1922.421</ele>
        <time>2025-07-06T06:45:02.000Z</time>
      </trkpt>
      <trkpt lat="42.669878" lon="-0.285469">
        <ele>1922.809</ele>
        <time>2025-07-06T06:45:05.000Z</time>
      </trkpt>
      <trkpt lat="42.669878" lon="-0.285469">
        <ele>1923.055</ele>
        <time>2025-07-06T06:45:12.000Z</time>
      </trkpt>
      <trkpt lat="42.669874" lon="-0.285469">
        <ele>1923.625</ele>
        <time>2025-07-06T06:45:23.000Z</time>
      </trkpt>
      <trkpt lat="42.669877" lon="-0.285469">
        <ele>1924.053</ele>
        <time>2025-07-06T06:45:29.000Z</time>
      </trkpt>
      <trkpt lat="42.669877" lon="-0.285469">
        <ele>1925.031</ele>
        <time>2025-07-06T06:45:33.000Z</time>
      </trkpt>
      <trkpt lat="42.66988" lon="-0.285469">
        <ele>1926.077</ele>
        <time>2025-07-06T06:45:38.000Z</time>
      </trkpt>
      <trkpt lat="42.669884" lon="-0.285469">
        <ele>1927.234</ele>
        <time>2025-07-06T06:45:42.000Z</time>
      </trkpt>
      <trkpt lat="42.669894" lon="-0.28547">
        <ele>1928.258</ele>
        <time>2025-07-06T06:45:46.000Z</time>
      </trkpt>
      <trkpt lat="42.669904" lon="-0.285476">
        <ele>1929.283</ele>
        <time>2025-07-06T06:45:49.000Z</time>
      </trkpt>
      <trkpt lat="42.669953" lon="-0.285482">
        <ele>1930.061</ele>
        <time>2025-07-06T06:45:56.000Z</time>
      </trkpt>
      <trkpt lat="42.669992" lon="-0.285511">
        <ele>1930.026</ele>
        <time>2025-07-06T06:46:16.000Z</time>
      </trkpt>
      <trkpt lat="42.669992" lon="-0.285512">
        <ele>1930.047</ele>
        <time>2025-07-06T06:46:17.000Z</time>
      </trkpt>
      <trkpt lat="42.669993" lon="-0.285515">
        <ele>1930.211</ele>
        <time>2025-07-06T06:46:19.000Z</time>
      </trkpt>
      <trkpt lat="42.669993" lon="-0.285517">
        <ele>1930.209</ele>
        <time>2025-07-06T06:46:21.000Z</time>
      </trkpt>
      <trkpt lat="42.669993" lon="-0.285522">
        <ele>1930.414</ele>
        <time>2025-07-06T06:46:24.000Z</time>
      </trkpt>
      <trkpt lat="42.669994" lon="-0.285523">
        <ele>1930.674</ele>
        <time>2025-07-06T06:46:27.000Z</time>
      </trkpt>
      <trkpt lat="42.669996" lon="-0.285524">
        <ele>1931.462</ele>
        <time>2025-07-06T06:46:31.000Z</time>
      </trkpt>
      <trkpt lat="42.670003" lon="-0.285527">
        <ele>1933.07</ele>
        <time>2025-07-06T06:46:36.000Z</time>
      </trkpt>
      <trkpt lat="42.670016" lon="-0.285539">
        <ele>1934.056</ele>
        <time>2025-07-06T06:46:42.000Z</time>
      </trkpt>
      <trkpt lat="42.670028" lon="-0.285541">
        <ele>1934.893</ele>
        <time>2025-07-06T06:46:46.000Z</time>
      </trkpt>
      <trkpt lat="42.67003" lon="-0.285541">
        <ele>1935.097</ele>
        <time>2025-07-06T06:46:47.000Z</time>
      </trkpt>
      <trkpt lat="42.670048" lon="-0.285542">
        <ele>1936.212</ele>
        <time>2025-07-06T06:46:51.000Z</time>
      </trkpt>
      <trkpt lat="42.670089" lon="-0.285559">
        <ele>1937.43</ele>
        <time>2025-07-06T06:46:55.000Z</time>
      </trkpt>
      <trkpt lat="42.670097" lon="-0.285563">
        <ele>1937.678</ele>
        <time>2025-07-06T06:46:56.000Z</time>
      </trkpt>
      <trkpt lat="42.670129" lon="-0.28558">
        <ele>1938.433</ele>
        <time>2025-07-06T06:47:00.000Z</time>
      </trkpt>
      <trkpt lat="42.670132" lon="-0.285597">
        <ele>1939.226</ele>
        <time>2025-07-06T06:47:03.000Z</time>
      </trkpt>
      <trkpt lat="42.670136" lon="-0.285602">
        <ele>1939.409</ele>
        <time>2025-07-06T06:47:04.000Z</time>
      </trkpt>
      <trkpt lat="42.670154" lon="-0.285616">
        <ele>1940.649</ele>
        <time>2025-07-06T06:47:08.000Z</time>
      </trkpt>
      <trkpt lat="42.670159" lon="-0.285635">
        <ele>1941.229</ele>
        <time>2025-07-06T06:47:10.000Z</time>
      </trkpt>
      <trkpt lat="42.670166" lon="-0.285647">
        <ele>1941.617</ele>
        <time>2025-07-06T06:47:12.000Z</time>
      </trkpt>
      <trkpt lat="42.670187" lon="-0.285646">
        <ele>1942.685</ele>
        <time>2025-07-06T06:47:16.000Z</time>
      </trkpt>
      <trkpt lat="42.670192" lon="-0.285647">
        <ele>1942.871</ele>
        <time>2025-07-06T06:47:17.000Z</time>
      </trkpt>
      <trkpt lat="42.670193" lon="-0.285649">
        <ele>1943.068</ele>
        <time>2025-07-06T06:47:18.000Z</time>
      </trkpt>
      <trkpt lat="42.670204" lon="-0.285635">
        <ele>1943.612</ele>
        <time>2025-07-06T06:47:25.000Z</time>
      </trkpt>
      <trkpt lat="42.670204" lon="-0.285633">
        <ele>1943.837</ele>
        <time>2025-07-06T06:47:26.000Z</time>
      </trkpt>
      <trkpt lat="42.670205" lon="-0.285622">
        <ele>1944.035</ele>
        <time>2025-07-06T06:47:28.000Z</time>
      </trkpt>
      <trkpt lat="42.670219" lon="-0.285622">
        <ele>1944.644</ele>
        <time>2025-07-06T06:47:34.000Z</time>
      </trkpt>
      <trkpt lat="42.670227" lon="-0.285617">
        <ele>1944.805</ele>
        <time>2025-07-06T06:47:36.000Z</time>
      </trkpt>
      <trkpt lat="42.670242" lon="-0.285615">
        <ele>1946.015</ele>
        <time>2025-07-06T06:47:42.000Z</time>
      </trkpt>
      <trkpt lat="42.67026" lon="-0.285612">
        <ele>1947.209</ele>
        <time>2025-07-06T06:47:46.000Z</time>
      </trkpt>
      <trkpt lat="42.670278" lon="-0.285602">
        <ele>1948.056</ele>
        <time>2025-07-06T06:47:50.000Z</time>
      </trkpt>
      <trkpt lat="42.670284" lon="-0.285599">
        <ele>1948.296</ele>
        <time>2025-07-06T06:47:51.000Z</time>
      </trkpt>
      <trkpt lat="42.670309" lon="-0.285567">
        <ele>1949.484</ele>
        <time>2025-07-06T06:47:56.000Z</time>
      </trkpt>
      <trkpt lat="42.670325" lon="-0.285554">
        <ele>1950.612</ele>
        <time>2025-07-06T06:48:01.000Z</time>
      </trkpt>
      <trkpt lat="42.670342" lon="-0.285569">
        <ele>1951.458</ele>
        <time>2025-07-06T06:48:05.000Z</time>
      </trkpt>
      <trkpt lat="42.670344" lon="-0.285579">
        <ele>1951.895</ele>
        <time>2025-07-06T06:48:07.000Z</time>
      </trkpt>
      <trkpt lat="42.670353" lon="-0.285605">
        <ele>1953.029</ele>
        <time>2025-07-06T06:48:11.000Z</time>
      </trkpt>
      <trkpt lat="42.67036" lon="-0.2856">
        <ele>1953.434</ele>
        <time>2025-07-06T06:48:13.000Z</time>
      </trkpt>
      <trkpt lat="42.670374" lon="-0.285583">
        <ele>1954.032</ele>
        <time>2025-07-06T06:48:16.000Z</time>
      </trkpt>
      <trkpt lat="42.670385" lon="-0.285574">
        <ele>1954.468</ele>
        <time>2025-07-06T06:48:19.000Z</time>
      </trkpt>
      <trkpt lat="42.670395" lon="-0.285574">
        <ele>1954.642</ele>
        <time>2025-07-06T06:48:21.000Z</time>
      </trkpt>
      <trkpt lat="42.670402" lon="-0.28558">
        <ele>1955.226</ele>
        <time>2025-07-06T06:48:24.000Z</time>
      </trkpt>
      <trkpt lat="42.670417" lon="-0.285596">
        <ele>1956.409</ele>
        <time>2025-07-06T06:48:29.000Z</time>
      </trkpt>
      <trkpt lat="42.670431" lon="-0.285592">
        <ele>1957.018</ele>
        <time>2025-07-06T06:48:32.000Z</time>
      </trkpt>
      <trkpt lat="42.670441" lon="-0.285592">
        <ele>1957.698</ele>
        <time>2025-07-06T06:48:34.000Z</time>
      </trkpt>
      <trkpt lat="42.670456" lon="-0.285598">
        <ele>1958.896</ele>
        <time>2025-07-06T06:48:38.000Z</time>
      </trkpt>
      <trkpt lat="42.670475" lon="-0.285591">
        <ele>1959.834</ele>
        <time>2025-07-06T06:48:42.000Z</time>
      </trkpt>
      <trkpt lat="42.67049" lon="-0.285592">
        <ele>1960.68</ele>
        <time>2025-07-06T06:48:45.000Z</time>
      </trkpt>
      <trkpt lat="42.670496" lon="-0.285597">
        <ele>1961.027</ele>
        <time>2025-07-06T06:48:47.000Z</time>
      </trkpt>
      <trkpt lat="42.670512" lon="-0.285604">
        <ele>1962.221</ele>
        <time>2025-07-06T06:48:52.000Z</time>
      </trkpt>
      <trkpt lat="42.670524" lon="-0.285617">
        <ele>1963.496</ele>
        <time>2025-07-06T06:48:56.000Z</time>
      </trkpt>
      <trkpt lat="42.670539" lon="-0.285636">
        <ele>1963.834</ele>
        <time>2025-07-06T06:48:59.000Z</time>
      </trkpt>
      <trkpt lat="42.670544" lon="-0.285636">
        <ele>1964.496</ele>
        <time>2025-07-06T06:49:01.000Z</time>
      </trkpt>
      <trkpt lat="42.67055" lon="-0.285636">
        <ele>1965.231</ele>
        <time>2025-07-06T06:49:04.000Z</time>
      </trkpt>
      <trkpt lat="42.670552" lon="-0.285635">
        <ele>1965.624</ele>
        <time>2025-07-06T06:49:05.000Z</time>
      </trkpt>
      <trkpt lat="42.67057" lon="-0.285629">
        <ele>1966.609</ele>
        <time>2025-07-06T06:49:09.000Z</time>
      </trkpt>
      <trkpt lat="42.67058" lon="-0.285625">
        <ele>1967.451</ele>
        <time>2025-07-06T06:49:12.000Z</time>
      </trkpt>
      <trkpt lat="42.670586" lon="-0.28562">
        <ele>1967.851</ele>
        <time>2025-07-06T06:49:14.000Z</time>
      </trkpt>
      <trkpt lat="42.670606" lon="-0.285601">
        <ele>1968.899</ele>
        <time>2025-07-06T06:49:19.000Z</time>
      </trkpt>
      <trkpt lat="42.670608" lon="-0.285599">
        <ele>1969.017</ele>
        <time>2025-07-06T06:49:20.000Z</time>
      </trkpt>
      <trkpt lat="42.670617" lon="-0.285583">
        <ele>1970.023</ele>
        <time>2025-07-06T06:49:23.000Z</time>
      </trkpt>
      <trkpt lat="42.670626" lon="-0.285581">
        <ele>1971.08</ele>
        <time>2025-07-06T06:49:26.000Z</time>
      </trkpt>
      <trkpt lat="42.670639" lon="-0.285591">
        <ele>1971.864</ele>
        <time>2025-07-06T06:49:28.000Z</time>
      </trkpt>
      <trkpt lat="42.670643" lon="-0.285601">
        <ele>1972.219</ele>
        <time>2025-07-06T06:49:29.000Z</time>
      </trkpt>
      <trkpt lat="42.670652" lon="-0.285626">
        <ele>1973.427</ele>
        <time>2025-07-06T06:49:33.000Z</time>
      </trkpt>
      <trkpt lat="42.670657" lon="-0.285626">
        <ele>1974.081</ele>
        <time>2025-07-06T06:49:35.000Z</time>
      </trkpt>
      <trkpt lat="42.670671" lon="-0.285638">
        <ele>1974.661</ele>
        <time>2025-07-06T06:49:38.000Z</time>
      </trkpt>
      <trkpt lat="42.670678" lon="-0.285653">
        <ele>1975.817</ele>
        <time>2025-07-06T06:49:42.000Z</time>
      </trkpt>
      <trkpt lat="42.67069" lon="-0.285659">
        <ele>1977.009</ele>
        <time>2025-07-06T06:49:46.000Z</time>
      </trkpt>
      <trkpt lat="42.670692" lon="-0.285665">
        <ele>1977.46</ele>
        <time>2025-07-06T06:49:47.000Z</time>
      </trkpt>
      <trkpt lat="42.670704" lon="-0.285691">
        <ele>1978.27</ele>
        <time>2025-07-06T06:49:50.000Z</time>
      </trkpt>
      <trkpt lat="42.670733" lon="-0.28571">
        <ele>1979.238</ele>
        <time>2025-07-06T06:49:55.000Z</time>
      </trkpt>
      <trkpt lat="42.670743" lon="-0.285718">
        <ele>1980.446</ele>
        <time>2025-07-06T06:50:00.000Z</time>
      </trkpt>
      <trkpt lat="42.670746" lon="-0.285721">
        <ele>1980.642</ele>
        <time>2025-07-06T06:50:01.000Z</time>
      </trkpt>
      <trkpt lat="42.670762" lon="-0.285744">
        <ele>1981.459</ele>
        <time>2025-07-06T06:50:08.000Z</time>
      </trkpt>
      <trkpt lat="42.670763" lon="-0.285747">
        <ele>1981.623</ele>
        <time>2025-07-06T06:50:09.000Z</time>
      </trkpt>
      <trkpt lat="42.670767" lon="-0.285759">
        <ele>1982.428</ele>
        <time>2025-07-06T06:50:12.000Z</time>
      </trkpt>
      <trkpt lat="42.670767" lon="-0.285772">
        <ele>1983.676</ele>
        <time>2025-07-06T06:50:16.000Z</time>
      </trkpt>
      <trkpt lat="42.670767" lon="-0.285774">
        <ele>1983.873</ele>
        <time>2025-07-06T06:50:18.000Z</time>
      </trkpt>
      <trkpt lat="42.67077" lon="-0.285771">
        <ele>1983.885</ele>
        <time>2025-07-06T06:50:19.000Z</time>
      </trkpt>
      <trkpt lat="42.67078" lon="-0.285777">
        <ele>1984.613</ele>
        <time>2025-07-06T06:50:26.000Z</time>
      </trkpt>
      <trkpt lat="42.67079" lon="-0.285787">
        <ele>1985.209</ele>
        <time>2025-07-06T06:50:28.000Z</time>
      </trkpt>
      <trkpt lat="42.6708" lon="-0.285789">
        <ele>1985.479</ele>
        <time>2025-07-06T06:50:29.000Z</time>
      </trkpt>
      <trkpt lat="42.670813" lon="-0.285788">
        <ele>1985.859</ele>
        <time>2025-07-06T06:50:31.000Z</time>
      </trkpt>
      <trkpt lat="42.670827" lon="-0.285787">
        <ele>1987.217</ele>
        <time>2025-07-06T06:50:35.000Z</time>
      </trkpt>
      <trkpt lat="42.67085" lon="-0.285796">
        <ele>1988.285</ele>
        <time>2025-07-06T06:50:39.000Z</time>
      </trkpt>
      <trkpt lat="42.670862" lon="-0.285784">
        <ele>1988.861</ele>
        <time>2025-07-06T06:50:41.000Z</time>
      </trkpt>
      <trkpt lat="42.670873" lon="-0.285784">
        <ele>1989.438</ele>
        <time>2025-07-06T06:50:44.000Z</time>
      </trkpt>
      <trkpt lat="42.670877" lon="-0.285788">
        <ele>1990.292</ele>
        <time>2025-07-06T06:50:47.000Z</time>
      </trkpt>
      <trkpt lat="42.670877" lon="-0.285793">
        <ele>1990.667</ele>
        <time>2025-07-06T06:50:49.000Z</time>
      </trkpt>
      <trkpt lat="42.670887" lon="-0.285799">
        <ele>1991.255</ele>
        <time>2025-07-06T06:50:53.000Z</time>
      </trkpt>
      <trkpt lat="42.670895" lon="-0.285795">
        <ele>1991.825</ele>
        <time>2025-07-06T06:50:55.000Z</time>
      </trkpt>
      <trkpt lat="42.670914" lon="-0.2858">
        <ele>1993.026</ele>
        <time>2025-07-06T06:51:00.000Z</time>
      </trkpt>
      <trkpt lat="42.670922" lon="-0.285814">
        <ele>1994.008</ele>
        <time>2025-07-06T06:51:04.000Z</time>
      </trkpt>
      <trkpt lat="42.670927" lon="-0.285826">
        <ele>1994.409</ele>
        <time>2025-07-06T06:51:06.000Z</time>
      </trkpt>
      <trkpt lat="42.670948" lon="-0.285841">
        <ele>1995.244</ele>
        <time>2025-07-06T06:51:09.000Z</time>
      </trkpt>
      <trkpt lat="42.670972" lon="-0.285848">
        <ele>1996.214</ele>
        <time>2025-07-06T06:51:12.000Z</time>
      </trkpt>
      <trkpt lat="42.670975" lon="-0.285849">
        <ele>1996.442</ele>
        <time>2025-07-06T06:51:13.000Z</time>
      </trkpt>
      <trkpt lat="42.670981" lon="-0.285863">
        <ele>1997.83</ele>
        <time>2025-07-06T06:51:16.000Z</time>
      </trkpt>
      <trkpt lat="42.670981" lon="-0.285866">
        <ele>1998.456</ele>
        <time>2025-07-06T06:51:17.000Z</time>
      </trkpt>
      <trkpt lat="42.670984" lon="-0.285882">
        <ele>1999.023</ele>
        <time>2025-07-06T06:51:19.000Z</time>
      </trkpt>
      <trkpt lat="42.670994" lon="-0.285911">
        <ele>2000.277</ele>
        <time>2025-07-06T06:51:23.000Z</time>
      </trkpt>
      <trkpt lat="42.671008" lon="-0.285907">
        <ele>2001.082</ele>
        <time>2025-07-06T06:51:25.000Z</time>
      </trkpt>
      <trkpt lat="42.671011" lon="-0.285902">
        <ele>2001.26</ele>
        <time>2025-07-06T06:51:26.000Z</time>
      </trkpt>
      <trkpt lat="42.671048" lon="-0.285876">
        <ele>2002.463</ele>
        <time>2025-07-06T06:51:31.000Z</time>
      </trkpt>
      <trkpt lat="42.671053" lon="-0.285879">
        <ele>2002.844</ele>
        <time>2025-07-06T06:51:33.000Z</time>
      </trkpt>
      <trkpt lat="42.671059" lon="-0.28589">
        <ele>2003.618</ele>
        <time>2025-07-06T06:51:36.000Z</time>
      </trkpt>
      <trkpt lat="42.671085" lon="-0.285889">
        <ele>2004.809</ele>
        <time>2025-07-06T06:51:41.000Z</time>
      </trkpt>
      <trkpt lat="42.671116" lon="-0.28586">
        <ele>2005.888</ele>
        <time>2025-07-06T06:51:46.000Z</time>
      </trkpt>
      <trkpt lat="42.671127" lon="-0.285854">
        <ele>2006.248</ele>
        <time>2025-07-06T06:51:48.000Z</time>
      </trkpt>
      <trkpt lat="42.671137" lon="-0.285853">
        <ele>2007.096</ele>
        <time>2025-07-06T06:51:51.000Z</time>
      </trkpt>
      <trkpt lat="42.671138" lon="-0.285862">
        <ele>2007.434</ele>
        <time>2025-07-06T06:51:54.000Z</time>
      </trkpt>
      <trkpt lat="42.671142" lon="-0.285864">
        <ele>2008.08</ele>
        <time>2025-07-06T06:51:56.000Z</time>
      </trkpt>
      <trkpt lat="42.671142" lon="-0.285867">
        <ele>2008.687</ele>
        <time>2025-07-06T06:51:59.000Z</time>
      </trkpt>
      <trkpt lat="42.671149" lon="-0.285874">
        <ele>2009.211</ele>
        <time>2025-07-06T06:52:03.000Z</time>
      </trkpt>
      <trkpt lat="42.671168" lon="-0.28587">
        <ele>2010.226</ele>
        <time>2025-07-06T06:52:07.000Z</time>
      </trkpt>
      <trkpt lat="42.671173" lon="-0.285885">
        <ele>2011.034</ele>
        <time>2025-07-06T06:52:11.000Z</time>
      </trkpt>
      <trkpt lat="42.671172" lon="-0.285891">
        <ele>2011.233</ele>
        <time>2025-07-06T06:52:12.000Z</time>
      </trkpt>
      <trkpt lat="42.671172" lon="-0.285895">
        <ele>2012.023</ele>
        <time>2025-07-06T06:52:21.000Z</time>
      </trkpt>
      <trkpt lat="42.671172" lon="-0.285895">
        <ele>2012.415</ele>
        <time>2025-07-06T06:52:22.000Z</time>
      </trkpt>
      <trkpt lat="42.671172" lon="-0.285895">
        <ele>2013.409</ele>
        <time>2025-07-06T06:52:26.000Z</time>
      </trkpt>
      <trkpt lat="42.671173" lon="-0.285897">
        <ele>2014.815</ele>
        <time>2025-07-06T06:52:30.000Z</time>
      </trkpt>
      <trkpt lat="42.671179" lon="-0.285912">
        <ele>2015.875</ele>
        <time>2025-07-06T06:52:34.000Z</time>
      </trkpt>
      <trkpt lat="42.671193" lon="-0.285946">
        <ele>2017.043</ele>
        <time>2025-07-06T06:52:39.000Z</time>
      </trkpt>
      <trkpt lat="42.671212" lon="-0.285963">
        <ele>2018.041</ele>
        <time>2025-07-06T06:52:44.000Z</time>
      </trkpt>
      <trkpt lat="42.671226" lon="-0.285974">
        <ele>2018.697</ele>
        <time>2025-07-06T06:52:48.000Z</time>
      </trkpt>
      <trkpt lat="42.671231" lon="-0.285975">
        <ele>2019.044</ele>
        <time>2025-07-06T06:52:50.000Z</time>
      </trkpt>
      <trkpt lat="42.671241" lon="-0.285989">
        <ele>2020.288</ele>
        <time>2025-07-06T06:52:54.000Z</time>
      </trkpt>
      <trkpt lat="42.671258" lon="-0.285994">
        <ele>2021.463</ele>
        <time>2025-07-06T06:52:58.000Z</time>
      </trkpt>
      <trkpt lat="42.671294" lon="-0.286012">
        <ele>2021.651</ele>
        <time>2025-07-06T06:53:09.000Z</time>
      </trkpt>
      <trkpt lat="42.671311" lon="-0.286013">
        <ele>2021.629</ele>
        <time>2025-07-06T06:53:19.000Z</time>
      </trkpt>
      <trkpt lat="42.671311" lon="-0.286012">
        <ele>2021.6</ele>
        <time>2025-07-06T06:53:25.000Z</time>
      </trkpt>
      <trkpt lat="42.671312" lon="-0.286012">
        <ele>2021.62</ele>
        <time>2025-07-06T06:53:31.000Z</time>
      </trkpt>
      <trkpt lat="42.671312" lon="-0.286011">
        <ele>2021.609</ele>
        <time>2025-07-06T06:53:33.000Z</time>
      </trkpt>
      <trkpt lat="42.671312" lon="-0.28601">
        <ele>2021.674</ele>
        <time>2025-07-06T06:53:37.000Z</time>
      </trkpt>
      <trkpt lat="42.671315" lon="-0.286005">
        <ele>2022.684</ele>
        <time>2025-07-06T06:53:47.000Z</time>
      </trkpt>
      <trkpt lat="42.671319" lon="-0.286002">
        <ele>2023.872</ele>
        <time>2025-07-06T06:53:51.000Z</time>
      </trkpt>
      <trkpt lat="42.671323" lon="-0.286001">
        <ele>2024.87</ele>
        <time>2025-07-06T06:53:56.000Z</time>
      </trkpt>
      <trkpt lat="42.671331" lon="-0.286001">
        <ele>2026.066</ele>
        <time>2025-07-06T06:54:00.000Z</time>
      </trkpt>
      <trkpt lat="42.671342" lon="-0.286002">
        <ele>2027.013</ele>
        <time>2025-07-06T06:54:04.000Z</time>
      </trkpt>
      <trkpt lat="42.671369" lon="-0.286015">
        <ele>2028.267</ele>
        <time>2025-07-06T06:54:09.000Z</time>
      </trkpt>
      <trkpt lat="42.671387" lon="-0.286032">
        <ele>2029.432</ele>
        <time>2025-07-06T06:54:13.000Z</time>
      </trkpt>
      <trkpt lat="42.671399" lon="-0.286042">
        <ele>2030.45</ele>
        <time>2025-07-06T06:54:17.000Z</time>
      </trkpt>
      <trkpt lat="42.671403" lon="-0.286047">
        <ele>2030.878</ele>
        <time>2025-07-06T06:54:18.000Z</time>
      </trkpt>
      <trkpt lat="42.671417" lon="-0.286057">
        <ele>2031.833</ele>
        <time>2025-07-06T06:54:23.000Z</time>
      </trkpt>
      <trkpt lat="42.671421" lon="-0.286066">
        <ele>2032.226</ele>
        <time>2025-07-06T06:54:26.000Z</time>
      </trkpt>
      <trkpt lat="42.67143" lon="-0.286073">
        <ele>2033.009</ele>
        <time>2025-07-06T06:54:30.000Z</time>
      </trkpt>
      <trkpt lat="42.671453" lon="-0.286078">
        <ele>2034.039</ele>
        <time>2025-07-06T06:54:36.000Z</time>
      </trkpt>
      <trkpt lat="42.671466" lon="-0.286085">
        <ele>2035.219</ele>
        <time>2025-07-06T06:54:41.000Z</time>
      </trkpt>
      <trkpt lat="42.671477" lon="-0.286091">
        <ele>2036.257</ele>
        <time>2025-07-06T06:54:45.000Z</time>
      </trkpt>
      <trkpt lat="42.671507" lon="-0.286099">
        <ele>2037.435</ele>
        <time>2025-07-06T06:54:56.000Z</time>
      </trkpt>
      <trkpt lat="42.671521" lon="-0.286102">
        <ele>2038.631</ele>
        <time>2025-07-06T06:55:02.000Z</time>
      </trkpt>
      <trkpt lat="42.671557" lon="-0.286152">
        <ele>2039.658</ele>
        <time>2025-07-06T06:55:08.000Z</time>
      </trkpt>
      <trkpt lat="42.671566" lon="-0.286163">
        <ele>2040.052</ele>
        <time>2025-07-06T06:55:09.000Z</time>
      </trkpt>
      <trkpt lat="42.671597" lon="-0.286187">
        <ele>2040.837</ele>
        <time>2025-07-06T06:55:12.000Z</time>
      </trkpt>
      <trkpt lat="42.67162" lon="-0.286192">
        <ele>2041.865</ele>
        <time>2025-07-06T06:55:16.000Z</time>
      </trkpt>
      <trkpt lat="42.671636" lon="-0.286189">
        <ele>2043.047</ele>
        <time>2025-07-06T06:55:21.000Z</time>
      </trkpt>
      <trkpt lat="42.67164" lon="-0.286191">
        <ele>2043.429</ele>
        <time>2025-07-06T06:55:23.000Z</time>
      </trkpt>
      <trkpt lat="42.67166" lon="-0.286188">
        <ele>2044.221</ele>
        <time>2025-07-06T06:55:28.000Z</time>
      </trkpt>
      <trkpt lat="42.671677" lon="-0.28619">
        <ele>2045.409</ele>
        <time>2025-07-06T06:55:32.000Z</time>
      </trkpt>
      <trkpt lat="42.671693" lon="-0.28618">
        <ele>2046.616</ele>
        <time>2025-07-06T06:55:36.000Z</time>
      </trkpt>
      <trkpt lat="42.671708" lon="-0.286171">
        <ele>2047.616</ele>
        <time>2025-07-06T06:55:40.000Z</time>
      </trkpt>
      <trkpt lat="42.671714" lon="-0.286152">
        <ele>2048.094</ele>
        <time>2025-07-06T06:55:42.000Z</time>
      </trkpt>
      <trkpt lat="42.67172" lon="-0.286131">
        <ele>2048.662</ele>
        <time>2025-07-06T06:55:48.000Z</time>
      </trkpt>
      <trkpt lat="42.671723" lon="-0.286128">
        <ele>2048.898</ele>
        <time>2025-07-06T06:55:49.000Z</time>
      </trkpt>
      <trkpt lat="42.671728" lon="-0.286125">
        <ele>2049.475</ele>
        <time>2025-07-06T06:55:52.000Z</time>
      </trkpt>
      <trkpt lat="42.671735" lon="-0.286124">
        <ele>2049.839</ele>
        <time>2025-07-06T06:55:55.000Z</time>
      </trkpt>
      <trkpt lat="42.671738" lon="-0.286126">
        <ele>2050.094</ele>
        <time>2025-07-06T06:55:56.000Z</time>
      </trkpt>
      <trkpt lat="42.671744" lon="-0.286148">
        <ele>2051.012</ele>
        <time>2025-07-06T06:56:00.000Z</time>
      </trkpt>
      <trkpt lat="42.67176" lon="-0.286179">
        <ele>2052.251</ele>
        <time>2025-07-06T06:56:04.000Z</time>
      </trkpt>
      <trkpt lat="42.671777" lon="-0.286184">
        <ele>2053.201</ele>
        <time>2025-07-06T06:56:08.000Z</time>
      </trkpt>
      <trkpt lat="42.67179" lon="-0.286165">
        <ele>2053.811</ele>
        <time>2025-07-06T06:56:11.000Z</time>
      </trkpt>
      <trkpt lat="42.671794" lon="-0.286162">
        <ele>2054.209</ele>
        <time>2025-07-06T06:56:12.000Z</time>
      </trkpt>
      <trkpt lat="42.671798" lon="-0.286158">
        <ele>2054.497</ele>
        <time>2025-07-06T06:56:13.000Z</time>
      </trkpt>
      <trkpt lat="42.671821" lon="-0.286124">
        <ele>2055.477</ele>
        <time>2025-07-06T06:56:18.000Z</time>
      </trkpt>
      <trkpt lat="42.671835" lon="-0.286105">
        <ele>2056.075</ele>
        <time>2025-07-06T06:56:21.000Z</time>
      </trkpt>
      <trkpt lat="42.67185" lon="-0.286086">
        <ele>2056.673</ele>
        <time>2025-07-06T06:56:24.000Z</time>
      </trkpt>
      <trkpt lat="42.671875" lon="-0.286068">
        <ele>2057.689</ele>
        <time>2025-07-06T06:56:28.000Z</time>
      </trkpt>
      <trkpt lat="42.671891" lon="-0.286056">
        <ele>2058.246</ele>
        <time>2025-07-06T06:56:31.000Z</time>
      </trkpt>
      <trkpt lat="42.671899" lon="-0.286051">
        <ele>2058.66</ele>
        <time>2025-07-06T06:56:33.000Z</time>
      </trkpt>
      <trkpt lat="42.671916" lon="-0.286073">
        <ele>2059.885</ele>
        <time>2025-07-06T06:56:38.000Z</time>
      </trkpt>
      <trkpt lat="42.671919" lon="-0.286075">
        <ele>2060.013</ele>
        <time>2025-07-06T06:56:39.000Z</time>
      </trkpt>
      <trkpt lat="42.671931" lon="-0.286077">
        <ele>2060.889</ele>
        <time>2025-07-06T06:56:42.000Z</time>
      </trkpt>
      <trkpt lat="42.67194" lon="-0.286079">
        <ele>2061.606</ele>
        <time>2025-07-06T06:56:46.000Z</time>
      </trkpt>
      <trkpt lat="42.671941" lon="-0.286079">
        <ele>2061.826</ele>
        <time>2025-07-06T06:56:47.000Z</time>
      </trkpt>
      <trkpt lat="42.671943" lon="-0.286084">
        <ele>2063.209</ele>
        <time>2025-07-06T06:56:54.000Z</time>
      </trkpt>
      <trkpt lat="42.671943" lon="-0.286084">
        <ele>2064.23</ele>
        <time>2025-07-06T06:56:59.000Z</time>
      </trkpt>
      <trkpt lat="42.671943" lon="-0.286084">
        <ele>2065.44</ele>
        <time>2025-07-06T06:57:03.000Z</time>
      </trkpt>
      <trkpt lat="42.671948" lon="-0.286089">
        <ele>2066.428</ele>
        <time>2025-07-06T06:57:07.000Z</time>
      </trkpt>
      <trkpt lat="42.671962" lon="-0.2861">
        <ele>2067.696</ele>
        <time>2025-07-06T06:57:11.000Z</time>
      </trkpt>
      <trkpt lat="42.671971" lon="-0.286107">
        <ele>2068.672</ele>
        <time>2025-07-06T06:57:15.000Z</time>
      </trkpt>
      <trkpt lat="42.671986" lon="-0.286132">
        <ele>2069.669</ele>
        <time>2025-07-06T06:57:20.000Z</time>
      </trkpt>
      <trkpt lat="42.671989" lon="-0.286137">
        <ele>2069.873</ele>
        <time>2025-07-06T06:57:21.000Z</time>
      </trkpt>
      <trkpt lat="42.672015" lon="-0.286149">
        <ele>2070.268</ele>
        <time>2025-07-06T06:57:28.000Z</time>
      </trkpt>
      <trkpt lat="42.672026" lon="-0.286151">
        <ele>2070.876</ele>
        <time>2025-07-06T06:57:31.000Z</time>
      </trkpt>
      <trkpt lat="42.672037" lon="-0.286156">
        <ele>2072.085</ele>
        <time>2025-07-06T06:57:36.000Z</time>
      </trkpt>
      <trkpt lat="42.672037" lon="-0.286157">
        <ele>2072.489</ele>
        <time>2025-07-06T06:57:38.000Z</time>
      </trkpt>
      <trkpt lat="42.672041" lon="-0.286157">
        <ele>2072.817</ele>
        <time>2025-07-06T06:57:40.000Z</time>
      </trkpt>
      <trkpt lat="42.672044" lon="-0.286159">
        <ele>2073.009</ele>
        <time>2025-07-06T06:57:41.000Z</time>
      </trkpt>
      <trkpt lat="42.672054" lon="-0.286168">
        <ele>2074.09</ele>
        <time>2025-07-06T06:57:46.000Z</time>
      </trkpt>
      <trkpt lat="42.672062" lon="-0.286185">
        <ele>2075.08</ele>
        <time>2025-07-06T06:57:50.000Z</time>
      </trkpt>
      <trkpt lat="42.672069" lon="-0.286204">
        <ele>2076.028</ele>
        <time>2025-07-06T06:57:54.000Z</time>
      </trkpt>
      <trkpt lat="42.672071" lon="-0.286209">
        <ele>2076.266</ele>
        <time>2025-07-06T06:57:55.000Z</time>
      </trkpt>
      <trkpt lat="42.672083" lon="-0.286215">
        <ele>2077.252</ele>
        <time>2025-07-06T06:57:59.000Z</time>
      </trkpt>
      <trkpt lat="42.672089" lon="-0.286216">
        <ele>2077.629</ele>
        <time>2025-07-06T06:58:00.000Z</time>
      </trkpt>
      <trkpt lat="42.672104" lon="-0.286221">
        <ele>2078.673</ele>
        <time>2025-07-06T06:58:04.000Z</time>
      </trkpt>
      <trkpt lat="42.672109" lon="-0.286229">
        <ele>2079.298</ele>
        <time>2025-07-06T06:58:07.000Z</time>
      </trkpt>
      <trkpt lat="42.672114" lon="-0.286241">
        <ele>2079.866</ele>
        <time>2025-07-06T06:58:09.000Z</time>
      </trkpt>
      <trkpt lat="42.672124" lon="-0.286266">
        <ele>2080.889</ele>
        <time>2025-07-06T06:58:13.000Z</time>
      </trkpt>
      <trkpt lat="42.672142" lon="-0.286278">
        <ele>2082.006</ele>
        <time>2025-07-06T06:58:18.000Z</time>
      </trkpt>
      <trkpt lat="42.672157" lon="-0.28629">
        <ele>2083.226</ele>
        <time>2025-07-06T06:58:24.000Z</time>
      </trkpt>
      <trkpt lat="42.67217" lon="-0.286307">
        <ele>2084.409</ele>
        <time>2025-07-06T06:58:29.000Z</time>
      </trkpt>
      <trkpt lat="42.672185" lon="-0.286313">
        <ele>2085.42</ele>
        <time>2025-07-06T06:58:34.000Z</time>
      </trkpt>
      <trkpt lat="42.672198" lon="-0.28632">
        <ele>2086.69</ele>
        <time>2025-07-06T06:58:40.000Z</time>
      </trkpt>
      <trkpt lat="42.672206" lon="-0.286331">
        <ele>2087.648</ele>
        <time>2025-07-06T06:58:45.000Z</time>
      </trkpt>
      <trkpt lat="42.67222" lon="-0.286335">
        <ele>2089.046</ele>
        <time>2025-07-06T06:58:50.000Z</time>
      </trkpt>
      <trkpt lat="42.672231" lon="-0.286339">
        <ele>2089.632</ele>
        <time>2025-07-06T06:58:53.000Z</time>
      </trkpt>
      <trkpt lat="42.672238" lon="-0.286342">
        <ele>2090.019</ele>
        <time>2025-07-06T06:58:55.000Z</time>
      </trkpt>
      <trkpt lat="42.672262" lon="-0.286342">
        <ele>2091.053</ele>
        <time>2025-07-06T06:59:03.000Z</time>
      </trkpt>
      <trkpt lat="42.672272" lon="-0.286346">
        <ele>2092.298</ele>
        <time>2025-07-06T06:59:07.000Z</time>
      </trkpt>
      <trkpt lat="42.672301" lon="-0.286391">
        <ele>2093.296</ele>
        <time>2025-07-06T06:59:11.000Z</time>
      </trkpt>
      <trkpt lat="42.672319" lon="-0.286402">
        <ele>2093.682</ele>
        <time>2025-07-06T06:59:13.000Z</time>
      </trkpt>
      <trkpt lat="42.672337" lon="-0.286404">
        <ele>2094.243</ele>
        <time>2025-07-06T06:59:15.000Z</time>
      </trkpt>
      <trkpt lat="42.672355" lon="-0.286386">
        <ele>2095.217</ele>
        <time>2025-07-06T06:59:19.000Z</time>
      </trkpt>
      <trkpt lat="42.672366" lon="-0.286385">
        <ele>2096.009</ele>
        <time>2025-07-06T06:59:21.000Z</time>
      </trkpt>
      <trkpt lat="42.672375" lon="-0.286376">
        <ele>2096.68</ele>
        <time>2025-07-06T06:59:23.000Z</time>
      </trkpt>
      <trkpt lat="42.672379" lon="-0.286382">
        <ele>2097.49</ele>
        <time>2025-07-06T06:59:27.000Z</time>
      </trkpt>
      <trkpt lat="42.672384" lon="-0.286383">
        <ele>2097.838</ele>
        <time>2025-07-06T06:59:29.000Z</time>
      </trkpt>
      <trkpt lat="42.672389" lon="-0.286395">
        <ele>2098.426</ele>
        <time>2025-07-06T06:59:32.000Z</time>
      </trkpt>
      <trkpt lat="42.672393" lon="-0.286403">
        <ele>2099.062</ele>
        <time>2025-07-06T06:59:34.000Z</time>
      </trkpt>
      <trkpt lat="42.672394" lon="-0.286404">
        <ele>2099.639</ele>
        <time>2025-07-06T06:59:36.000Z</time>
      </trkpt>
      <trkpt lat="42.672409" lon="-0.286405">
        <ele>2100.213</ele>
        <time>2025-07-06T06:59:39.000Z</time>
      </trkpt>
      <trkpt lat="42.672423" lon="-0.286396">
        <ele>2101.488</ele>
        <time>2025-07-06T06:59:43.000Z</time>
      </trkpt>
      <trkpt lat="42.672428" lon="-0.286389">
        <ele>2102.236</ele>
        <time>2025-07-06T06:59:46.000Z</time>
      </trkpt>
      <trkpt lat="42.67243" lon="-0.286394">
        <ele>2102.664</ele>
        <time>2025-07-06T06:59:48.000Z</time>
      </trkpt>
      <trkpt lat="42.67244" lon="-0.286413">
        <ele>2103.206</ele>
        <time>2025-07-06T06:59:52.000Z</time>
      </trkpt>
      <trkpt lat="42.672442" lon="-0.286426">
        <ele>2103.616</ele>
        <time>2025-07-06T06:59:54.000Z</time>
      </trkpt>
      <trkpt lat="42.672453" lon="-0.286453">
        <ele>2104.809</ele>
        <time>2025-07-06T06:59:59.000Z</time>
      </trkpt>
      <trkpt lat="42.672472" lon="-0.286461">
        <ele>2105.888</ele>
        <time>2025-07-06T07:00:04.000Z</time>
      </trkpt>
      <trkpt lat="42.672475" lon="-0.286459">
        <ele>2106.058</ele>
        <time>2025-07-06T07:00:05.000Z</time>
      </trkpt>
      <trkpt lat="42.672495" lon="-0.286441">
        <ele>2107.226</ele>
        <time>2025-07-06T07:00:09.000Z</time>
      </trkpt>
      <trkpt lat="42.672514" lon="-0.286437">
        <ele>2108.424</ele>
        <time>2025-07-06T07:00:13.000Z</time>
      </trkpt>
      <trkpt lat="42.672519" lon="-0.286438">
        <ele>2108.62</ele>
        <time>2025-07-06T07:00:14.000Z</time>
      </trkpt>
      <trkpt lat="42.672521" lon="-0.286452">
        <ele>2109.427</ele>
        <time>2025-07-06T07:00:16.000Z</time>
      </trkpt>
      <trkpt lat="42.672532" lon="-0.286481">
        <ele>2110.641</ele>
        <time>2025-07-06T07:00:22.000Z</time>
      </trkpt>
      <trkpt lat="42.672532" lon="-0.286481">
        <ele>2110.626</ele>
        <time>2025-07-06T07:00:25.000Z</time>
      </trkpt>
      <trkpt lat="42.672532" lon="-0.286481">
        <ele>2110.664</ele>
        <time>2025-07-06T07:00:36.000Z</time>
      </trkpt>
      <trkpt lat="42.672543" lon="-0.286498">
        <ele>2111.885</ele>
        <time>2025-07-06T07:00:41.000Z</time>
      </trkpt>
      <trkpt lat="42.672558" lon="-0.286507">
        <ele>2112.489</ele>
        <time>2025-07-06T07:00:43.000Z</time>
      </trkpt>
      <trkpt lat="42.672571" lon="-0.286514">
        <ele>2113.217</ele>
        <time>2025-07-06T07:00:45.000Z</time>
      </trkpt>
      <trkpt lat="42.672588" lon="-0.286553">
        <ele>2114.009</ele>
        <time>2025-07-06T07:00:48.000Z</time>
      </trkpt>
      <trkpt lat="42.672594" lon="-0.286562">
        <ele>2114.22</ele>
        <time>2025-07-06T07:00:49.000Z</time>
      </trkpt>
      <trkpt lat="42.672601" lon="-0.28658">
        <ele>2114.89</ele>
        <time>2025-07-06T07:00:51.000Z</time>
      </trkpt>
      <trkpt lat="42.672607" lon="-0.286597">
        <ele>2115.478</ele>
        <time>2025-07-06T07:00:53.000Z</time>
      </trkpt>
      <trkpt lat="42.672615" lon="-0.286616">
        <ele>2116.016</ele>
        <time>2025-07-06T07:00:55.000Z</time>
      </trkpt>
      <trkpt lat="42.672616" lon="-0.286623">
        <ele>2116.432</ele>
        <time>2025-07-06T07:00:56.000Z</time>
      </trkpt>
      <trkpt lat="42.672617" lon="-0.286642">
        <ele>2117.459</ele>
        <time>2025-07-06T07:01:00.000Z</time>
      </trkpt>
      <trkpt lat="42.672615" lon="-0.286644">
        <ele>2117.683</ele>
        <time>2025-07-06T07:01:04.000Z</time>
      </trkpt>
      <trkpt lat="42.672615" lon="-0.286645">
        <ele>2117.828</ele>
        <time>2025-07-06T07:01:10.000Z</time>
      </trkpt>
      <trkpt lat="42.672615" lon="-0.286645">
        <ele>2118.646</ele>
        <time>2025-07-06T07:01:18.000Z</time>
      </trkpt>
      <trkpt lat="42.672627" lon="-0.286693">
        <ele>2119.637</ele>
        <time>2025-07-06T07:01:22.000Z</time>
      </trkpt>
      <trkpt lat="42.67263" lon="-0.286709">
        <ele>2119.849</ele>
        <time>2025-07-06T07:01:23.000Z</time>
      </trkpt>
      <trkpt lat="42.672663" lon="-0.286804">
        <ele>2120.613</ele>
        <time>2025-07-06T07:01:29.000Z</time>
      </trkpt>
      <trkpt lat="42.67267" lon="-0.286822">
        <ele>2121.209</ele>
        <time>2025-07-06T07:01:31.000Z</time>
      </trkpt>
      <trkpt lat="42.672677" lon="-0.286832">
        <ele>2121.875</ele>
        <time>2025-07-06T07:01:33.000Z</time>
      </trkpt>
      <trkpt lat="42.672695" lon="-0.286858">
        <ele>2123.015</ele>
        <time>2025-07-06T07:01:37.000Z</time>
      </trkpt>
      <trkpt lat="42.672707" lon="-0.286867">
        <ele>2123.493</ele>
        <time>2025-07-06T07:01:39.000Z</time>
      </trkpt>
      <trkpt lat="42.672712" lon="-0.286878">
        <ele>2124.071</ele>
        <time>2025-07-06T07:01:41.000Z</time>
      </trkpt>
      <trkpt lat="42.672727" lon="-0.286897">
        <ele>2125.257</ele>
        <time>2025-07-06T07:01:45.000Z</time>
      </trkpt>
      <trkpt lat="42.672739" lon="-0.286927">
        <ele>2126.054</ele>
        <time>2025-07-06T07:01:48.000Z</time>
      </trkpt>
      <trkpt lat="42.672745" lon="-0.286933">
        <ele>2126.278</ele>
        <time>2025-07-06T07:01:49.000Z</time>
      </trkpt>
      <trkpt lat="42.672749" lon="-0.286939">
        <ele>2126.463</ele>
        <time>2025-07-06T07:01:50.000Z</time>
      </trkpt>
      <trkpt lat="42.672759" lon="-0.286958">
        <ele>2127.041</ele>
        <time>2025-07-06T07:01:52.000Z</time>
      </trkpt>
      <trkpt lat="42.672762" lon="-0.286965">
        <ele>2127.484</ele>
        <time>2025-07-06T07:01:53.000Z</time>
      </trkpt>
      <trkpt lat="42.672776" lon="-0.286978">
        <ele>2128.407</ele>
        <time>2025-07-06T07:01:56.000Z</time>
      </trkpt>
      <trkpt lat="42.672789" lon="-0.286994">
        <ele>2129.217</ele>
        <time>2025-07-06T07:01:58.000Z</time>
      </trkpt>
      <trkpt lat="42.672794" lon="-0.287006">
        <ele>2129.609</ele>
        <time>2025-07-06T07:01:59.000Z</time>
      </trkpt>
      <trkpt lat="42.672813" lon="-0.28704">
        <ele>2130.82</ele>
        <time>2025-07-06T07:02:04.000Z</time>
      </trkpt>
      <trkpt lat="42.672812" lon="-0.28704">
        <ele>2131.01</ele>
        <time>2025-07-06T07:02:06.000Z</time>
      </trkpt>
      <trkpt lat="42.672811" lon="-0.287049">
        <ele>2131.648</ele>
        <time>2025-07-06T07:02:31.000Z</time>
      </trkpt>
      <trkpt lat="42.672812" lon="-0.287053">
        <ele>2131.876</ele>
        <time>2025-07-06T07:02:35.000Z</time>
      </trkpt>
      <trkpt lat="42.672812" lon="-0.287054">
        <ele>2131.852</ele>
        <time>2025-07-06T07:02:37.000Z</time>
      </trkpt>
      <trkpt lat="42.672812" lon="-0.287055">
        <ele>2132.299</ele>
        <time>2025-07-06T07:02:41.000Z</time>
      </trkpt>
      <trkpt lat="42.672812" lon="-0.287056">
        <ele>2133.273</ele>
        <time>2025-07-06T07:02:44.000Z</time>
      </trkpt>
      <trkpt lat="42.672834" lon="-0.287088">
        <ele>2134.468</ele>
        <time>2025-07-06T07:02:48.000Z</time>
      </trkpt>
      <trkpt lat="42.672867" lon="-0.287136">
        <ele>2135.016</ele>
        <time>2025-07-06T07:02:51.000Z</time>
      </trkpt>
      <trkpt lat="42.672885" lon="-0.287162">
        <ele>2135.824</ele>
        <time>2025-07-06T07:02:53.000Z</time>
      </trkpt>
      <trkpt lat="42.672907" lon="-0.287198">
        <ele>2136.604</ele>
        <time>2025-07-06T07:02:59.000Z</time>
      </trkpt>
      <trkpt lat="42.672917" lon="-0.287212">
        <ele>2136.814</ele>
        <time>2025-07-06T07:03:01.000Z</time>
      </trkpt>
      <trkpt lat="42.672941" lon="-0.28724">
        <ele>2138.009</ele>
        <time>2025-07-06T07:03:06.000Z</time>
      </trkpt>
      <trkpt lat="42.672948" lon="-0.287246">
        <ele>2138.054</ele>
        <time>2025-07-06T07:03:07.000Z</time>
      </trkpt>
      <trkpt lat="42.672959" lon="-0.287253">
        <ele>2138.474</ele>
        <time>2025-07-06T07:03:09.000Z</time>
      </trkpt>
      <trkpt lat="42.672987" lon="-0.287278">
        <ele>2139.272</ele>
        <time>2025-07-06T07:03:14.000Z</time>
      </trkpt>
      <trkpt lat="42.672999" lon="-0.287304">
        <ele>2140.21</ele>
        <time>2025-07-06T07:03:17.000Z</time>
      </trkpt>
      <trkpt lat="42.673008" lon="-0.287321">
        <ele>2140.666</ele>
        <time>2025-07-06T07:03:19.000Z</time>
      </trkpt>
      <trkpt lat="42.673022" lon="-0.287352">
        <ele>2141.653</ele>
        <time>2025-07-06T07:03:23.000Z</time>
      </trkpt>
      <trkpt lat="42.673033" lon="-0.287369">
        <ele>2142.087</ele>
        <time>2025-07-06T07:03:25.000Z</time>
      </trkpt>
      <trkpt lat="42.673038" lon="-0.287378">
        <ele>2142.232</ele>
        <time>2025-07-06T07:03:26.000Z</time>
      </trkpt>
      <trkpt lat="42.673043" lon="-0.287388">
        <ele>2142.49</ele>
        <time>2025-07-06T07:03:27.000Z</time>
      </trkpt>
      <trkpt lat="42.673048" lon="-0.287399">
        <ele>2142.667</ele>
        <time>2025-07-06T07:03:28.000Z</time>
      </trkpt>
      <trkpt lat="42.673055" lon="-0.287409">
        <ele>2143.081</ele>
        <time>2025-07-06T07:03:29.000Z</time>
      </trkpt>
      <trkpt lat="42.67307" lon="-0.287438">
        <ele>2143.819</ele>
        <time>2025-07-06T07:03:32.000Z</time>
      </trkpt>
      <trkpt lat="42.673096" lon="-0.287475">
        <ele>2144.609</ele>
        <time>2025-07-06T07:03:36.000Z</time>
      </trkpt>
      <trkpt lat="42.673098" lon="-0.287478">
        <ele>2145.098</ele>
        <time>2025-07-06T07:03:37.000Z</time>
      </trkpt>
      <trkpt lat="42.673104" lon="-0.287481">
        <ele>2145.218</ele>
        <time>2025-07-06T07:03:38.000Z</time>
      </trkpt>
      <trkpt lat="42.673117" lon="-0.28749">
        <ele>2146.056</ele>
        <time>2025-07-06T07:03:41.000Z</time>
      </trkpt>
      <trkpt lat="42.673129" lon="-0.287504">
        <ele>2146.834</ele>
        <time>2025-07-06T07:03:44.000Z</time>
      </trkpt>
      <trkpt lat="42.673136" lon="-0.287514">
        <ele>2147.08</ele>
        <time>2025-07-06T07:03:45.000Z</time>
      </trkpt>
      <trkpt lat="42.673173" lon="-0.287544">
        <ele>2148.237</ele>
        <time>2025-07-06T07:03:51.000Z</time>
      </trkpt>
      <trkpt lat="42.673189" lon="-0.287554">
        <ele>2149.481</ele>
        <time>2025-07-06T07:03:54.000Z</time>
      </trkpt>
      <trkpt lat="42.673214" lon="-0.287563">
        <ele>2150.866</ele>
        <time>2025-07-06T07:03:58.000Z</time>
      </trkpt>
      <trkpt lat="42.673223" lon="-0.287571">
        <ele>2151.284</ele>
        <time>2025-07-06T07:04:00.000Z</time>
      </trkpt>
      <trkpt lat="42.673238" lon="-0.287585">
        <ele>2152.051</ele>
        <time>2025-07-06T07:04:02.000Z</time>
      </trkpt>
      <trkpt lat="42.673261" lon="-0.287608">
        <ele>2153.001</ele>
        <time>2025-07-06T07:04:05.000Z</time>
      </trkpt>
      <trkpt lat="42.673279" lon="-0.287627">
        <ele>2153.811</ele>
        <time>2025-07-06T07:04:08.000Z</time>
      </trkpt>
      <trkpt lat="42.673283" lon="-0.28763">
        <ele>2154.009</ele>
        <time>2025-07-06T07:04:09.000Z</time>
      </trkpt>
      <trkpt lat="42.673304" lon="-0.287642">
        <ele>2155.237</ele>
        <time>2025-07-06T07:04:13.000Z</time>
      </trkpt>
      <trkpt lat="42.673318" lon="-0.287652">
        <ele>2155.447</ele>
        <time>2025-07-06T07:04:15.000Z</time>
      </trkpt>
      <trkpt lat="42.673332" lon="-0.287679">
        <ele>2156.425</ele>
        <time>2025-07-06T07:04:18.000Z</time>
      </trkpt>
      <trkpt lat="42.673346" lon="-0.287723">
        <ele>2157.053</ele>
        <time>2025-07-06T07:04:23.000Z</time>
      </trkpt>
      <trkpt lat="42.673354" lon="-0.287752">
        <ele>2157.039</ele>
        <time>2025-07-06T07:04:25.000Z</time>
      </trkpt>
      <trkpt lat="42.673371" lon="-0.287796">
        <ele>2157.646</ele>
        <time>2025-07-06T07:04:29.000Z</time>
      </trkpt>
      <trkpt lat="42.673399" lon="-0.287895">
        <ele>2157.05</ele>
        <time>2025-07-06T07:04:37.000Z</time>
      </trkpt>
      <trkpt lat="42.673437" lon="-0.287979">
        <ele>2156.815</ele>
        <time>2025-07-06T07:04:43.000Z</time>
      </trkpt>
      <trkpt lat="42.673465" lon="-0.28803">
        <ele>2158.233</ele>
        <time>2025-07-06T07:04:50.000Z</time>
      </trkpt>
      <trkpt lat="42.673469" lon="-0.288041">
        <ele>2158.417</ele>
        <time>2025-07-06T07:04:51.000Z</time>
      </trkpt>
      <trkpt lat="42.673497" lon="-0.288111">
        <ele>2158.487</ele>
        <time>2025-07-06T07:04:56.000Z</time>
      </trkpt>
      <trkpt lat="42.673508" lon="-0.288134">
        <ele>2158.415</ele>
        <time>2025-07-06T07:04:58.000Z</time>
      </trkpt>
      <trkpt lat="42.673527" lon="-0.288167">
        <ele>2158.409</ele>
        <time>2025-07-06T07:05:05.000Z</time>
      </trkpt>
      <trkpt lat="42.673532" lon="-0.28817">
        <ele>2158.653</ele>
        <time>2025-07-06T07:05:10.000Z</time>
      </trkpt>
      <trkpt lat="42.673531" lon="-0.288171">
        <ele>2158.853</ele>
        <time>2025-07-06T07:05:13.000Z</time>
      </trkpt>
      <trkpt lat="42.673531" lon="-0.288171">
        <ele>2159.061</ele>
        <time>2025-07-06T07:05:21.000Z</time>
      </trkpt>
      <trkpt lat="42.673531" lon="-0.288171">
        <ele>2159.269</ele>
        <time>2025-07-06T07:05:24.000Z</time>
      </trkpt>
      <trkpt lat="42.673548" lon="-0.28821">
        <ele>2159.045</ele>
        <time>2025-07-06T07:05:36.000Z</time>
      </trkpt>
      <trkpt lat="42.673562" lon="-0.288251">
        <ele>2159.272</ele>
        <time>2025-07-06T07:05:40.000Z</time>
      </trkpt>
      <trkpt lat="42.673586" lon="-0.288304">
        <ele>2159.216</ele>
        <time>2025-07-06T07:05:43.000Z</time>
      </trkpt>
      <trkpt lat="42.673617" lon="-0.288359">
        <ele>2159.881</ele>
        <time>2025-07-06T07:05:47.000Z</time>
      </trkpt>
      <trkpt lat="42.673631" lon="-0.288387">
        <ele>2160.659</ele>
        <time>2025-07-06T07:05:49.000Z</time>
      </trkpt>
      <trkpt lat="42.673636" lon="-0.288398">
        <ele>2160.855</ele>
        <time>2025-07-06T07:05:50.000Z</time>
      </trkpt>
      <trkpt lat="42.673642" lon="-0.288405">
        <ele>2161.007</ele>
        <time>2025-07-06T07:05:51.000Z</time>
      </trkpt>
      <trkpt lat="42.673664" lon="-0.288428">
        <ele>2161.417</ele>
        <time>2025-07-06T07:05:54.000Z</time>
      </trkpt>
      <trkpt lat="42.673706" lon="-0.288431">
        <ele>2161.609</ele>
        <time>2025-07-06T07:05:59.000Z</time>
      </trkpt>
      <trkpt lat="42.673714" lon="-0.288428">
        <ele>2161.837</ele>
        <time>2025-07-06T07:06:01.000Z</time>
      </trkpt>
      <trkpt lat="42.673715" lon="-0.288429">
        <ele>2162.027</ele>
        <time>2025-07-06T07:06:06.000Z</time>
      </trkpt>
      <trkpt lat="42.673715" lon="-0.288432">
        <ele>2161.675</ele>
        <time>2025-07-06T07:06:16.000Z</time>
      </trkpt>
      <trkpt lat="42.673715" lon="-0.288432">
        <ele>2161.643</ele>
        <time>2025-07-06T07:06:17.000Z</time>
      </trkpt>
      <trkpt lat="42.673715" lon="-0.288432">
        <ele>2161.669</ele>
        <time>2025-07-06T07:06:23.000Z</time>
      </trkpt>
      <trkpt lat="42.673717" lon="-0.288432">
        <ele>2162.056</ele>
        <time>2025-07-06T07:06:30.000Z</time>
      </trkpt>
      <trkpt lat="42.673725" lon="-0.288414">
        <ele>2162.44</ele>
        <time>2025-07-06T07:06:49.000Z</time>
      </trkpt>
      <trkpt lat="42.673721" lon="-0.288435">
        <ele>2161.635</ele>
        <time>2025-07-06T07:06:56.000Z</time>
      </trkpt>
      <trkpt lat="42.673717" lon="-0.288446">
        <ele>2160.873</ele>
        <time>2025-07-06T07:06:59.000Z</time>
      </trkpt>
      <trkpt lat="42.673713" lon="-0.288452">
        <ele>2160.892</ele>
        <time>2025-07-06T07:07:05.000Z</time>
      </trkpt>
      <trkpt lat="42.67374" lon="-0.28845">
        <ele>2160.873</ele>
        <time>2025-07-06T07:07:08.000Z</time>
      </trkpt>
      <trkpt lat="42.673745" lon="-0.288446">
        <ele>2160.62</ele>
        <time>2025-07-06T07:07:09.000Z</time>
      </trkpt>
      <trkpt lat="42.673763" lon="-0.288439">
        <ele>2160.809</ele>
        <time>2025-07-06T07:07:15.000Z</time>
      </trkpt>
      <trkpt lat="42.673748" lon="-0.288374">
        <ele>2162.211</ele>
        <time>2025-07-06T07:07:23.000Z</time>
      </trkpt>
      <trkpt lat="42.673742" lon="-0.288357">
        <ele>2163.421</ele>
        <time>2025-07-06T07:07:26.000Z</time>
      </trkpt>
      <trkpt lat="42.673746" lon="-0.288352">
        <ele>2163.459</ele>
        <time>2025-07-06T07:07:28.000Z</time>
      </trkpt>
      <trkpt lat="42.673783" lon="-0.288304">
        <ele>2164.087</ele>
        <time>2025-07-06T07:07:34.000Z</time>
      </trkpt>
      <trkpt lat="42.673787" lon="-0.288299">
        <ele>2164.433</ele>
        <time>2025-07-06T07:07:38.000Z</time>
      </trkpt>
      <trkpt lat="42.673787" lon="-0.288297">
        <ele>2165.07</ele>
        <time>2025-07-06T07:07:42.000Z</time>
      </trkpt>
      <trkpt lat="42.673786" lon="-0.288297">
        <ele>2165.474</ele>
        <time>2025-07-06T07:07:50.000Z</time>
      </trkpt>
      <trkpt lat="42.673786" lon="-0.288297">
        <ele>2165.629</ele>
        <time>2025-07-06T07:07:57.000Z</time>
      </trkpt>
      <trkpt lat="42.673785" lon="-0.288307">
        <ele>2165.477</ele>
        <time>2025-07-06T07:08:18.000Z</time>
      </trkpt>
      <trkpt lat="42.67377" lon="-0.288323">
        <ele>2164.444</ele>
        <time>2025-07-06T07:09:00.000Z</time>
      </trkpt>
      <trkpt lat="42.67377" lon="-0.288329">
        <ele>2164.605</ele>
        <time>2025-07-06T07:09:18.000Z</time>
      </trkpt>
      <trkpt lat="42.673764" lon="-0.288348">
        <ele>2163.615</ele>
        <time>2025-07-06T07:09:39.000Z</time>
      </trkpt>
      <trkpt lat="42.673749" lon="-0.288385">
        <ele>2163.409</ele>
        <time>2025-07-06T07:09:41.000Z</time>
      </trkpt>
      <trkpt lat="42.673734" lon="-0.288416">
        <ele>2162.836</ele>
        <time>2025-07-06T07:09:44.000Z</time>
      </trkpt>
      <trkpt lat="42.673729" lon="-0.288421">
        <ele>2162.476</ele>
        <time>2025-07-06T07:09:45.000Z</time>
      </trkpt>
      <trkpt lat="42.67369" lon="-0.288435">
        <ele>2162.474</ele>
        <time>2025-07-06T07:09:55.000Z</time>
      </trkpt>
      <trkpt lat="42.673689" lon="-0.288435">
        <ele>2162.472</ele>
        <time>2025-07-06T07:09:56.000Z</time>
      </trkpt>
      <trkpt lat="42.673684" lon="-0.28843">
        <ele>2162.658</ele>
        <time>2025-07-06T07:09:58.000Z</time>
      </trkpt>
      <trkpt lat="42.673681" lon="-0.288428">
        <ele>2162.665</ele>
        <time>2025-07-06T07:10:00.000Z</time>
      </trkpt>
      <trkpt lat="42.673681" lon="-0.288428">
        <ele>2162.839</ele>
        <time>2025-07-06T07:10:04.000Z</time>
      </trkpt>
      <trkpt lat="42.673681" lon="-0.288428">
        <ele>2162.884</ele>
        <time>2025-07-06T07:10:06.000Z</time>
      </trkpt>
      <trkpt lat="42.673681" lon="-0.288428">
        <ele>2162.612</ele>
        <time>2025-07-06T07:10:11.000Z</time>
      </trkpt>
      <trkpt lat="42.673659" lon="-0.288496">
        <ele>2161.637</ele>
        <time>2025-07-06T07:10:17.000Z</time>
      </trkpt>
      <trkpt lat="42.67365" lon="-0.288521">
        <ele>2161.249</ele>
        <time>2025-07-06T07:10:18.000Z</time>
      </trkpt>
      <trkpt lat="42.673633" lon="-0.288572">
        <ele>2160.013</ele>
        <time>2025-07-06T07:10:20.000Z</time>
      </trkpt>
      <trkpt lat="42.673617" lon="-0.288624">
        <ele>2158.409</ele>
        <time>2025-07-06T07:10:22.000Z</time>
      </trkpt>
      <trkpt lat="42.673602" lon="-0.288662">
        <ele>2157.025</ele>
        <time>2025-07-06T07:10:24.000Z</time>
      </trkpt>
      <trkpt lat="42.673591" lon="-0.288705">
        <ele>2156.095</ele>
        <time>2025-07-06T07:10:26.000Z</time>
      </trkpt>
      <trkpt lat="42.673587" lon="-0.288726">
        <ele>2155.643</ele>
        <time>2025-07-06T07:10:27.000Z</time>
      </trkpt>
      <trkpt lat="42.673579" lon="-0.288759">
        <ele>2154.231</ele>
        <time>2025-07-06T07:10:29.000Z</time>
      </trkpt>
      <trkpt lat="42.673565" lon="-0.288785">
        <ele>2153.477</ele>
        <time>2025-07-06T07:10:31.000Z</time>
      </trkpt>
      <trkpt lat="42.673556" lon="-0.288799">
        <ele>2153.084</ele>
        <time>2025-07-06T07:10:32.000Z</time>
      </trkpt>
      <trkpt lat="42.673532" lon="-0.288816">
        <ele>2152.668</ele>
        <time>2025-07-06T07:10:34.000Z</time>
      </trkpt>
      <trkpt lat="42.673508" lon="-0.288844">
        <ele>2151.833</ele>
        <time>2025-07-06T07:10:36.000Z</time>
      </trkpt>
      <trkpt lat="42.673496" lon="-0.28889">
        <ele>2150.891</ele>
        <time>2025-07-06T07:10:38.000Z</time>
      </trkpt>
      <trkpt lat="42.673476" lon="-0.288991">
        <ele>2149.612</ele>
        <time>2025-07-06T07:10:43.000Z</time>
      </trkpt>
      <trkpt lat="42.673465" lon="-0.289035">
        <ele>2149.032</ele>
        <time>2025-07-06T07:10:45.000Z</time>
      </trkpt>
      <trkpt lat="42.673449" lon="-0.289074">
        <ele>2148.205</ele>
        <time>2025-07-06T07:10:47.000Z</time>
      </trkpt>
      <trkpt lat="42.673438" lon="-0.289138">
        <ele>2147.209</ele>
        <time>2025-07-06T07:10:50.000Z</time>
      </trkpt>
      <trkpt lat="42.673415" lon="-0.289206">
        <ele>2146.613</ele>
        <time>2025-07-06T07:10:53.000Z</time>
      </trkpt>
      <trkpt lat="42.673409" lon="-0.289258">
        <ele>2145.843</ele>
        <time>2025-07-06T07:10:56.000Z</time>
      </trkpt>
      <trkpt lat="42.673403" lon="-0.289297">
        <ele>2145.241</ele>
        <time>2025-07-06T07:10:59.000Z</time>
      </trkpt>
      <trkpt lat="42.673403" lon="-0.289298">
        <ele>2144.869</ele>
        <time>2025-07-06T07:11:00.000Z</time>
      </trkpt>
      <trkpt lat="42.673408" lon="-0.289328">
        <ele>2144.655</ele>
        <time>2025-07-06T07:11:08.000Z</time>
      </trkpt>
      <trkpt lat="42.673409" lon="-0.289389">
        <ele>2143.632</ele>
        <time>2025-07-06T07:11:12.000Z</time>
      </trkpt>
      <trkpt lat="42.673396" lon="-0.28946">
        <ele>2142.666</ele>
        <time>2025-07-06T07:11:15.000Z</time>
      </trkpt>
      <trkpt lat="42.67339" lon="-0.289486">
        <ele>2141.841</ele>
        <time>2025-07-06T07:11:16.000Z</time>
      </trkpt>
      <trkpt lat="42.673387" lon="-0.289518">
        <ele>2141.039</ele>
        <time>2025-07-06T07:11:17.000Z</time>
      </trkpt>
      <trkpt lat="42.673389" lon="-0.289541">
        <ele>2140.441</ele>
        <time>2025-07-06T07:11:18.000Z</time>
      </trkpt>
      <trkpt lat="42.673389" lon="-0.289597">
        <ele>2140.081</ele>
        <time>2025-07-06T07:11:20.000Z</time>
      </trkpt>
      <trkpt lat="42.673384" lon="-0.28963">
        <ele>2139.609</ele>
        <time>2025-07-06T07:11:21.000Z</time>
      </trkpt>
      <trkpt lat="42.673365" lon="-0.289692">
        <ele>2139.009</ele>
        <time>2025-07-06T07:11:23.000Z</time>
      </trkpt>
      <trkpt lat="42.673341" lon="-0.289806">
        <ele>2138.226</ele>
        <time>2025-07-06T07:11:27.000Z</time>
      </trkpt>
      <trkpt lat="42.673332" lon="-0.289851">
        <ele>2138.066</ele>
        <time>2025-07-06T07:11:29.000Z</time>
      </trkpt>
      <trkpt lat="42.67333" lon="-0.28987">
        <ele>2137.884</ele>
        <time>2025-07-06T07:11:30.000Z</time>
      </trkpt>
      <trkpt lat="42.673312" lon="-0.289935">
        <ele>2137.672</ele>
        <time>2025-07-06T07:11:33.000Z</time>
      </trkpt>
      <trkpt lat="42.673266" lon="-0.290017">
        <ele>2137.088</ele>
        <time>2025-07-06T07:11:37.000Z</time>
      </trkpt>
      <trkpt lat="42.67325" lon="-0.290037">
        <ele>2136.245</ele>
        <time>2025-07-06T07:11:38.000Z</time>
      </trkpt>
      <trkpt lat="42.673223" lon="-0.290091">
        <ele>2135.469</ele>
        <time>2025-07-06T07:11:41.000Z</time>
      </trkpt>
      <trkpt lat="42.673205" lon="-0.290136">
        <ele>2135.244</ele>
        <time>2025-07-06T07:11:45.000Z</time>
      </trkpt>
      <trkpt lat="42.673199" lon="-0.290146">
        <ele>2135.042</ele>
        <time>2025-07-06T07:11:47.000Z</time>
      </trkpt>
      <trkpt lat="42.673201" lon="-0.290152">
        <ele>2134.631</ele>
        <time>2025-07-06T07:11:53.000Z</time>
      </trkpt>
      <trkpt lat="42.673201" lon="-0.290153">
        <ele>2134.661</ele>
        <time>2025-07-06T07:11:54.000Z</time>
      </trkpt>
      <trkpt lat="42.673202" lon="-0.290154">
        <ele>2134.207</ele>
        <time>2025-07-06T07:12:00.000Z</time>
      </trkpt>
      <trkpt lat="42.673202" lon="-0.290154">
        <ele>2134.409</ele>
        <time>2025-07-06T07:12:04.000Z</time>
      </trkpt>
      <trkpt lat="42.673202" lon="-0.290154">
        <ele>2134.615</ele>
        <time>2025-07-06T07:12:07.000Z</time>
      </trkpt>
      <trkpt lat="42.673183" lon="-0.290169">
        <ele>2134.815</ele>
        <time>2025-07-06T07:12:10.000Z</time>
      </trkpt>
      <trkpt lat="42.67315" lon="-0.290228">
        <ele>2134.093</ele>
        <time>2025-07-06T07:12:13.000Z</time>
      </trkpt>
      <trkpt lat="42.673144" lon="-0.290288">
        <ele>2132.461</ele>
        <time>2025-07-06T07:12:15.000Z</time>
      </trkpt>
      <trkpt lat="42.673141" lon="-0.290329">
        <ele>2132.027</ele>
        <time>2025-07-06T07:12:17.000Z</time>
      </trkpt>
      <trkpt lat="42.673141" lon="-0.290358">
        <ele>2131.484</ele>
        <time>2025-07-06T07:12:19.000Z</time>
      </trkpt>
      <trkpt lat="42.673148" lon="-0.29038">
        <ele>2131.228</ele>
        <time>2025-07-06T07:12:21.000Z</time>
      </trkpt>
      <trkpt lat="42.67316" lon="-0.290447">
        <ele>2130.613</ele>
        <time>2025-07-06T07:12:27.000Z</time>
      </trkpt>
      <trkpt lat="42.673159" lon="-0.29046">
        <ele>2130.431</ele>
        <time>2025-07-06T07:12:28.000Z</time>
      </trkpt>
      <trkpt lat="42.673158" lon="-0.290472">
        <ele>2130.419</ele>
        <time>2025-07-06T07:12:29.000Z</time>
      </trkpt>
      <trkpt lat="42.67315" lon="-0.290513">
        <ele>2130.409</ele>
        <time>2025-07-06T07:12:35.000Z</time>
      </trkpt>
      <trkpt lat="42.673164" lon="-0.290569">
        <ele>2130.819</ele>
        <time>2025-07-06T07:12:43.000Z</time>
      </trkpt>
      <trkpt lat="42.673175" lon="-0.290649">
        <ele>2131.609</ele>
        <time>2025-07-06T07:12:47.000Z</time>
      </trkpt>
      <trkpt lat="42.673179" lon="-0.290687">
        <ele>2132.473</ele>
        <time>2025-07-06T07:12:50.000Z</time>
      </trkpt>
      <trkpt lat="42.67318" lon="-0.290699">
        <ele>2132.883</ele>
        <time>2025-07-06T07:12:51.000Z</time>
      </trkpt>
      <trkpt lat="42.673175" lon="-0.290756">
        <ele>2133.281</ele>
        <time>2025-07-06T07:12:56.000Z</time>
      </trkpt>
      <trkpt lat="42.673166" lon="-0.290785">
        <ele>2133.039</ele>
        <time>2025-07-06T07:12:58.000Z</time>
      </trkpt>
      <trkpt lat="42.673151" lon="-0.290826">
        <ele>2131.845</ele>
        <time>2025-07-06T07:13:01.000Z</time>
      </trkpt>
      <trkpt lat="42.673138" lon="-0.290865">
        <ele>2130.492</ele>
        <time>2025-07-06T07:13:04.000Z</time>
      </trkpt>
      <trkpt lat="42.673139" lon="-0.290905">
        <ele>2129.856</ele>
        <time>2025-07-06T07:13:06.000Z</time>
      </trkpt>
      <trkpt lat="42.673149" lon="-0.290975">
        <ele>2129.681</ele>
        <time>2025-07-06T07:13:11.000Z</time>
      </trkpt>
      <trkpt lat="42.67315" lon="-0.290995">
        <ele>2130.219</ele>
        <time>2025-07-06T07:13:13.000Z</time>
      </trkpt>
      <trkpt lat="42.673156" lon="-0.291003">
        <ele>2130.414</ele>
        <time>2025-07-06T07:13:14.000Z</time>
      </trkpt>
      <trkpt lat="42.673156" lon="-0.291018">
        <ele>2131.654</ele>
        <time>2025-07-06T07:13:17.000Z</time>
      </trkpt>
      <trkpt lat="42.673148" lon="-0.291036">
        <ele>2132.009</ele>
        <time>2025-07-06T07:13:19.000Z</time>
      </trkpt>
      <trkpt lat="42.67315" lon="-0.291052">
        <ele>2133.009</ele>
        <time>2025-07-06T07:13:21.000Z</time>
      </trkpt>
      <trkpt lat="42.673167" lon="-0.29109">
        <ele>2134.033</ele>
        <time>2025-07-06T07:13:26.000Z</time>
      </trkpt>
      <trkpt lat="42.673167" lon="-0.291096">
        <ele>2134.273</ele>
        <time>2025-07-06T07:13:27.000Z</time>
      </trkpt>
      <trkpt lat="42.673161" lon="-0.291116">
        <ele>2135.061</ele>
        <time>2025-07-06T07:13:31.000Z</time>
      </trkpt>
      <trkpt lat="42.673158" lon="-0.291126">
        <ele>2135.469</ele>
        <time>2025-07-06T07:13:32.000Z</time>
      </trkpt>
      <trkpt lat="42.673154" lon="-0.291168">
        <ele>2135.625</ele>
        <time>2025-07-06T07:13:34.000Z</time>
      </trkpt>
      <trkpt lat="42.673154" lon="-0.291241">
        <ele>2136.222</ele>
        <time>2025-07-06T07:13:39.000Z</time>
      </trkpt>
      <trkpt lat="42.673156" lon="-0.291253">
        <ele>2136.636</ele>
        <time>2025-07-06T07:13:41.000Z</time>
      </trkpt>
      <trkpt lat="42.673156" lon="-0.291259">
        <ele>2136.891</ele>
        <time>2025-07-06T07:13:44.000Z</time>
      </trkpt>
      <trkpt lat="42.673156" lon="-0.291261">
        <ele>2137.039</ele>
        <time>2025-07-06T07:13:48.000Z</time>
      </trkpt>
      <trkpt lat="42.673155" lon="-0.291265">
        <ele>2137.071</ele>
        <time>2025-07-06T07:13:49.000Z</time>
      </trkpt>
      <trkpt lat="42.673156" lon="-0.291299">
        <ele>2137.241</ele>
        <time>2025-07-06T07:13:53.000Z</time>
      </trkpt>
      <trkpt lat="42.673157" lon="-0.291304">
        <ele>2137.615</ele>
        <time>2025-07-06T07:13:57.000Z</time>
      </trkpt>
      <trkpt lat="42.673156" lon="-0.291309">
        <ele>2138.409</ele>
        <time>2025-07-06T07:14:03.000Z</time>
      </trkpt>
      <trkpt lat="42.673162" lon="-0.291344">
        <ele>2139.639</ele>
        <time>2025-07-06T07:14:06.000Z</time>
      </trkpt>
      <trkpt lat="42.673166" lon="-0.291354">
        <ele>2140.079</ele>
        <time>2025-07-06T07:14:07.000Z</time>
      </trkpt>
      <trkpt lat="42.673182" lon="-0.291394">
        <ele>2140.867</ele>
        <time>2025-07-06T07:14:11.000Z</time>
      </trkpt>
      <trkpt lat="42.673182" lon="-0.29142">
        <ele>2141.685</ele>
        <time>2025-07-06T07:14:16.000Z</time>
      </trkpt>
      <trkpt lat="42.673186" lon="-0.291436">
        <ele>2142.091</ele>
        <time>2025-07-06T07:14:18.000Z</time>
      </trkpt>
      <trkpt lat="42.673179" lon="-0.291463">
        <ele>2143.428</ele>
        <time>2025-07-06T07:14:21.000Z</time>
      </trkpt>
      <trkpt lat="42.673174" lon="-0.291498">
        <ele>2144.262</ele>
        <time>2025-07-06T07:14:24.000Z</time>
      </trkpt>
      <trkpt lat="42.673175" lon="-0.291505">
        <ele>2144.417</ele>
        <time>2025-07-06T07:14:25.000Z</time>
      </trkpt>
      <trkpt lat="42.673179" lon="-0.291547">
        <ele>2145.685</ele>
        <time>2025-07-06T07:14:29.000Z</time>
      </trkpt>
      <trkpt lat="42.67318" lon="-0.291554">
        <ele>2146.077</ele>
        <time>2025-07-06T07:14:30.000Z</time>
      </trkpt>
      <trkpt lat="42.673187" lon="-0.291572">
        <ele>2146.861</ele>
        <time>2025-07-06T07:14:33.000Z</time>
      </trkpt>
      <trkpt lat="42.673207" lon="-0.291626">
        <ele>2147.627</ele>
        <time>2025-07-06T07:14:39.000Z</time>
      </trkpt>
      <trkpt lat="42.673211" lon="-0.291636">
        <ele>2148.009</ele>
        <time>2025-07-06T07:14:40.000Z</time>
      </trkpt>
      <trkpt lat="42.673214" lon="-0.291696">
        <ele>2149.069</ele>
        <time>2025-07-06T07:14:44.000Z</time>
      </trkpt>
      <trkpt lat="42.673216" lon="-0.291738">
        <ele>2149.669</ele>
        <time>2025-07-06T07:14:47.000Z</time>
      </trkpt>
      <trkpt lat="42.673215" lon="-0.291758">
        <ele>2149.677</ele>
        <time>2025-07-06T07:14:49.000Z</time>
      </trkpt>
      <trkpt lat="42.673214" lon="-0.291811">
        <ele>2150.245</ele>
        <time>2025-07-06T07:14:52.000Z</time>
      </trkpt>
      <trkpt lat="42.673208" lon="-0.291894">
        <ele>2151.641</ele>
        <time>2025-07-06T07:14:55.000Z</time>
      </trkpt>
      <trkpt lat="42.673208" lon="-0.291914">
        <ele>2152.098</ele>
        <time>2025-07-06T07:14:56.000Z</time>
      </trkpt>
      <trkpt lat="42.673208" lon="-0.291961">
        <ele>2152.662</ele>
        <time>2025-07-06T07:14:58.000Z</time>
      </trkpt>
      <trkpt lat="42.673207" lon="-0.291986">
        <ele>2153.077</ele>
        <time>2025-07-06T07:14:59.000Z</time>
      </trkpt>
      <trkpt lat="42.673207" lon="-0.292033">
        <ele>2153.215</ele>
        <time>2025-07-06T07:15:01.000Z</time>
      </trkpt>
      <trkpt lat="42.673211" lon="-0.292071">
        <ele>2153.445</ele>
        <time>2025-07-06T07:15:04.000Z</time>
      </trkpt>
      <trkpt lat="42.673211" lon="-0.292077">
        <ele>2153.447</ele>
        <time>2025-07-06T07:15:05.000Z</time>
      </trkpt>
      <trkpt lat="42.673191" lon="-0.29216">
        <ele>2154.011</ele>
        <time>2025-07-06T07:15:13.000Z</time>
      </trkpt>
      <trkpt lat="42.673166" lon="-0.2922">
        <ele>2154.609</ele>
        <time>2025-07-06T07:15:18.000Z</time>
      </trkpt>
      <trkpt lat="42.673159" lon="-0.292213">
        <ele>2154.616</ele>
        <time>2025-07-06T07:15:21.000Z</time>
      </trkpt>
      <trkpt lat="42.67314" lon="-0.29225">
        <ele>2154.666</ele>
        <time>2025-07-06T07:15:29.000Z</time>
      </trkpt>
      <trkpt lat="42.673125" lon="-0.292312">
        <ele>2155.084</ele>
        <time>2025-07-06T07:15:35.000Z</time>
      </trkpt>
      <trkpt lat="42.673122" lon="-0.292321">
        <ele>2155.262</ele>
        <time>2025-07-06T07:15:36.000Z</time>
      </trkpt>
      <trkpt lat="42.673108" lon="-0.292352">
        <ele>2154.458</ele>
        <time>2025-07-06T07:15:43.000Z</time>
      </trkpt>
      <trkpt lat="42.673108" lon="-0.292356">
        <ele>2154.015</ele>
        <time>2025-07-06T07:15:47.000Z</time>
      </trkpt>
      <trkpt lat="42.673106" lon="-0.29236">
        <ele>2153.869</ele>
        <time>2025-07-06T07:15:54.000Z</time>
      </trkpt>
      <trkpt lat="42.673106" lon="-0.29236">
        <ele>2154.034</ele>
        <time>2025-07-06T07:16:00.000Z</time>
      </trkpt>
      <trkpt lat="42.673059" lon="-0.292442">
        <ele>2153.032</ele>
        <time>2025-07-06T07:16:18.000Z</time>
      </trkpt>
      <trkpt lat="42.673047" lon="-0.292483">
        <ele>2153.074</ele>
        <time>2025-07-06T07:16:20.000Z</time>
      </trkpt>
      <trkpt lat="42.673022" lon="-0.29254">
        <ele>2152.456</ele>
        <time>2025-07-06T07:16:26.000Z</time>
      </trkpt>
      <trkpt lat="42.673024" lon="-0.292549">
        <ele>2152.021</ele>
        <time>2025-07-06T07:16:32.000Z</time>
      </trkpt>
      <trkpt lat="42.673025" lon="-0.292548">
        <ele>2151.809</ele>
        <time>2025-07-06T07:16:41.000Z</time>
      </trkpt>
      <trkpt lat="42.673025" lon="-0.292548">
        <ele>2152.679</ele>
        <time>2025-07-06T07:16:54.000Z</time>
      </trkpt>
      <trkpt lat="42.673025" lon="-0.292548">
        <ele>2152.669</ele>
        <time>2025-07-06T07:16:55.000Z</time>
      </trkpt>
      <trkpt lat="42.673025" lon="-0.292548">
        <ele>2152.857</ele>
        <time>2025-07-06T07:16:59.000Z</time>
      </trkpt>
      <trkpt lat="42.673025" lon="-0.292548">
        <ele>2152.855</ele>
        <time>2025-07-06T07:17:00.000Z</time>
      </trkpt>
      <trkpt lat="42.673025" lon="-0.292548">
        <ele>2153.051</ele>
        <time>2025-07-06T07:17:02.000Z</time>
      </trkpt>
      <trkpt lat="42.673023" lon="-0.292547">
        <ele>2153.628</ele>
        <time>2025-07-06T07:17:15.000Z</time>
      </trkpt>
      <trkpt lat="42.673023" lon="-0.292546">
        <ele>2153.482</ele>
        <time>2025-07-06T07:17:30.000Z</time>
      </trkpt>
      <trkpt lat="42.673023" lon="-0.292545">
        <ele>2153.037</ele>
        <time>2025-07-06T07:17:40.000Z</time>
      </trkpt>
      <trkpt lat="42.673022" lon="-0.292545">
        <ele>2153.015</ele>
        <time>2025-07-06T07:17:44.000Z</time>
      </trkpt>
      <trkpt lat="42.673021" lon="-0.292546">
        <ele>2154.299</ele>
        <time>2025-07-06T07:17:52.000Z</time>
      </trkpt>
      <trkpt lat="42.672971" lon="-0.292588">
        <ele>2153.807</ele>
        <time>2025-07-06T07:18:03.000Z</time>
      </trkpt>
      <trkpt lat="42.672952" lon="-0.292613">
        <ele>2153.427</ele>
        <time>2025-07-06T07:18:04.000Z</time>
      </trkpt>
      <trkpt lat="42.672937" lon="-0.292637">
        <ele>2153.009</ele>
        <time>2025-07-06T07:18:05.000Z</time>
      </trkpt>
      <trkpt lat="42.672919" lon="-0.292691">
        <ele>2152.211</ele>
        <time>2025-07-06T07:18:07.000Z</time>
      </trkpt>
      <trkpt lat="42.672906" lon="-0.292742">
        <ele>2152.071</ele>
        <time>2025-07-06T07:18:09.000Z</time>
      </trkpt>
      <trkpt lat="42.67288" lon="-0.292884">
        <ele>2152.449</ele>
        <time>2025-07-06T07:18:14.000Z</time>
      </trkpt>
      <trkpt lat="42.672862" lon="-0.292941">
        <ele>2152.847</ele>
        <time>2025-07-06T07:18:16.000Z</time>
      </trkpt>
      <trkpt lat="42.672845" lon="-0.293008">
        <ele>2152.883</ele>
        <time>2025-07-06T07:18:18.000Z</time>
      </trkpt>
      <trkpt lat="42.672837" lon="-0.293096">
        <ele>2152.23</ele>
        <time>2025-07-06T07:18:21.000Z</time>
      </trkpt>
      <trkpt lat="42.672838" lon="-0.293108">
        <ele>2152.024</ele>
        <time>2025-07-06T07:18:22.000Z</time>
      </trkpt>
      <trkpt lat="42.672838" lon="-0.293121">
        <ele>2151.279</ele>
        <time>2025-07-06T07:18:25.000Z</time>
      </trkpt>
    </trkseg>
  </trk>
</gpx>
