<?xml version="1.0" encoding="utf-8"?><gpx creator="Garmin Desktop App" version="1.1" xsi:schemaLocation="http://www.topografix.com/GPX/1/1 http://www.topografix.com/GPX/1/1/gpx.xsd http://www.garmin.com/xmlschemas/WaypointExtension/v1 http://www8.garmin.com/xmlschemas/WaypointExtensionv1.xsd http://www.garmin.com/xmlschemas/TrackPointExtension/v1 http://www.garmin.com/xmlschemas/TrackPointExtensionv1.xsd http://www.garmin.com/xmlschemas/GpxExtensions/v3 http://www8.garmin.com/xmlschemas/GpxExtensionsv3.xsd http://www.garmin.com/xmlschemas/ActivityExtension/v1 http://www8.garmin.com/xmlschemas/ActivityExtensionv1.xsd http://www.garmin.com/xmlschemas/AdventuresExtensions/v1 http://www8.garmin.com/xmlschemas/AdventuresExtensionv1.xsd http://www.garmin.com/xmlschemas/PressureExtension/v1 http://www.garmin.com/xmlschemas/PressureExtensionv1.xsd http://www.garmin.com/xmlschemas/TripExtensions/v1 http://www.garmin.com/xmlschemas/TripExtensionsv1.xsd http://www.garmin.com/xmlschemas/TripMetaDataExtensions/v1 http://www.garmin.com/xmlschemas/TripMetaDataExtensionsv1.xsd http://www.garmin.com/xmlschemas/ViaPointTransportationModeExtensions/v1 http://www.garmin.com/xmlschemas/ViaPointTransportationModeExtensionsv1.xsd http://www.garmin.com/xmlschemas/CreationTimeExtension/v1 http://www.garmin.com/xmlschemas/CreationTimeExtensionsv1.xsd http://www.garmin.com/xmlschemas/AccelerationExtension/v1 http://www.garmin.com/xmlschemas/AccelerationExtensionv1.xsd http://www.garmin.com/xmlschemas/PowerExtension/v1 http://www.garmin.com/xmlschemas/PowerExtensionv1.xsd http://www.garmin.com/xmlschemas/VideoExtension/v1 http://www.garmin.com/xmlschemas/VideoExtensionv1.xsd" xmlns="http://www.topografix.com/GPX/1/1" xmlns:xsi="http://www.w3.org/2001/XMLSchema-instance" xmlns:wptx1="http://www.garmin.com/xmlschemas/WaypointExtension/v1" xmlns:gpxtrx="http://www.garmin.com/xmlschemas/GpxExtensions/v3" xmlns:gpxtpx="http://www.garmin.com/xmlschemas/TrackPointExtension/v1" xmlns:gpxx="http://www.garmin.com/xmlschemas/GpxExtensions/v3" xmlns:trp="http://www.garmin.com/xmlschemas/TripExtensions/v1" xmlns:adv="http://www.garmin.com/xmlschemas/AdventuresExtensions/v1" xmlns:prs="http://www.garmin.com/xmlschemas/PressureExtension/v1" xmlns:tmd="http://www.garmin.com/xmlschemas/TripMetaDataExtensions/v1" xmlns:vptm="http://www.garmin.com/xmlschemas/ViaPointTransportationModeExtensions/v1" xmlns:ctx="http://www.garmin.com/xmlschemas/CreationTimeExtension/v1" xmlns:gpxacc="http://www.garmin.com/xmlschemas/AccelerationExtension/v1" xmlns:gpxpx="http://www.garmin.com/xmlschemas/PowerExtension/v1" xmlns:vidx1="http://www.garmin.com/xmlschemas/VideoExtension/v1">

  <metadata>
    <link href="http://www.garmin.com">
      <text>Garmin International</text>
    </link>
    <time>2026-07-17T06:58:35Z</time>
    <bounds maxlat="42.764029009267688" maxlon="-0.503753973171115" minlat="42.754434999078512" minlon="-0.512806009501219" />
  </metadata>

  <trk>
    <name>Vía ferrata de Iserías</name>
    <extensions>
      <gpxx:TrackExtension>
        <gpxx:DisplayColor>Red</gpxx:DisplayColor>
      </gpxx:TrackExtension>
    </extensions>
    <trkseg>
      <trkpt lat="42.755038999021053" lon="-0.512738032266498">
        <ele>1195.8</ele>
        <time>2026-07-08T07:22:25Z</time>
        <extensions>
          <gpxtpx:TrackPointExtension>
            <gpxtpx:atemp>28</gpxtpx:atemp>
            <gpxtpx:hr>83</gpxtpx:hr>
            <gpxtpx:cad>0</gpxtpx:cad>
          </gpxtpx:TrackPointExtension>
          <gpxx:TrackPointExtension>
            <gpxx:Temperature>28</gpxx:Temperature>
          </gpxx:TrackPointExtension>
        </extensions>
      </trkpt>
      <trkpt lat="42.755038999021053" lon="-0.512738032266498">
        <ele>1195.8</ele>
        <time>2026-07-08T07:22:26Z</time>
        <extensions>
          <gpxtpx:TrackPointExtension>
            <gpxtpx:atemp>28</gpxtpx:atemp>
            <gpxtpx:hr>82</gpxtpx:hr>
            <gpxtpx:cad>0</gpxtpx:cad>
          </gpxtpx:TrackPointExtension>
          <gpxx:TrackPointExtension>
            <gpxx:Temperature>28</gpxx:Temperature>
          </gpxx:TrackPointExtension>
        </extensions>
      </trkpt>
      <trkpt lat="42.755038999021053" lon="-0.512738032266498">
        <ele>1195.8</ele>
        <time>2026-07-08T07:22:28Z</time>
        <extensions>
          <gpxtpx:TrackPointExtension>
            <gpxtpx:atemp>28</gpxtpx:atemp>
            <gpxtpx:hr>85</gpxtpx:hr>
            <gpxtpx:cad>48</gpxtpx:cad>
          </gpxtpx:TrackPointExtension>
          <gpxx:TrackPointExtension>
            <gpxx:Temperature>28</gpxx:Temperature>
          </gpxx:TrackPointExtension>
        </extensions>
      </trkpt>
      <trkpt lat="42.755042016506195" lon="-0.512709030881524">
        <ele>1195.8</ele>
        <time>2026-07-08T07:22:29Z</time>
        <extensions>
          <gpxtpx:TrackPointExtension>
            <gpxtpx:atemp>28</gpxtpx:atemp>
            <gpxtpx:hr>88</gpxtpx:hr>
            <gpxtpx:cad>48</gpxtpx:cad>
          </gpxtpx:TrackPointExtension>
          <gpxx:TrackPointExtension>
            <gpxx:Temperature>28</gpxx:Temperature>
          </gpxx:TrackPointExtension>
        </extensions>
      </trkpt>
      <trkpt lat="42.755171013996005" lon="-0.51276502199471">
        <ele>1195.8</ele>
        <time>2026-07-08T07:22:31Z</time>
        <extensions>
          <gpxtpx:TrackPointExtension>
            <gpxtpx:atemp>28</gpxtpx:atemp>
            <gpxtpx:hr>95</gpxtpx:hr>
            <gpxtpx:cad>0</gpxtpx:cad>
          </gpxtpx:TrackPointExtension>
          <gpxx:TrackPointExtension>
            <gpxx:Temperature>28</gpxx:Temperature>
          </gpxx:TrackPointExtension>
        </extensions>
      </trkpt>
      <trkpt lat="42.755185011774302" lon="-0.512768961489201">
        <ele>1195.5999999999999</ele>
        <time>2026-07-08T07:22:33Z</time>
        <extensions>
          <gpxtpx:TrackPointExtension>
            <gpxtpx:atemp>28</gpxtpx:atemp>
            <gpxtpx:hr>95</gpxtpx:hr>
            <gpxtpx:cad>0</gpxtpx:cad>
          </gpxtpx:TrackPointExtension>
          <gpxx:TrackPointExtension>
            <gpxx:Temperature>28</gpxx:Temperature>
          </gpxx:TrackPointExtension>
        </extensions>
      </trkpt>
      <trkpt lat="42.755146035924554" lon="-0.512681035324931">
        <ele>1195.5999999999999</ele>
        <time>2026-07-08T07:22:38Z</time>
        <extensions>
          <gpxtpx:TrackPointExtension>
            <gpxtpx:atemp>28</gpxtpx:atemp>
            <gpxtpx:hr>90</gpxtpx:hr>
            <gpxtpx:cad>53</gpxtpx:cad>
          </gpxtpx:TrackPointExtension>
          <gpxx:TrackPointExtension>
            <gpxx:Temperature>28</gpxx:Temperature>
          </gpxx:TrackPointExtension>
        </extensions>
      </trkpt>
      <trkpt lat="42.755155004560947" lon="-0.512662008404732">
        <ele>1195.5999999999999</ele>
        <time>2026-07-08T07:22:39Z</time>
        <extensions>
          <gpxtpx:TrackPointExtension>
            <gpxtpx:atemp>28</gpxtpx:atemp>
            <gpxtpx:hr>93</gpxtpx:hr>
            <gpxtpx:cad>53</gpxtpx:cad>
          </gpxtpx:TrackPointExtension>
          <gpxx:TrackPointExtension>
            <gpxx:Temperature>28</gpxx:Temperature>
          </gpxx:TrackPointExtension>
        </extensions>
      </trkpt>
      <trkpt lat="42.755176965147257" lon="-0.512601993978024">
        <ele>1195.8</ele>
        <time>2026-07-08T07:22:43Z</time>
        <extensions>
          <gpxtpx:TrackPointExtension>
            <gpxtpx:atemp>28</gpxtpx:atemp>
            <gpxtpx:hr>92</gpxtpx:hr>
            <gpxtpx:cad>52</gpxtpx:cad>
          </gpxtpx:TrackPointExtension>
          <gpxx:TrackPointExtension>
            <gpxx:Temperature>28</gpxx:Temperature>
          </gpxx:TrackPointExtension>
        </extensions>
      </trkpt>
      <trkpt lat="42.755190040916204" lon="-0.512582967057824">
        <ele>1195.8</ele>
        <time>2026-07-08T07:22:44Z</time>
        <extensions>
          <gpxtpx:TrackPointExtension>
            <gpxtpx:atemp>28</gpxtpx:atemp>
            <gpxtpx:hr>89</gpxtpx:hr>
            <gpxtpx:cad>52</gpxtpx:cad>
          </gpxtpx:TrackPointExtension>
          <gpxx:TrackPointExtension>
            <gpxx:Temperature>28</gpxx:Temperature>
          </gpxx:TrackPointExtension>
        </extensions>
      </trkpt>
      <trkpt lat="42.75520596653223" lon="-0.512547008693218">
        <ele>1195.8</ele>
        <time>2026-07-08T07:22:46Z</time>
        <extensions>
          <gpxtpx:TrackPointExtension>
            <gpxtpx:atemp>28</gpxtpx:atemp>
            <gpxtpx:hr>86</gpxtpx:hr>
            <gpxtpx:cad>52</gpxtpx:cad>
          </gpxtpx:TrackPointExtension>
          <gpxx:TrackPointExtension>
            <gpxx:Temperature>28</gpxx:Temperature>
          </gpxx:TrackPointExtension>
        </extensions>
      </trkpt>
      <trkpt lat="42.755210995674133" lon="-0.512533010914922">
        <ele>1195.8</ele>
        <time>2026-07-08T07:22:47Z</time>
        <extensions>
          <gpxtpx:TrackPointExtension>
            <gpxtpx:atemp>28</gpxtpx:atemp>
            <gpxtpx:hr>85</gpxtpx:hr>
            <gpxtpx:cad>52</gpxtpx:cad>
          </gpxtpx:TrackPointExtension>
          <gpxx:TrackPointExtension>
            <gpxx:Temperature>28</gpxx:Temperature>
          </gpxx:TrackPointExtension>
        </extensions>
      </trkpt>
      <trkpt lat="42.755217030644417" lon="-0.512505015358329">
        <ele>1195.8</ele>
        <time>2026-07-08T07:22:49Z</time>
        <extensions>
          <gpxtpx:TrackPointExtension>
            <gpxtpx:atemp>28</gpxtpx:atemp>
            <gpxtpx:hr>84</gpxtpx:hr>
            <gpxtpx:cad>53</gpxtpx:cad>
          </gpxtpx:TrackPointExtension>
          <gpxx:TrackPointExtension>
            <gpxx:Temperature>28</gpxx:Temperature>
          </gpxx:TrackPointExtension>
        </extensions>
      </trkpt>
      <trkpt lat="42.755228010937572" lon="-0.512465033680201">
        <ele>1196</ele>
        <time>2026-07-08T07:22:52Z</time>
        <extensions>
          <gpxtpx:TrackPointExtension>
            <gpxtpx:atemp>28</gpxtpx:atemp>
            <gpxtpx:hr>84</gpxtpx:hr>
            <gpxtpx:cad>53</gpxtpx:cad>
          </gpxtpx:TrackPointExtension>
          <gpxx:TrackPointExtension>
            <gpxx:Temperature>28</gpxx:Temperature>
          </gpxx:TrackPointExtension>
        </extensions>
      </trkpt>
      <trkpt lat="42.755276039242744" lon="-0.512376017868519">
        <ele>1196.4000000000001</ele>
        <time>2026-07-08T07:22:59Z</time>
        <extensions>
          <gpxtpx:TrackPointExtension>
            <gpxtpx:atemp>28</gpxtpx:atemp>
            <gpxtpx:hr>82</gpxtpx:hr>
            <gpxtpx:cad>52</gpxtpx:cad>
          </gpxtpx:TrackPointExtension>
          <gpxx:TrackPointExtension>
            <gpxx:Temperature>28</gpxx:Temperature>
          </gpxx:TrackPointExtension>
        </extensions>
      </trkpt>
      <trkpt lat="42.755275033414364" lon="-0.512368977069855">
        <ele>1196.4000000000001</ele>
        <time>2026-07-08T07:23:00Z</time>
        <extensions>
          <gpxtpx:TrackPointExtension>
            <gpxtpx:atemp>28</gpxtpx:atemp>
            <gpxtpx:hr>82</gpxtpx:hr>
            <gpxtpx:cad>52</gpxtpx:cad>
          </gpxtpx:TrackPointExtension>
          <gpxx:TrackPointExtension>
            <gpxx:Temperature>28</gpxx:Temperature>
          </gpxx:TrackPointExtension>
        </extensions>
      </trkpt>
      <trkpt lat="42.755273021757603" lon="-0.512338969856501">
        <ele>1196.4000000000001</ele>
        <time>2026-07-08T07:23:03Z</time>
        <extensions>
          <gpxtpx:TrackPointExtension>
            <gpxtpx:atemp>28</gpxtpx:atemp>
            <gpxtpx:hr>85</gpxtpx:hr>
            <gpxtpx:cad>52</gpxtpx:cad>
          </gpxtpx:TrackPointExtension>
          <gpxx:TrackPointExtension>
            <gpxx:Temperature>28</gpxx:Temperature>
          </gpxx:TrackPointExtension>
        </extensions>
      </trkpt>
      <trkpt lat="42.7552679926157" lon="-0.512323966249824">
        <ele>1196.5999999999999</ele>
        <time>2026-07-08T07:23:05Z</time>
        <extensions>
          <gpxtpx:TrackPointExtension>
            <gpxtpx:atemp>28</gpxtpx:atemp>
            <gpxtpx:hr>82</gpxtpx:hr>
            <gpxtpx:cad>53</gpxtpx:cad>
          </gpxtpx:TrackPointExtension>
          <gpxx:TrackPointExtension>
            <gpxx:Temperature>28</gpxx:Temperature>
          </gpxx:TrackPointExtension>
        </extensions>
      </trkpt>
      <trkpt lat="42.755273021757603" lon="-0.512322038412094">
        <ele>1196.8</ele>
        <time>2026-07-08T07:23:07Z</time>
        <extensions>
          <gpxtpx:TrackPointExtension>
            <gpxtpx:atemp>28</gpxtpx:atemp>
            <gpxtpx:hr>82</gpxtpx:hr>
            <gpxtpx:cad>53</gpxtpx:cad>
          </gpxtpx:TrackPointExtension>
          <gpxx:TrackPointExtension>
            <gpxx:Temperature>28</gpxx:Temperature>
          </gpxx:TrackPointExtension>
        </extensions>
      </trkpt>
      <trkpt lat="42.755305040627718" lon="-0.512316003441811">
        <ele>1198</ele>
        <time>2026-07-08T07:23:12Z</time>
        <extensions>
          <gpxtpx:TrackPointExtension>
            <gpxtpx:atemp>28</gpxtpx:atemp>
            <gpxtpx:hr>82</gpxtpx:hr>
            <gpxtpx:cad>53</gpxtpx:cad>
          </gpxtpx:TrackPointExtension>
          <gpxx:TrackPointExtension>
            <gpxx:Temperature>28</gpxx:Temperature>
          </gpxx:TrackPointExtension>
        </extensions>
      </trkpt>
      <trkpt lat="42.755323983728886" lon="-0.512278033420444">
        <ele>1198.4000000000001</ele>
        <time>2026-07-08T07:23:15Z</time>
        <extensions>
          <gpxtpx:TrackPointExtension>
            <gpxtpx:atemp>28</gpxtpx:atemp>
            <gpxtpx:hr>81</gpxtpx:hr>
            <gpxtpx:cad>0</gpxtpx:cad>
          </gpxtpx:TrackPointExtension>
          <gpxx:TrackPointExtension>
            <gpxx:Temperature>28</gpxx:Temperature>
          </gpxx:TrackPointExtension>
        </extensions>
      </trkpt>
      <trkpt lat="42.755325995385647" lon="-0.51225196570158">
        <ele>1199</ele>
        <time>2026-07-08T07:23:18Z</time>
        <extensions>
          <gpxtpx:TrackPointExtension>
            <gpxtpx:atemp>28</gpxtpx:atemp>
            <gpxtpx:hr>80</gpxtpx:hr>
            <gpxtpx:cad>0</gpxtpx:cad>
          </gpxtpx:TrackPointExtension>
          <gpxx:TrackPointExtension>
            <gpxx:Temperature>28</gpxx:Temperature>
          </gpxx:TrackPointExtension>
        </extensions>
      </trkpt>
      <trkpt lat="42.755329012870789" lon="-0.512221036478877">
        <ele>1199.5999999999999</ele>
        <time>2026-07-08T07:23:20Z</time>
        <extensions>
          <gpxtpx:TrackPointExtension>
            <gpxtpx:atemp>28</gpxtpx:atemp>
            <gpxtpx:hr>80</gpxtpx:hr>
            <gpxtpx:cad>43</gpxtpx:cad>
          </gpxtpx:TrackPointExtension>
          <gpxx:TrackPointExtension>
            <gpxx:Temperature>28</gpxx:Temperature>
          </gpxx:TrackPointExtension>
        </extensions>
      </trkpt>
      <trkpt lat="42.755325995385647" lon="-0.512178037315607">
        <ele>1200.4000000000001</ele>
        <time>2026-07-08T07:23:23Z</time>
        <extensions>
          <gpxtpx:TrackPointExtension>
            <gpxtpx:atemp>28</gpxtpx:atemp>
            <gpxtpx:hr>80</gpxtpx:hr>
            <gpxtpx:cad>43</gpxtpx:cad>
          </gpxtpx:TrackPointExtension>
          <gpxx:TrackPointExtension>
            <gpxx:Temperature>28</gpxx:Temperature>
          </gpxx:TrackPointExtension>
        </extensions>
      </trkpt>
      <trkpt lat="42.755321972072124" lon="-0.51214300096035">
        <ele>1201.2</ele>
        <time>2026-07-08T07:23:26Z</time>
        <extensions>
          <gpxtpx:TrackPointExtension>
            <gpxtpx:atemp>28</gpxtpx:atemp>
            <gpxtpx:hr>80</gpxtpx:hr>
            <gpxtpx:cad>43</gpxtpx:cad>
          </gpxtpx:TrackPointExtension>
          <gpxx:TrackPointExtension>
            <gpxx:Temperature>28</gpxx:Temperature>
          </gpxx:TrackPointExtension>
        </extensions>
      </trkpt>
      <trkpt lat="42.755320966243744" lon="-0.512131014838815">
        <ele>1201.4000000000001</ele>
        <time>2026-07-08T07:23:27Z</time>
        <extensions>
          <gpxtpx:TrackPointExtension>
            <gpxtpx:atemp>28</gpxtpx:atemp>
            <gpxtpx:hr>80</gpxtpx:hr>
            <gpxtpx:cad>42</gpxtpx:cad>
          </gpxtpx:TrackPointExtension>
          <gpxx:TrackPointExtension>
            <gpxx:Temperature>28</gpxx:Temperature>
          </gpxx:TrackPointExtension>
        </extensions>
      </trkpt>
      <trkpt lat="42.755345022305846" lon="-0.512110982090235">
        <ele>1202.5999999999999</ele>
        <time>2026-07-08T07:23:32Z</time>
        <extensions>
          <gpxtpx:TrackPointExtension>
            <gpxtpx:atemp>28</gpxtpx:atemp>
            <gpxtpx:hr>78</gpxtpx:hr>
            <gpxtpx:cad>75</gpxtpx:cad>
          </gpxtpx:TrackPointExtension>
          <gpxx:TrackPointExtension>
            <gpxx:Temperature>28</gpxx:Temperature>
          </gpxx:TrackPointExtension>
        </extensions>
      </trkpt>
      <trkpt lat="42.755352985113859" lon="-0.512109976261854">
        <ele>1202.8</ele>
        <time>2026-07-08T07:23:33Z</time>
        <extensions>
          <gpxtpx:TrackPointExtension>
            <gpxtpx:atemp>28</gpxtpx:atemp>
            <gpxtpx:hr>81</gpxtpx:hr>
            <gpxtpx:cad>76</gpxtpx:cad>
          </gpxtpx:TrackPointExtension>
          <gpxx:TrackPointExtension>
            <gpxx:Temperature>28</gpxx:Temperature>
          </gpxx:TrackPointExtension>
        </extensions>
      </trkpt>
      <trkpt lat="42.755373017862439" lon="-0.512092038989067">
        <ele>1203.2</ele>
        <time>2026-07-08T07:23:35Z</time>
        <extensions>
          <gpxtpx:TrackPointExtension>
            <gpxtpx:atemp>28</gpxtpx:atemp>
            <gpxtpx:hr>79</gpxtpx:hr>
            <gpxtpx:cad>78</gpxtpx:cad>
          </gpxtpx:TrackPointExtension>
          <gpxx:TrackPointExtension>
            <gpxx:Temperature>28</gpxx:Temperature>
          </gpxx:TrackPointExtension>
        </extensions>
      </trkpt>
      <trkpt lat="42.75539799593389" lon="-0.512069994583726">
        <ele>1203.5999999999999</ele>
        <time>2026-07-08T07:23:38Z</time>
        <extensions>
          <gpxtpx:TrackPointExtension>
            <gpxtpx:atemp>28</gpxtpx:atemp>
            <gpxtpx:hr>79</gpxtpx:hr>
            <gpxtpx:cad>44</gpxtpx:cad>
          </gpxtpx:TrackPointExtension>
          <gpxx:TrackPointExtension>
            <gpxx:Temperature>28</gpxx:Temperature>
          </gpxx:TrackPointExtension>
        </extensions>
      </trkpt>
      <trkpt lat="42.755409982055426" lon="-0.512063037604094">
        <ele>1203.8</ele>
        <time>2026-07-08T07:23:39Z</time>
        <extensions>
          <gpxtpx:TrackPointExtension>
            <gpxtpx:atemp>28</gpxtpx:atemp>
            <gpxtpx:hr>81</gpxtpx:hr>
            <gpxtpx:cad>44</gpxtpx:cad>
          </gpxtpx:TrackPointExtension>
          <gpxx:TrackPointExtension>
            <gpxx:Temperature>28</gpxx:Temperature>
          </gpxx:TrackPointExtension>
        </extensions>
      </trkpt>
      <trkpt lat="42.755463039502501" lon="-0.512066977098584">
        <ele>1204.8</ele>
        <time>2026-07-08T07:23:44Z</time>
        <extensions>
          <gpxtpx:TrackPointExtension>
            <gpxtpx:atemp>28</gpxtpx:atemp>
            <gpxtpx:hr>82</gpxtpx:hr>
            <gpxtpx:cad>0</gpxtpx:cad>
          </gpxtpx:TrackPointExtension>
          <gpxx:TrackPointExtension>
            <gpxx:Temperature>28</gpxx:Temperature>
          </gpxx:TrackPointExtension>
        </extensions>
      </trkpt>
      <trkpt lat="42.755487011745572" lon="-0.512068988755345">
        <ele>1205.2</ele>
        <time>2026-07-08T07:23:48Z</time>
        <extensions>
          <gpxtpx:TrackPointExtension>
            <gpxtpx:atemp>28</gpxtpx:atemp>
            <gpxtpx:hr>83</gpxtpx:hr>
            <gpxtpx:cad>74</gpxtpx:cad>
          </gpxtpx:TrackPointExtension>
          <gpxx:TrackPointExtension>
            <gpxx:Temperature>28</gpxx:Temperature>
          </gpxx:TrackPointExtension>
        </extensions>
      </trkpt>
      <trkpt lat="42.755500003695488" lon="-0.512039987370372">
        <ele>1205.8</ele>
        <time>2026-07-08T07:23:52Z</time>
        <extensions>
          <gpxtpx:TrackPointExtension>
            <gpxtpx:atemp>28</gpxtpx:atemp>
            <gpxtpx:hr>82</gpxtpx:hr>
            <gpxtpx:cad>76</gpxtpx:cad>
          </gpxtpx:TrackPointExtension>
          <gpxx:TrackPointExtension>
            <gpxx:Temperature>28</gpxx:Temperature>
          </gpxx:TrackPointExtension>
        </extensions>
      </trkpt>
      <trkpt lat="42.755517018958926" lon="-0.512022972106934">
        <ele>1206.5999999999999</ele>
        <time>2026-07-08T07:23:55Z</time>
        <extensions>
          <gpxtpx:TrackPointExtension>
            <gpxtpx:atemp>28</gpxtpx:atemp>
            <gpxtpx:hr>82</gpxtpx:hr>
            <gpxtpx:cad>78</gpxtpx:cad>
          </gpxtpx:TrackPointExtension>
          <gpxx:TrackPointExtension>
            <gpxx:Temperature>28</gpxx:Temperature>
          </gpxx:TrackPointExtension>
        </extensions>
      </trkpt>
      <trkpt lat="42.75552598759532" lon="-0.512016015127301">
        <ele>1207</ele>
        <time>2026-07-08T07:23:56Z</time>
        <extensions>
          <gpxtpx:TrackPointExtension>
            <gpxtpx:atemp>28</gpxtpx:atemp>
            <gpxtpx:hr>83</gpxtpx:hr>
            <gpxtpx:cad>78</gpxtpx:cad>
          </gpxtpx:TrackPointExtension>
          <gpxx:TrackPointExtension>
            <gpxx:Temperature>28</gpxx:Temperature>
          </gpxx:TrackPointExtension>
        </extensions>
      </trkpt>
      <trkpt lat="42.755540991201997" lon="-0.511994976550341">
        <ele>1207.8</ele>
        <time>2026-07-08T07:23:59Z</time>
        <extensions>
          <gpxtpx:TrackPointExtension>
            <gpxtpx:atemp>28</gpxtpx:atemp>
            <gpxtpx:hr>86</gpxtpx:hr>
            <gpxtpx:cad>43</gpxtpx:cad>
          </gpxtpx:TrackPointExtension>
          <gpxx:TrackPointExtension>
            <gpxx:Temperature>28</gpxx:Temperature>
          </gpxx:TrackPointExtension>
        </extensions>
      </trkpt>
      <trkpt lat="42.75554702617228" lon="-0.511982990428805">
        <ele>1208</ele>
        <time>2026-07-08T07:24:01Z</time>
        <extensions>
          <gpxtpx:TrackPointExtension>
            <gpxtpx:atemp>28</gpxtpx:atemp>
            <gpxtpx:hr>85</gpxtpx:hr>
            <gpxtpx:cad>77</gpxtpx:cad>
          </gpxtpx:TrackPointExtension>
          <gpxx:TrackPointExtension>
            <gpxx:Temperature>28</gpxx:Temperature>
          </gpxx:TrackPointExtension>
        </extensions>
      </trkpt>
      <trkpt lat="42.755558006465435" lon="-0.511974021792412">
        <ele>1208.2</ele>
        <time>2026-07-08T07:24:03Z</time>
        <extensions>
          <gpxtpx:TrackPointExtension>
            <gpxtpx:atemp>28</gpxtpx:atemp>
            <gpxtpx:hr>87</gpxtpx:hr>
            <gpxtpx:cad>77</gpxtpx:cad>
          </gpxtpx:TrackPointExtension>
          <gpxx:TrackPointExtension>
            <gpxx:Temperature>28</gpxx:Temperature>
          </gpxx:TrackPointExtension>
        </extensions>
      </trkpt>
      <trkpt lat="42.75556898675859" lon="-0.511940997093916">
        <ele>1209.2</ele>
        <time>2026-07-08T07:24:07Z</time>
        <extensions>
          <gpxtpx:TrackPointExtension>
            <gpxtpx:atemp>28</gpxtpx:atemp>
            <gpxtpx:hr>89</gpxtpx:hr>
            <gpxtpx:cad>72</gpxtpx:cad>
          </gpxtpx:TrackPointExtension>
          <gpxx:TrackPointExtension>
            <gpxx:Temperature>28</gpxx:Temperature>
          </gpxx:TrackPointExtension>
        </extensions>
      </trkpt>
      <trkpt lat="42.755566975101829" lon="-0.511930016800761">
        <ele>1209.5999999999999</ele>
        <time>2026-07-08T07:24:08Z</time>
        <extensions>
          <gpxtpx:TrackPointExtension>
            <gpxtpx:atemp>28</gpxtpx:atemp>
            <gpxtpx:hr>90</gpxtpx:hr>
            <gpxtpx:cad>72</gpxtpx:cad>
          </gpxtpx:TrackPointExtension>
          <gpxx:TrackPointExtension>
            <gpxx:Temperature>28</gpxx:Temperature>
          </gpxx:TrackPointExtension>
        </extensions>
      </trkpt>
      <trkpt lat="42.755558006465435" lon="-0.511917024850845">
        <ele>1209.5999999999999</ele>
        <time>2026-07-08T07:24:09Z</time>
        <extensions>
          <gpxtpx:TrackPointExtension>
            <gpxtpx:atemp>28</gpxtpx:atemp>
            <gpxtpx:hr>93</gpxtpx:hr>
            <gpxtpx:cad>0</gpxtpx:cad>
          </gpxtpx:TrackPointExtension>
          <gpxx:TrackPointExtension>
            <gpxx:Temperature>28</gpxx:Temperature>
          </gpxx:TrackPointExtension>
        </extensions>
      </trkpt>
      <trkpt lat="42.75552598759532" lon="-0.511888023465872">
        <ele>1209.4000000000001</ele>
        <time>2026-07-08T07:24:12Z</time>
        <extensions>
          <gpxtpx:TrackPointExtension>
            <gpxtpx:atemp>28</gpxtpx:atemp>
            <gpxtpx:hr>96</gpxtpx:hr>
            <gpxtpx:cad>49</gpxtpx:cad>
          </gpxtpx:TrackPointExtension>
          <gpxx:TrackPointExtension>
            <gpxx:Temperature>28</gpxx:Temperature>
          </gpxx:TrackPointExtension>
        </extensions>
      </trkpt>
      <trkpt lat="42.755505032837391" lon="-0.511878971010447">
        <ele>1209.4000000000001</ele>
        <time>2026-07-08T07:24:14Z</time>
        <extensions>
          <gpxtpx:TrackPointExtension>
            <gpxtpx:atemp>28</gpxtpx:atemp>
            <gpxtpx:hr>97</gpxtpx:hr>
            <gpxtpx:cad>46</gpxtpx:cad>
          </gpxtpx:TrackPointExtension>
          <gpxx:TrackPointExtension>
            <gpxx:Temperature>28</gpxx:Temperature>
          </gpxx:TrackPointExtension>
        </extensions>
      </trkpt>
      <trkpt lat="42.755473013967276" lon="-0.511862961575389">
        <ele>1209.5999999999999</ele>
        <time>2026-07-08T07:24:17Z</time>
        <extensions>
          <gpxtpx:TrackPointExtension>
            <gpxtpx:atemp>28</gpxtpx:atemp>
            <gpxtpx:hr>100</gpxtpx:hr>
            <gpxtpx:cad>45</gpxtpx:cad>
          </gpxtpx:TrackPointExtension>
          <gpxx:TrackPointExtension>
            <gpxx:Temperature>28</gpxx:Temperature>
          </gpxx:TrackPointExtension>
        </extensions>
      </trkpt>
      <trkpt lat="42.755433032289147" lon="-0.511847035959363">
        <ele>1209.8</ele>
        <time>2026-07-08T07:24:21Z</time>
        <extensions>
          <gpxtpx:TrackPointExtension>
            <gpxtpx:atemp>28</gpxtpx:atemp>
            <gpxtpx:hr>104</gpxtpx:hr>
            <gpxtpx:cad>48</gpxtpx:cad>
          </gpxtpx:TrackPointExtension>
          <gpxx:TrackPointExtension>
            <gpxx:Temperature>28</gpxx:Temperature>
          </gpxx:TrackPointExtension>
        </extensions>
      </trkpt>
      <trkpt lat="42.755367988720536" lon="-0.511804036796093">
        <ele>1210</ele>
        <time>2026-07-08T07:24:25Z</time>
        <extensions>
          <gpxtpx:TrackPointExtension>
            <gpxtpx:atemp>28</gpxtpx:atemp>
            <gpxtpx:hr>106</gpxtpx:hr>
            <gpxtpx:cad>47</gpxtpx:cad>
          </gpxtpx:TrackPointExtension>
          <gpxx:TrackPointExtension>
            <gpxx:Temperature>28</gpxx:Temperature>
          </gpxx:TrackPointExtension>
        </extensions>
      </trkpt>
      <trkpt lat="42.755295988172293" lon="-0.511766988784075">
        <ele>1210.4000000000001</ele>
        <time>2026-07-08T07:24:30Z</time>
        <extensions>
          <gpxtpx:TrackPointExtension>
            <gpxtpx:atemp>28</gpxtpx:atemp>
            <gpxtpx:hr>107</gpxtpx:hr>
            <gpxtpx:cad>48</gpxtpx:cad>
          </gpxtpx:TrackPointExtension>
          <gpxx:TrackPointExtension>
            <gpxx:Temperature>28</gpxx:Temperature>
          </gpxx:TrackPointExtension>
        </extensions>
      </trkpt>
      <trkpt lat="42.755250977352262" lon="-0.511755002662539">
        <ele>1210.5999999999999</ele>
        <time>2026-07-08T07:24:34Z</time>
        <extensions>
          <gpxtpx:TrackPointExtension>
            <gpxtpx:atemp>28</gpxtpx:atemp>
            <gpxtpx:hr>108</gpxtpx:hr>
            <gpxtpx:cad>47</gpxtpx:cad>
          </gpxtpx:TrackPointExtension>
          <gpxx:TrackPointExtension>
            <gpxx:Temperature>28</gpxx:Temperature>
          </gpxx:TrackPointExtension>
        </extensions>
      </trkpt>
      <trkpt lat="42.755223987624049" lon="-0.511732958257198">
        <ele>1211.4000000000001</ele>
        <time>2026-07-08T07:24:39Z</time>
        <extensions>
          <gpxtpx:TrackPointExtension>
            <gpxtpx:atemp>28</gpxtpx:atemp>
            <gpxtpx:hr>107</gpxtpx:hr>
            <gpxtpx:cad>51</gpxtpx:cad>
          </gpxtpx:TrackPointExtension>
          <gpxx:TrackPointExtension>
            <gpxx:Temperature>28</gpxx:Temperature>
          </gpxx:TrackPointExtension>
        </extensions>
      </trkpt>
      <trkpt lat="42.755212001502514" lon="-0.511727007105947">
        <ele>1212</ele>
        <time>2026-07-08T07:24:41Z</time>
        <extensions>
          <gpxtpx:TrackPointExtension>
            <gpxtpx:atemp>28</gpxtpx:atemp>
            <gpxtpx:hr>110</gpxtpx:hr>
            <gpxtpx:cad>52</gpxtpx:cad>
          </gpxtpx:TrackPointExtension>
          <gpxx:TrackPointExtension>
            <gpxx:Temperature>28</gpxx:Temperature>
          </gpxx:TrackPointExtension>
        </extensions>
      </trkpt>
      <trkpt lat="42.75518199428916" lon="-0.511723989620805">
        <ele>1212.2</ele>
        <time>2026-07-08T07:24:44Z</time>
        <extensions>
          <gpxtpx:TrackPointExtension>
            <gpxtpx:atemp>28</gpxtpx:atemp>
            <gpxtpx:hr>113</gpxtpx:hr>
            <gpxtpx:cad>53</gpxtpx:cad>
          </gpxtpx:TrackPointExtension>
          <gpxx:TrackPointExtension>
            <gpxx:Temperature>28</gpxx:Temperature>
          </gpxx:TrackPointExtension>
        </extensions>
      </trkpt>
      <trkpt lat="42.755164979025722" lon="-0.511719966307282">
        <ele>1212.4000000000001</ele>
        <time>2026-07-08T07:24:46Z</time>
        <extensions>
          <gpxtpx:TrackPointExtension>
            <gpxtpx:atemp>28</gpxtpx:atemp>
            <gpxtpx:hr>114</gpxtpx:hr>
            <gpxtpx:cad>52</gpxtpx:cad>
          </gpxtpx:TrackPointExtension>
          <gpxx:TrackPointExtension>
            <gpxx:Temperature>28</gpxx:Temperature>
          </gpxx:TrackPointExtension>
        </extensions>
      </trkpt>
      <trkpt lat="42.755166990682483" lon="-0.511719966307282">
        <ele>1212.4000000000001</ele>
        <time>2026-07-08T07:24:47Z</time>
        <extensions>
          <gpxtpx:TrackPointExtension>
            <gpxtpx:atemp>28</gpxtpx:atemp>
            <gpxtpx:hr>114</gpxtpx:hr>
            <gpxtpx:cad>52</gpxtpx:cad>
          </gpxtpx:TrackPointExtension>
          <gpxx:TrackPointExtension>
            <gpxx:Temperature>28</gpxx:Temperature>
          </gpxx:TrackPointExtension>
        </extensions>
      </trkpt>
      <trkpt lat="42.755156010389328" lon="-0.511705968528986">
        <ele>1212.4000000000001</ele>
        <time>2026-07-08T07:24:50Z</time>
        <extensions>
          <gpxtpx:TrackPointExtension>
            <gpxtpx:atemp>28</gpxtpx:atemp>
            <gpxtpx:hr>115</gpxtpx:hr>
            <gpxtpx:cad>50</gpxtpx:cad>
          </gpxtpx:TrackPointExtension>
          <gpxx:TrackPointExtension>
            <gpxx:Temperature>28</gpxx:Temperature>
          </gpxx:TrackPointExtension>
        </extensions>
      </trkpt>
      <trkpt lat="42.755027012899518" lon="-0.511626005172729">
        <ele>1213.2</ele>
        <time>2026-07-08T07:25:00Z</time>
        <extensions>
          <gpxtpx:TrackPointExtension>
            <gpxtpx:atemp>28</gpxtpx:atemp>
            <gpxtpx:hr>115</gpxtpx:hr>
            <gpxtpx:cad>49</gpxtpx:cad>
          </gpxtpx:TrackPointExtension>
          <gpxx:TrackPointExtension>
            <gpxx:Temperature>28</gpxx:Temperature>
          </gpxx:TrackPointExtension>
        </extensions>
      </trkpt>
      <trkpt lat="42.754999017342925" lon="-0.511594992130995">
        <ele>1213.4000000000001</ele>
        <time>2026-07-08T07:25:02Z</time>
        <extensions>
          <gpxtpx:TrackPointExtension>
            <gpxtpx:atemp>28</gpxtpx:atemp>
            <gpxtpx:hr>117</gpxtpx:hr>
            <gpxtpx:cad>49</gpxtpx:cad>
          </gpxtpx:TrackPointExtension>
          <gpxx:TrackPointExtension>
            <gpxx:Temperature>28</gpxx:Temperature>
          </gpxx:TrackPointExtension>
        </extensions>
      </trkpt>
      <trkpt lat="42.75498703122139" lon="-0.511585017666221">
        <ele>1213.8</ele>
        <time>2026-07-08T07:25:04Z</time>
        <extensions>
          <gpxtpx:TrackPointExtension>
            <gpxtpx:atemp>28</gpxtpx:atemp>
            <gpxtpx:hr>114</gpxtpx:hr>
            <gpxtpx:cad>49</gpxtpx:cad>
          </gpxtpx:TrackPointExtension>
          <gpxx:TrackPointExtension>
            <gpxx:Temperature>28</gpxx:Temperature>
          </gpxx:TrackPointExtension>
        </extensions>
      </trkpt>
      <trkpt lat="42.75496699847281" lon="-0.511572025716305">
        <ele>1214.4000000000001</ele>
        <time>2026-07-08T07:25:07Z</time>
        <extensions>
          <gpxtpx:TrackPointExtension>
            <gpxtpx:atemp>28</gpxtpx:atemp>
            <gpxtpx:hr>114</gpxtpx:hr>
            <gpxtpx:cad>0</gpxtpx:cad>
          </gpxtpx:TrackPointExtension>
          <gpxx:TrackPointExtension>
            <gpxx:Temperature>28</gpxx:Temperature>
          </gpxx:TrackPointExtension>
        </extensions>
      </trkpt>
      <trkpt lat="42.754965992644429" lon="-0.511570014059544">
        <ele>1214.5999999999999</ele>
        <time>2026-07-08T07:25:08Z</time>
        <extensions>
          <gpxtpx:TrackPointExtension>
            <gpxtpx:atemp>28</gpxtpx:atemp>
            <gpxtpx:hr>114</gpxtpx:hr>
            <gpxtpx:cad>0</gpxtpx:cad>
          </gpxtpx:TrackPointExtension>
          <gpxx:TrackPointExtension>
            <gpxx:Temperature>28</gpxx:Temperature>
          </gpxx:TrackPointExtension>
        </extensions>
      </trkpt>
      <trkpt lat="42.754963980987668" lon="-0.51154101267457">
        <ele>1215.2</ele>
        <time>2026-07-08T07:25:14Z</time>
        <extensions>
          <gpxtpx:TrackPointExtension>
            <gpxtpx:atemp>28</gpxtpx:atemp>
            <gpxtpx:hr>111</gpxtpx:hr>
            <gpxtpx:cad>0</gpxtpx:cad>
          </gpxtpx:TrackPointExtension>
          <gpxx:TrackPointExtension>
            <gpxx:Temperature>28</gpxx:Temperature>
          </gpxx:TrackPointExtension>
        </extensions>
      </trkpt>
      <trkpt lat="42.754917964339256" lon="-0.511483009904623">
        <ele>1215.5999999999999</ele>
        <time>2026-07-08T07:25:19Z</time>
        <extensions>
          <gpxtpx:TrackPointExtension>
            <gpxtpx:atemp>28</gpxtpx:atemp>
            <gpxtpx:hr>110</gpxtpx:hr>
            <gpxtpx:cad>0</gpxtpx:cad>
          </gpxtpx:TrackPointExtension>
          <gpxx:TrackPointExtension>
            <gpxx:Temperature>28</gpxx:Temperature>
          </gpxx:TrackPointExtension>
        </extensions>
      </trkpt>
      <trkpt lat="42.754883011803031" lon="-0.511421989649534">
        <ele>1216</ele>
        <time>2026-07-08T07:25:23Z</time>
        <extensions>
          <gpxtpx:TrackPointExtension>
            <gpxtpx:atemp>28</gpxtpx:atemp>
            <gpxtpx:hr>108</gpxtpx:hr>
            <gpxtpx:cad>0</gpxtpx:cad>
          </gpxtpx:TrackPointExtension>
          <gpxx:TrackPointExtension>
            <gpxx:Temperature>28</gpxx:Temperature>
          </gpxx:TrackPointExtension>
        </extensions>
      </trkpt>
      <trkpt lat="42.754771029576659" lon="-0.511374967172742">
        <ele>1216.5999999999999</ele>
        <time>2026-07-08T07:25:29Z</time>
        <extensions>
          <gpxtpx:TrackPointExtension>
            <gpxtpx:atemp>27</gpxtpx:atemp>
            <gpxtpx:hr>106</gpxtpx:hr>
            <gpxtpx:cad>53</gpxtpx:cad>
          </gpxtpx:TrackPointExtension>
          <gpxx:TrackPointExtension>
            <gpxx:Temperature>27</gpxx:Temperature>
          </gpxx:TrackPointExtension>
        </extensions>
      </trkpt>
      <trkpt lat="42.754744039848447" lon="-0.511367004364729">
        <ele>1216.5999999999999</ele>
        <time>2026-07-08T07:25:30Z</time>
        <extensions>
          <gpxtpx:TrackPointExtension>
            <gpxtpx:atemp>28</gpxtpx:atemp>
            <gpxtpx:hr>105</gpxtpx:hr>
            <gpxtpx:cad>51</gpxtpx:cad>
          </gpxtpx:TrackPointExtension>
          <gpxx:TrackPointExtension>
            <gpxx:Temperature>28</gpxx:Temperature>
          </gpxx:TrackPointExtension>
        </extensions>
      </trkpt>
      <trkpt lat="42.754663992673159" lon="-0.511373961344361">
        <ele>1217.2</ele>
        <time>2026-07-08T07:25:35Z</time>
        <extensions>
          <gpxtpx:TrackPointExtension>
            <gpxtpx:atemp>27</gpxtpx:atemp>
            <gpxtpx:hr>104</gpxtpx:hr>
            <gpxtpx:cad>49</gpxtpx:cad>
          </gpxtpx:TrackPointExtension>
          <gpxx:TrackPointExtension>
            <gpxx:Temperature>27</gpxx:Temperature>
          </gpxx:TrackPointExtension>
        </extensions>
      </trkpt>
      <trkpt lat="42.754634991288185" lon="-0.511333979666233">
        <ele>1217.4000000000001</ele>
        <time>2026-07-08T07:25:38Z</time>
        <extensions>
          <gpxtpx:TrackPointExtension>
            <gpxtpx:atemp>27</gpxtpx:atemp>
            <gpxtpx:hr>104</gpxtpx:hr>
            <gpxtpx:cad>50</gpxtpx:cad>
          </gpxtpx:TrackPointExtension>
          <gpxx:TrackPointExtension>
            <gpxx:Temperature>27</gpxx:Temperature>
          </gpxx:TrackPointExtension>
        </extensions>
      </trkpt>
      <trkpt lat="42.754610013216734" lon="-0.511312019079924">
        <ele>1217.5999999999999</ele>
        <time>2026-07-08T07:25:41Z</time>
        <extensions>
          <gpxtpx:TrackPointExtension>
            <gpxtpx:atemp>27</gpxtpx:atemp>
            <gpxtpx:hr>104</gpxtpx:hr>
            <gpxtpx:cad>49</gpxtpx:cad>
          </gpxtpx:TrackPointExtension>
          <gpxx:TrackPointExtension>
            <gpxx:Temperature>27</gpxx:Temperature>
          </gpxx:TrackPointExtension>
        </extensions>
      </trkpt>
      <trkpt lat="42.754591992124915" lon="-0.511273965239525">
        <ele>1217.8</ele>
        <time>2026-07-08T07:25:45Z</time>
        <extensions>
          <gpxtpx:TrackPointExtension>
            <gpxtpx:atemp>27</gpxtpx:atemp>
            <gpxtpx:hr>105</gpxtpx:hr>
            <gpxtpx:cad>49</gpxtpx:cad>
          </gpxtpx:TrackPointExtension>
          <gpxx:TrackPointExtension>
            <gpxx:Temperature>27</gpxx:Temperature>
          </gpxx:TrackPointExtension>
        </extensions>
      </trkpt>
      <trkpt lat="42.754577994346619" lon="-0.511215040460229">
        <ele>1217.8</ele>
        <time>2026-07-08T07:25:49Z</time>
        <extensions>
          <gpxtpx:TrackPointExtension>
            <gpxtpx:atemp>27</gpxtpx:atemp>
            <gpxtpx:hr>108</gpxtpx:hr>
            <gpxtpx:cad>49</gpxtpx:cad>
          </gpxtpx:TrackPointExtension>
          <gpxx:TrackPointExtension>
            <gpxx:Temperature>27</gpxx:Temperature>
          </gpxx:TrackPointExtension>
        </extensions>
      </trkpt>
      <trkpt lat="42.754536001011729" lon="-0.511166006326675">
        <ele>1218</ele>
        <time>2026-07-08T07:25:52Z</time>
        <extensions>
          <gpxtpx:TrackPointExtension>
            <gpxtpx:atemp>27</gpxtpx:atemp>
            <gpxtpx:hr>110</gpxtpx:hr>
            <gpxtpx:cad>49</gpxtpx:cad>
          </gpxtpx:TrackPointExtension>
          <gpxx:TrackPointExtension>
            <gpxx:Temperature>27</gpxx:Temperature>
          </gpxx:TrackPointExtension>
        </extensions>
      </trkpt>
      <trkpt lat="42.754475986585021" lon="-0.511070033535361">
        <ele>1218.5999999999999</ele>
        <time>2026-07-08T07:25:58Z</time>
        <extensions>
          <gpxtpx:TrackPointExtension>
            <gpxtpx:atemp>27</gpxtpx:atemp>
            <gpxtpx:hr>109</gpxtpx:hr>
            <gpxtpx:cad>49</gpxtpx:cad>
          </gpxtpx:TrackPointExtension>
          <gpxx:TrackPointExtension>
            <gpxx:Temperature>27</gpxx:Temperature>
          </gpxx:TrackPointExtension>
        </extensions>
      </trkpt>
      <trkpt lat="42.754469029605389" lon="-0.511052012443542">
        <ele>1219</ele>
        <time>2026-07-08T07:26:00Z</time>
        <extensions>
          <gpxtpx:TrackPointExtension>
            <gpxtpx:atemp>27</gpxtpx:atemp>
            <gpxtpx:hr>107</gpxtpx:hr>
            <gpxtpx:cad>49</gpxtpx:cad>
          </gpxtpx:TrackPointExtension>
          <gpxx:TrackPointExtension>
            <gpxx:Temperature>27</gpxx:Temperature>
          </gpxx:TrackPointExtension>
        </extensions>
      </trkpt>
      <trkpt lat="42.75445201434195" lon="-0.51102502271533">
        <ele>1219.2</ele>
        <time>2026-07-08T07:26:02Z</time>
        <extensions>
          <gpxtpx:TrackPointExtension>
            <gpxtpx:atemp>27</gpxtpx:atemp>
            <gpxtpx:hr>104</gpxtpx:hr>
            <gpxtpx:cad>49</gpxtpx:cad>
          </gpxtpx:TrackPointExtension>
          <gpxx:TrackPointExtension>
            <gpxx:Temperature>27</gpxx:Temperature>
          </gpxx:TrackPointExtension>
        </extensions>
      </trkpt>
      <trkpt lat="42.754440028220415" lon="-0.5109609849751">
        <ele>1219.8</ele>
        <time>2026-07-08T07:26:06Z</time>
        <extensions>
          <gpxtpx:TrackPointExtension>
            <gpxtpx:atemp>27</gpxtpx:atemp>
            <gpxtpx:hr>102</gpxtpx:hr>
            <gpxtpx:cad>48</gpxtpx:cad>
          </gpxtpx:TrackPointExtension>
          <gpxx:TrackPointExtension>
            <gpxx:Temperature>27</gpxx:Temperature>
          </gpxx:TrackPointExtension>
        </extensions>
      </trkpt>
      <trkpt lat="42.754436004906893" lon="-0.510905999690294">
        <ele>1220.4000000000001</ele>
        <time>2026-07-08T07:26:12Z</time>
        <extensions>
          <gpxtpx:TrackPointExtension>
            <gpxtpx:atemp>27</gpxtpx:atemp>
            <gpxtpx:hr>99</gpxtpx:hr>
            <gpxtpx:cad>48</gpxtpx:cad>
          </gpxtpx:TrackPointExtension>
          <gpxx:TrackPointExtension>
            <gpxx:Temperature>27</gpxx:Temperature>
          </gpxx:TrackPointExtension>
        </extensions>
      </trkpt>
      <trkpt lat="42.754442961886525" lon="-0.510900970548391">
        <ele>1220.8</ele>
        <time>2026-07-08T07:26:14Z</time>
        <extensions>
          <gpxtpx:TrackPointExtension>
            <gpxtpx:atemp>27</gpxtpx:atemp>
            <gpxtpx:hr>95</gpxtpx:hr>
            <gpxtpx:cad>48</gpxtpx:cad>
          </gpxtpx:TrackPointExtension>
          <gpxx:TrackPointExtension>
            <gpxx:Temperature>27</gpxx:Temperature>
          </gpxx:TrackPointExtension>
        </extensions>
      </trkpt>
      <trkpt lat="42.754487972706556" lon="-0.510893007740378">
        <ele>1221.2</ele>
        <time>2026-07-08T07:26:16Z</time>
        <extensions>
          <gpxtpx:TrackPointExtension>
            <gpxtpx:atemp>27</gpxtpx:atemp>
            <gpxtpx:hr>94</gpxtpx:hr>
            <gpxtpx:cad>48</gpxtpx:cad>
          </gpxtpx:TrackPointExtension>
          <gpxx:TrackPointExtension>
            <gpxx:Temperature>27</gpxx:Temperature>
          </gpxx:TrackPointExtension>
        </extensions>
      </trkpt>
      <trkpt lat="42.754506999626756" lon="-0.510898036882281">
        <ele>1221.2</ele>
        <time>2026-07-08T07:26:17Z</time>
        <extensions>
          <gpxtpx:TrackPointExtension>
            <gpxtpx:atemp>27</gpxtpx:atemp>
            <gpxtpx:hr>93</gpxtpx:hr>
            <gpxtpx:cad>49</gpxtpx:cad>
          </gpxtpx:TrackPointExtension>
          <gpxx:TrackPointExtension>
            <gpxx:Temperature>27</gpxx:Temperature>
          </gpxx:TrackPointExtension>
        </extensions>
      </trkpt>
      <trkpt lat="42.754524014890194" lon="-0.510902982205153">
        <ele>1222</ele>
        <time>2026-07-08T07:26:19Z</time>
        <extensions>
          <gpxtpx:TrackPointExtension>
            <gpxtpx:atemp>27</gpxtpx:atemp>
            <gpxtpx:hr>92</gpxtpx:hr>
            <gpxtpx:cad>51</gpxtpx:cad>
          </gpxtpx:TrackPointExtension>
          <gpxx:TrackPointExtension>
            <gpxx:Temperature>27</gpxx:Temperature>
          </gpxx:TrackPointExtension>
        </extensions>
      </trkpt>
      <trkpt lat="42.75451404042542" lon="-0.510893007740378">
        <ele>1222.8</ele>
        <time>2026-07-08T07:26:23Z</time>
        <extensions>
          <gpxtpx:TrackPointExtension>
            <gpxtpx:atemp>27</gpxtpx:atemp>
            <gpxtpx:hr>92</gpxtpx:hr>
            <gpxtpx:cad>0</gpxtpx:cad>
          </gpxtpx:TrackPointExtension>
          <gpxx:TrackPointExtension>
            <gpxx:Temperature>27</gpxx:Temperature>
          </gpxx:TrackPointExtension>
        </extensions>
      </trkpt>
      <trkpt lat="42.754514962434769" lon="-0.510897031053901">
        <ele>1223</ele>
        <time>2026-07-08T07:26:24Z</time>
        <extensions>
          <gpxtpx:TrackPointExtension>
            <gpxtpx:atemp>27</gpxtpx:atemp>
            <gpxtpx:hr>93</gpxtpx:hr>
            <gpxtpx:cad>0</gpxtpx:cad>
          </gpxtpx:TrackPointExtension>
          <gpxx:TrackPointExtension>
            <gpxx:Temperature>27</gpxx:Temperature>
          </gpxx:TrackPointExtension>
        </extensions>
      </trkpt>
      <trkpt lat="42.754528960213065" lon="-0.510902982205153">
        <ele>1223.5999999999999</ele>
        <time>2026-07-08T07:26:28Z</time>
        <extensions>
          <gpxtpx:TrackPointExtension>
            <gpxtpx:atemp>27</gpxtpx:atemp>
            <gpxtpx:hr>95</gpxtpx:hr>
            <gpxtpx:cad>0</gpxtpx:cad>
          </gpxtpx:TrackPointExtension>
          <gpxx:TrackPointExtension>
            <gpxx:Temperature>27</gpxx:Temperature>
          </gpxx:TrackPointExtension>
        </extensions>
      </trkpt>
      <trkpt lat="42.75453801266849" lon="-0.510903988033533">
        <ele>1223.8</ele>
        <time>2026-07-08T07:26:30Z</time>
        <extensions>
          <gpxtpx:TrackPointExtension>
            <gpxtpx:atemp>27</gpxtpx:atemp>
            <gpxtpx:hr>98</gpxtpx:hr>
            <gpxtpx:cad>0</gpxtpx:cad>
          </gpxtpx:TrackPointExtension>
          <gpxx:TrackPointExtension>
            <gpxx:Temperature>27</gpxx:Temperature>
          </gpxx:TrackPointExtension>
        </extensions>
      </trkpt>
      <trkpt lat="42.75455703958869" lon="-0.51093801856041">
        <ele>1224.2</ele>
        <time>2026-07-08T07:26:34Z</time>
        <extensions>
          <gpxtpx:TrackPointExtension>
            <gpxtpx:atemp>27</gpxtpx:atemp>
            <gpxtpx:hr>97</gpxtpx:hr>
            <gpxtpx:cad>49</gpxtpx:cad>
          </gpxtpx:TrackPointExtension>
          <gpxx:TrackPointExtension>
            <gpxx:Temperature>27</gpxx:Temperature>
          </gpxx:TrackPointExtension>
        </extensions>
      </trkpt>
      <trkpt lat="42.75456097908318" lon="-0.510952016338706">
        <ele>1224.4000000000001</ele>
        <time>2026-07-08T07:26:35Z</time>
        <extensions>
          <gpxtpx:TrackPointExtension>
            <gpxtpx:atemp>27</gpxtpx:atemp>
            <gpxtpx:hr>99</gpxtpx:hr>
            <gpxtpx:cad>49</gpxtpx:cad>
          </gpxtpx:TrackPointExtension>
          <gpxx:TrackPointExtension>
            <gpxx:Temperature>27</gpxx:Temperature>
          </gpxx:TrackPointExtension>
        </extensions>
      </trkpt>
      <trkpt lat="42.754542035982013" lon="-0.510969031602144">
        <ele>1224.5999999999999</ele>
        <time>2026-07-08T07:26:39Z</time>
        <extensions>
          <gpxtpx:TrackPointExtension>
            <gpxtpx:atemp>27</gpxtpx:atemp>
            <gpxtpx:hr>96</gpxtpx:hr>
            <gpxtpx:cad>49</gpxtpx:cad>
          </gpxtpx:TrackPointExtension>
          <gpxx:TrackPointExtension>
            <gpxx:Temperature>27</gpxx:Temperature>
          </gpxx:TrackPointExtension>
        </extensions>
      </trkpt>
      <trkpt lat="42.75453700684011" lon="-0.510997027158737">
        <ele>1224.5999999999999</ele>
        <time>2026-07-08T07:26:41Z</time>
        <extensions>
          <gpxtpx:TrackPointExtension>
            <gpxtpx:atemp>27</gpxtpx:atemp>
            <gpxtpx:hr>98</gpxtpx:hr>
            <gpxtpx:cad>47</gpxtpx:cad>
          </gpxtpx:TrackPointExtension>
          <gpxx:TrackPointExtension>
            <gpxx:Temperature>27</gpxx:Temperature>
          </gpxx:TrackPointExtension>
        </extensions>
      </trkpt>
      <trkpt lat="42.75460297241807" lon="-0.511028040200472">
        <ele>1225</ele>
        <time>2026-07-08T07:26:46Z</time>
        <extensions>
          <gpxtpx:TrackPointExtension>
            <gpxtpx:atemp>27</gpxtpx:atemp>
            <gpxtpx:hr>97</gpxtpx:hr>
            <gpxtpx:cad>47</gpxtpx:cad>
          </gpxtpx:TrackPointExtension>
          <gpxx:TrackPointExtension>
            <gpxx:Temperature>27</gpxx:Temperature>
          </gpxx:TrackPointExtension>
        </extensions>
      </trkpt>
      <trkpt lat="42.754613030701876" lon="-0.511036003008485">
        <ele>1225.4000000000001</ele>
        <time>2026-07-08T07:26:47Z</time>
        <extensions>
          <gpxtpx:TrackPointExtension>
            <gpxtpx:atemp>27</gpxtpx:atemp>
            <gpxtpx:hr>95</gpxtpx:hr>
            <gpxtpx:cad>47</gpxtpx:cad>
          </gpxtpx:TrackPointExtension>
          <gpxx:TrackPointExtension>
            <gpxx:Temperature>27</gpxx:Temperature>
          </gpxx:TrackPointExtension>
        </extensions>
      </trkpt>
      <trkpt lat="42.754652006551623" lon="-0.511059975251555">
        <ele>1225.8</ele>
        <time>2026-07-08T07:26:50Z</time>
        <extensions>
          <gpxtpx:TrackPointExtension>
            <gpxtpx:atemp>27</gpxtpx:atemp>
            <gpxtpx:hr>97</gpxtpx:hr>
            <gpxtpx:cad>49</gpxtpx:cad>
          </gpxtpx:TrackPointExtension>
          <gpxx:TrackPointExtension>
            <gpxx:Temperature>27</gpxx:Temperature>
          </gpxx:TrackPointExtension>
        </extensions>
      </trkpt>
      <trkpt lat="42.754678996279836" lon="-0.511065004393458">
        <ele>1225.8</ele>
        <time>2026-07-08T07:26:52Z</time>
        <extensions>
          <gpxtpx:TrackPointExtension>
            <gpxtpx:atemp>27</gpxtpx:atemp>
            <gpxtpx:hr>95</gpxtpx:hr>
            <gpxtpx:cad>48</gpxtpx:cad>
          </gpxtpx:TrackPointExtension>
          <gpxx:TrackPointExtension>
            <gpxx:Temperature>27</gpxx:Temperature>
          </gpxx:TrackPointExtension>
        </extensions>
      </trkpt>
      <trkpt lat="42.75471000932157" lon="-0.511096017435193">
        <ele>1226.5999999999999</ele>
        <time>2026-07-08T07:26:57Z</time>
        <extensions>
          <gpxtpx:TrackPointExtension>
            <gpxtpx:atemp>27</gpxtpx:atemp>
            <gpxtpx:hr>93</gpxtpx:hr>
            <gpxtpx:cad>49</gpxtpx:cad>
          </gpxtpx:TrackPointExtension>
          <gpxx:TrackPointExtension>
            <gpxx:Temperature>27</gpxx:Temperature>
          </gpxx:TrackPointExtension>
        </extensions>
      </trkpt>
      <trkpt lat="42.754800030961633" lon="-0.511149996891618">
        <ele>1227.4000000000001</ele>
        <time>2026-07-08T07:27:05Z</time>
        <extensions>
          <gpxtpx:TrackPointExtension>
            <gpxtpx:atemp>27</gpxtpx:atemp>
            <gpxtpx:hr>91</gpxtpx:hr>
            <gpxtpx:cad>49</gpxtpx:cad>
          </gpxtpx:TrackPointExtension>
          <gpxx:TrackPointExtension>
            <gpxx:Temperature>27</gpxx:Temperature>
          </gpxx:TrackPointExtension>
        </extensions>
      </trkpt>
      <trkpt lat="42.754804976284504" lon="-0.511157037690282">
        <ele>1227.5999999999999</ele>
        <time>2026-07-08T07:27:06Z</time>
        <extensions>
          <gpxtpx:TrackPointExtension>
            <gpxtpx:atemp>27</gpxtpx:atemp>
            <gpxtpx:hr>91</gpxtpx:hr>
            <gpxtpx:cad>48</gpxtpx:cad>
          </gpxtpx:TrackPointExtension>
          <gpxx:TrackPointExtension>
            <gpxx:Temperature>27</gpxx:Temperature>
          </gpxx:TrackPointExtension>
        </extensions>
      </trkpt>
      <trkpt lat="42.754888962954283" lon="-0.511158965528011">
        <ele>1228.2</ele>
        <time>2026-07-08T07:27:11Z</time>
        <extensions>
          <gpxtpx:TrackPointExtension>
            <gpxtpx:atemp>27</gpxtpx:atemp>
            <gpxtpx:hr>94</gpxtpx:hr>
            <gpxtpx:cad>49</gpxtpx:cad>
          </gpxtpx:TrackPointExtension>
          <gpxx:TrackPointExtension>
            <gpxx:Temperature>27</gpxx:Temperature>
          </gpxx:TrackPointExtension>
        </extensions>
      </trkpt>
      <trkpt lat="42.754898015409708" lon="-0.511163994669914">
        <ele>1228.2</ele>
        <time>2026-07-08T07:27:12Z</time>
        <extensions>
          <gpxtpx:TrackPointExtension>
            <gpxtpx:atemp>27</gpxtpx:atemp>
            <gpxtpx:hr>92</gpxtpx:hr>
            <gpxtpx:cad>49</gpxtpx:cad>
          </gpxtpx:TrackPointExtension>
          <gpxx:TrackPointExtension>
            <gpxx:Temperature>27</gpxx:Temperature>
          </gpxx:TrackPointExtension>
        </extensions>
      </trkpt>
      <trkpt lat="42.754958029836416" lon="-0.511192996054888">
        <ele>1228.5999999999999</ele>
        <time>2026-07-08T07:27:18Z</time>
        <extensions>
          <gpxtpx:TrackPointExtension>
            <gpxtpx:atemp>27</gpxtpx:atemp>
            <gpxtpx:hr>93</gpxtpx:hr>
            <gpxtpx:cad>50</gpxtpx:cad>
          </gpxtpx:TrackPointExtension>
          <gpxx:TrackPointExtension>
            <gpxx:Temperature>27</gpxx:Temperature>
          </gpxx:TrackPointExtension>
        </extensions>
      </trkpt>
      <trkpt lat="42.755017038434744" lon="-0.511244963854551">
        <ele>1228.4000000000001</ele>
        <time>2026-07-08T07:27:26Z</time>
        <extensions>
          <gpxtpx:TrackPointExtension>
            <gpxtpx:atemp>27</gpxtpx:atemp>
            <gpxtpx:hr>93</gpxtpx:hr>
            <gpxtpx:cad>0</gpxtpx:cad>
          </gpxtpx:TrackPointExtension>
          <gpxx:TrackPointExtension>
            <gpxx:Temperature>27</gpxx:Temperature>
          </gpxx:TrackPointExtension>
        </extensions>
      </trkpt>
      <trkpt lat="42.755036987364292" lon="-0.511244963854551">
        <ele>1229</ele>
        <time>2026-07-08T07:27:28Z</time>
        <extensions>
          <gpxtpx:TrackPointExtension>
            <gpxtpx:atemp>27</gpxtpx:atemp>
            <gpxtpx:hr>93</gpxtpx:hr>
            <gpxtpx:cad>48</gpxtpx:cad>
          </gpxtpx:TrackPointExtension>
          <gpxx:TrackPointExtension>
            <gpxx:Temperature>27</gpxx:Temperature>
          </gpxx:TrackPointExtension>
        </extensions>
      </trkpt>
      <trkpt lat="42.755064982920885" lon="-0.511247981339693">
        <ele>1229.2</ele>
        <time>2026-07-08T07:27:33Z</time>
        <extensions>
          <gpxtpx:TrackPointExtension>
            <gpxtpx:atemp>27</gpxtpx:atemp>
            <gpxtpx:hr>91</gpxtpx:hr>
            <gpxtpx:cad>48</gpxtpx:cad>
          </gpxtpx:TrackPointExtension>
          <gpxx:TrackPointExtension>
            <gpxx:Temperature>27</gpxx:Temperature>
          </gpxx:TrackPointExtension>
        </extensions>
      </trkpt>
      <trkpt lat="42.755102030932903" lon="-0.511272959411144">
        <ele>1229.2</ele>
        <time>2026-07-08T07:27:37Z</time>
        <extensions>
          <gpxtpx:TrackPointExtension>
            <gpxtpx:atemp>27</gpxtpx:atemp>
            <gpxtpx:hr>88</gpxtpx:hr>
            <gpxtpx:cad>48</gpxtpx:cad>
          </gpxtpx:TrackPointExtension>
          <gpxx:TrackPointExtension>
            <gpxx:Temperature>27</gpxx:Temperature>
          </gpxx:TrackPointExtension>
        </extensions>
      </trkpt>
      <trkpt lat="42.755163973197341" lon="-0.511284023523331">
        <ele>1228.5999999999999</ele>
        <time>2026-07-08T07:27:41Z</time>
        <extensions>
          <gpxtpx:TrackPointExtension>
            <gpxtpx:atemp>27</gpxtpx:atemp>
            <gpxtpx:hr>86</gpxtpx:hr>
            <gpxtpx:cad>0</gpxtpx:cad>
          </gpxtpx:TrackPointExtension>
          <gpxx:TrackPointExtension>
            <gpxx:Temperature>27</gpxx:Temperature>
          </gpxx:TrackPointExtension>
        </extensions>
      </trkpt>
      <trkpt lat="42.75529196485877" lon="-0.511278994381428">
        <ele>1228.8</ele>
        <time>2026-07-08T07:27:50Z</time>
        <extensions>
          <gpxtpx:TrackPointExtension>
            <gpxtpx:atemp>27</gpxtpx:atemp>
            <gpxtpx:hr>83</gpxtpx:hr>
            <gpxtpx:cad>46</gpxtpx:cad>
          </gpxtpx:TrackPointExtension>
          <gpxx:TrackPointExtension>
            <gpxx:Temperature>27</gpxx:Temperature>
          </gpxx:TrackPointExtension>
        </extensions>
      </trkpt>
      <trkpt lat="42.755349967628717" lon="-0.511278994381428">
        <ele>1228.8</ele>
        <time>2026-07-08T07:27:56Z</time>
        <extensions>
          <gpxtpx:TrackPointExtension>
            <gpxtpx:atemp>27</gpxtpx:atemp>
            <gpxtpx:hr>86</gpxtpx:hr>
            <gpxtpx:cad>42</gpxtpx:cad>
          </gpxtpx:TrackPointExtension>
          <gpxx:TrackPointExtension>
            <gpxx:Temperature>27</gpxx:Temperature>
          </gpxx:TrackPointExtension>
        </extensions>
      </trkpt>
      <trkpt lat="42.755378969013691" lon="-0.511275976896286">
        <ele>1228.5999999999999</ele>
        <time>2026-07-08T07:28:03Z</time>
        <extensions>
          <gpxtpx:TrackPointExtension>
            <gpxtpx:atemp>27</gpxtpx:atemp>
            <gpxtpx:hr>88</gpxtpx:hr>
            <gpxtpx:cad>0</gpxtpx:cad>
          </gpxtpx:TrackPointExtension>
          <gpxx:TrackPointExtension>
            <gpxx:Temperature>27</gpxx:Temperature>
          </gpxx:TrackPointExtension>
        </extensions>
      </trkpt>
      <trkpt lat="42.755366982892156" lon="-0.511271031573415">
        <ele>1228.4000000000001</ele>
        <time>2026-07-08T07:28:09Z</time>
        <extensions>
          <gpxtpx:TrackPointExtension>
            <gpxtpx:atemp>27</gpxtpx:atemp>
            <gpxtpx:hr>90</gpxtpx:hr>
            <gpxtpx:cad>0</gpxtpx:cad>
          </gpxtpx:TrackPointExtension>
          <gpxx:TrackPointExtension>
            <gpxx:Temperature>27</gpxx:Temperature>
          </gpxx:TrackPointExtension>
        </extensions>
      </trkpt>
      <trkpt lat="42.755366982892156" lon="-0.511271031573415">
        <ele>1228.4000000000001</ele>
        <time>2026-07-08T07:28:18Z</time>
        <extensions>
          <gpxtpx:TrackPointExtension>
            <gpxtpx:atemp>27</gpxtpx:atemp>
            <gpxtpx:hr>87</gpxtpx:hr>
            <gpxtpx:cad>0</gpxtpx:cad>
          </gpxtpx:TrackPointExtension>
          <gpxx:TrackPointExtension>
            <gpxx:Temperature>27</gpxx:Temperature>
          </gpxx:TrackPointExtension>
        </extensions>
      </trkpt>
      <trkpt lat="42.755366982892156" lon="-0.511269019916654">
        <ele>1228.2</ele>
        <time>2026-07-08T07:28:20Z</time>
        <extensions>
          <gpxtpx:TrackPointExtension>
            <gpxtpx:atemp>27</gpxtpx:atemp>
            <gpxtpx:hr>84</gpxtpx:hr>
            <gpxtpx:cad>0</gpxtpx:cad>
          </gpxtpx:TrackPointExtension>
          <gpxx:TrackPointExtension>
            <gpxx:Temperature>27</gpxx:Temperature>
          </gpxx:TrackPointExtension>
        </extensions>
      </trkpt>
      <trkpt lat="42.755380980670452" lon="-0.511214034631848">
        <ele>1228</ele>
        <time>2026-07-08T07:28:36Z</time>
        <extensions>
          <gpxtpx:TrackPointExtension>
            <gpxtpx:atemp>27</gpxtpx:atemp>
            <gpxtpx:hr>81</gpxtpx:hr>
            <gpxtpx:cad>0</gpxtpx:cad>
          </gpxtpx:TrackPointExtension>
          <gpxx:TrackPointExtension>
            <gpxx:Temperature>27</gpxx:Temperature>
          </gpxx:TrackPointExtension>
        </extensions>
      </trkpt>
      <trkpt lat="42.755380980670452" lon="-0.511201964691281">
        <ele>1228</ele>
        <time>2026-07-08T07:28:39Z</time>
        <extensions>
          <gpxtpx:TrackPointExtension>
            <gpxtpx:atemp>27</gpxtpx:atemp>
            <gpxtpx:hr>78</gpxtpx:hr>
            <gpxtpx:cad>0</gpxtpx:cad>
          </gpxtpx:TrackPointExtension>
          <gpxx:TrackPointExtension>
            <gpxx:Temperature>27</gpxx:Temperature>
          </gpxx:TrackPointExtension>
        </extensions>
      </trkpt>
      <trkpt lat="42.755380980670452" lon="-0.511183021590114">
        <ele>1228</ele>
        <time>2026-07-08T07:28:42Z</time>
        <extensions>
          <gpxtpx:TrackPointExtension>
            <gpxtpx:atemp>27</gpxtpx:atemp>
            <gpxtpx:hr>75</gpxtpx:hr>
            <gpxtpx:cad>0</gpxtpx:cad>
          </gpxtpx:TrackPointExtension>
          <gpxx:TrackPointExtension>
            <gpxx:Temperature>27</gpxx:Temperature>
          </gpxx:TrackPointExtension>
        </extensions>
      </trkpt>
      <trkpt lat="42.755380980670452" lon="-0.51117598079145">
        <ele>1227.8</ele>
        <time>2026-07-08T07:28:46Z</time>
        <extensions>
          <gpxtpx:TrackPointExtension>
            <gpxtpx:atemp>27</gpxtpx:atemp>
            <gpxtpx:hr>78</gpxtpx:hr>
            <gpxtpx:cad>0</gpxtpx:cad>
          </gpxtpx:TrackPointExtension>
          <gpxx:TrackPointExtension>
            <gpxx:Temperature>27</gpxx:Temperature>
          </gpxx:TrackPointExtension>
        </extensions>
      </trkpt>
      <trkpt lat="42.755338987335563" lon="-0.511123007163405">
        <ele>1227.5999999999999</ele>
        <time>2026-07-08T07:29:05Z</time>
        <extensions>
          <gpxtpx:TrackPointExtension>
            <gpxtpx:atemp>27</gpxtpx:atemp>
            <gpxtpx:hr>81</gpxtpx:hr>
            <gpxtpx:cad>0</gpxtpx:cad>
          </gpxtpx:TrackPointExtension>
          <gpxx:TrackPointExtension>
            <gpxx:Temperature>27</gpxx:Temperature>
          </gpxx:TrackPointExtension>
        </extensions>
      </trkpt>
      <trkpt lat="42.75542096234858" lon="-0.511100962758064">
        <ele>1227.8</ele>
        <time>2026-07-08T07:29:18Z</time>
        <extensions>
          <gpxtpx:TrackPointExtension>
            <gpxtpx:atemp>27</gpxtpx:atemp>
            <gpxtpx:hr>78</gpxtpx:hr>
            <gpxtpx:cad>0</gpxtpx:cad>
          </gpxtpx:TrackPointExtension>
          <gpxx:TrackPointExtension>
            <gpxx:Temperature>27</gpxx:Temperature>
          </gpxx:TrackPointExtension>
        </extensions>
      </trkpt>
      <trkpt lat="42.755437977612019" lon="-0.511101968586445">
        <ele>1227.8</ele>
        <time>2026-07-08T07:29:19Z</time>
        <extensions>
          <gpxtpx:TrackPointExtension>
            <gpxtpx:atemp>27</gpxtpx:atemp>
            <gpxtpx:hr>78</gpxtpx:hr>
            <gpxtpx:cad>0</gpxtpx:cad>
          </gpxtpx:TrackPointExtension>
          <gpxx:TrackPointExtension>
            <gpxx:Temperature>27</gpxx:Temperature>
          </gpxx:TrackPointExtension>
        </extensions>
      </trkpt>
      <trkpt lat="42.755489023402333" lon="-0.511104986071587">
        <ele>1228.2</ele>
        <time>2026-07-08T07:29:22Z</time>
        <extensions>
          <gpxtpx:TrackPointExtension>
            <gpxtpx:atemp>27</gpxtpx:atemp>
            <gpxtpx:hr>74</gpxtpx:hr>
            <gpxtpx:cad>44</gpxtpx:cad>
          </gpxtpx:TrackPointExtension>
          <gpxx:TrackPointExtension>
            <gpxx:Temperature>27</gpxx:Temperature>
          </gpxx:TrackPointExtension>
        </extensions>
      </trkpt>
      <trkpt lat="42.755505032837391" lon="-0.511102974414825">
        <ele>1228.2</ele>
        <time>2026-07-08T07:29:23Z</time>
        <extensions>
          <gpxtpx:TrackPointExtension>
            <gpxtpx:atemp>27</gpxtpx:atemp>
            <gpxtpx:hr>76</gpxtpx:hr>
            <gpxtpx:cad>49</gpxtpx:cad>
          </gpxtpx:TrackPointExtension>
          <gpxx:TrackPointExtension>
            <gpxx:Temperature>27</gpxx:Temperature>
          </gpxx:TrackPointExtension>
        </extensions>
      </trkpt>
      <trkpt lat="42.755519030615687" lon="-0.511103980243206">
        <ele>1228.2</ele>
        <time>2026-07-08T07:29:24Z</time>
        <extensions>
          <gpxtpx:TrackPointExtension>
            <gpxtpx:atemp>27</gpxtpx:atemp>
            <gpxtpx:hr>77</gpxtpx:hr>
            <gpxtpx:cad>49</gpxtpx:cad>
          </gpxtpx:TrackPointExtension>
          <gpxx:TrackPointExtension>
            <gpxx:Temperature>27</gpxx:Temperature>
          </gpxx:TrackPointExtension>
        </extensions>
      </trkpt>
      <trkpt lat="42.75556999258697" lon="-0.511113032698631">
        <ele>1228.2</ele>
        <time>2026-07-08T07:29:28Z</time>
        <extensions>
          <gpxtpx:TrackPointExtension>
            <gpxtpx:atemp>27</gpxtpx:atemp>
            <gpxtpx:hr>80</gpxtpx:hr>
            <gpxtpx:cad>49</gpxtpx:cad>
          </gpxtpx:TrackPointExtension>
          <gpxx:TrackPointExtension>
            <gpxx:Temperature>27</gpxx:Temperature>
          </gpxx:TrackPointExtension>
        </extensions>
      </trkpt>
      <trkpt lat="42.755588013678789" lon="-0.511125018820167">
        <ele>1228.2</ele>
        <time>2026-07-08T07:29:32Z</time>
        <extensions>
          <gpxtpx:TrackPointExtension>
            <gpxtpx:atemp>27</gpxtpx:atemp>
            <gpxtpx:hr>78</gpxtpx:hr>
            <gpxtpx:cad>50</gpxtpx:cad>
          </gpxtpx:TrackPointExtension>
          <gpxx:TrackPointExtension>
            <gpxx:Temperature>27</gpxx:Temperature>
          </gpxx:TrackPointExtension>
        </extensions>
      </trkpt>
      <trkpt lat="42.755681974813342" lon="-0.51115402020514">
        <ele>1228.5999999999999</ele>
        <time>2026-07-08T07:29:38Z</time>
        <extensions>
          <gpxtpx:TrackPointExtension>
            <gpxtpx:atemp>27</gpxtpx:atemp>
            <gpxtpx:hr>80</gpxtpx:hr>
            <gpxtpx:cad>51</gpxtpx:cad>
          </gpxtpx:TrackPointExtension>
          <gpxx:TrackPointExtension>
            <gpxx:Temperature>27</gpxx:Temperature>
          </gpxx:TrackPointExtension>
        </extensions>
      </trkpt>
      <trkpt lat="42.75569899007678" lon="-0.511158965528011">
        <ele>1228.5999999999999</ele>
        <time>2026-07-08T07:29:39Z</time>
        <extensions>
          <gpxtpx:TrackPointExtension>
            <gpxtpx:atemp>27</gpxtpx:atemp>
            <gpxtpx:hr>77</gpxtpx:hr>
            <gpxtpx:cad>51</gpxtpx:cad>
          </gpxtpx:TrackPointExtension>
          <gpxx:TrackPointExtension>
            <gpxx:Temperature>27</gpxx:Temperature>
          </gpxx:TrackPointExtension>
        </extensions>
      </trkpt>
      <trkpt lat="42.755777025595307" lon="-0.511167012155056">
        <ele>1228.8</ele>
        <time>2026-07-08T07:29:44Z</time>
        <extensions>
          <gpxtpx:TrackPointExtension>
            <gpxtpx:atemp>27</gpxtpx:atemp>
            <gpxtpx:hr>79</gpxtpx:hr>
            <gpxtpx:cad>51</gpxtpx:cad>
          </gpxtpx:TrackPointExtension>
          <gpxx:TrackPointExtension>
            <gpxx:Temperature>27</gpxx:Temperature>
          </gpxx:TrackPointExtension>
        </extensions>
      </trkpt>
      <trkpt lat="42.755808038637042" lon="-0.511205988004804">
        <ele>1228.8</ele>
        <time>2026-07-08T07:29:48Z</time>
        <extensions>
          <gpxtpx:TrackPointExtension>
            <gpxtpx:atemp>27</gpxtpx:atemp>
            <gpxtpx:hr>80</gpxtpx:hr>
            <gpxtpx:cad>51</gpxtpx:cad>
          </gpxtpx:TrackPointExtension>
          <gpxx:TrackPointExtension>
            <gpxx:Temperature>27</gpxx:Temperature>
          </gpxx:TrackPointExtension>
        </extensions>
      </trkpt>
      <trkpt lat="42.755837040022016" lon="-0.5112199857831">
        <ele>1229</ele>
        <time>2026-07-08T07:29:50Z</time>
        <extensions>
          <gpxtpx:TrackPointExtension>
            <gpxtpx:atemp>27</gpxtpx:atemp>
            <gpxtpx:hr>82</gpxtpx:hr>
            <gpxtpx:cad>53</gpxtpx:cad>
          </gpxtpx:TrackPointExtension>
          <gpxx:TrackPointExtension>
            <gpxx:Temperature>27</gpxx:Temperature>
          </gpxx:TrackPointExtension>
        </extensions>
      </trkpt>
      <trkpt lat="42.75587098672986" lon="-0.511230966076255">
        <ele>1229</ele>
        <time>2026-07-08T07:29:52Z</time>
        <extensions>
          <gpxtpx:TrackPointExtension>
            <gpxtpx:atemp>27</gpxtpx:atemp>
            <gpxtpx:hr>86</gpxtpx:hr>
            <gpxtpx:cad>54</gpxtpx:cad>
          </gpxtpx:TrackPointExtension>
          <gpxx:TrackPointExtension>
            <gpxx:Temperature>27</gpxx:Temperature>
          </gpxx:TrackPointExtension>
        </extensions>
      </trkpt>
      <trkpt lat="42.75589101947844" lon="-0.511231971904635">
        <ele>1229.2</ele>
        <time>2026-07-08T07:29:53Z</time>
        <extensions>
          <gpxtpx:TrackPointExtension>
            <gpxtpx:atemp>27</gpxtpx:atemp>
            <gpxtpx:hr>81</gpxtpx:hr>
            <gpxtpx:cad>54</gpxtpx:cad>
          </gpxtpx:TrackPointExtension>
          <gpxx:TrackPointExtension>
            <gpxx:Temperature>27</gpxx:Temperature>
          </gpxx:TrackPointExtension>
        </extensions>
      </trkpt>
      <trkpt lat="42.755936030298471" lon="-0.511248987168074">
        <ele>1229.2</ele>
        <time>2026-07-08T07:29:56Z</time>
        <extensions>
          <gpxtpx:TrackPointExtension>
            <gpxtpx:atemp>27</gpxtpx:atemp>
            <gpxtpx:hr>84</gpxtpx:hr>
            <gpxtpx:cad>0</gpxtpx:cad>
          </gpxtpx:TrackPointExtension>
          <gpxx:TrackPointExtension>
            <gpxx:Temperature>27</gpxx:Temperature>
          </gpxx:TrackPointExtension>
        </extensions>
      </trkpt>
      <trkpt lat="42.755952039733529" lon="-0.511247981339693">
        <ele>1229.2</ele>
        <time>2026-07-08T07:29:57Z</time>
        <extensions>
          <gpxtpx:TrackPointExtension>
            <gpxtpx:atemp>27</gpxtpx:atemp>
            <gpxtpx:hr>85</gpxtpx:hr>
            <gpxtpx:cad>0</gpxtpx:cad>
          </gpxtpx:TrackPointExtension>
          <gpxx:TrackPointExtension>
            <gpxx:Temperature>27</gpxx:Temperature>
          </gpxx:TrackPointExtension>
        </extensions>
      </trkpt>
      <trkpt lat="42.75608497671783" lon="-0.511243036016822">
        <ele>1229.8</ele>
        <time>2026-07-08T07:30:08Z</time>
        <extensions>
          <gpxtpx:TrackPointExtension>
            <gpxtpx:atemp>27</gpxtpx:atemp>
            <gpxtpx:hr>87</gpxtpx:hr>
            <gpxtpx:cad>50</gpxtpx:cad>
          </gpxtpx:TrackPointExtension>
          <gpxx:TrackPointExtension>
            <gpxx:Temperature>27</gpxx:Temperature>
          </gpxx:TrackPointExtension>
        </extensions>
      </trkpt>
      <trkpt lat="42.756143985316157" lon="-0.511238006874919">
        <ele>1230</ele>
        <time>2026-07-08T07:30:14Z</time>
        <extensions>
          <gpxtpx:TrackPointExtension>
            <gpxtpx:atemp>27</gpxtpx:atemp>
            <gpxtpx:hr>87</gpxtpx:hr>
            <gpxtpx:cad>52</gpxtpx:cad>
          </gpxtpx:TrackPointExtension>
          <gpxx:TrackPointExtension>
            <gpxx:Temperature>27</gpxx:Temperature>
          </gpxx:TrackPointExtension>
        </extensions>
      </trkpt>
      <trkpt lat="42.75617198087275" lon="-0.511238006874919">
        <ele>1230.2</ele>
        <time>2026-07-08T07:30:17Z</time>
        <extensions>
          <gpxtpx:TrackPointExtension>
            <gpxtpx:atemp>27</gpxtpx:atemp>
            <gpxtpx:hr>82</gpxtpx:hr>
            <gpxtpx:cad>0</gpxtpx:cad>
          </gpxtpx:TrackPointExtension>
          <gpxx:TrackPointExtension>
            <gpxx:Temperature>27</gpxx:Temperature>
          </gpxx:TrackPointExtension>
        </extensions>
      </trkpt>
      <trkpt lat="42.756182039156556" lon="-0.511242030188441">
        <ele>1230.2</ele>
        <time>2026-07-08T07:30:18Z</time>
        <extensions>
          <gpxtpx:TrackPointExtension>
            <gpxtpx:atemp>27</gpxtpx:atemp>
            <gpxtpx:hr>86</gpxtpx:hr>
            <gpxtpx:cad>0</gpxtpx:cad>
          </gpxtpx:TrackPointExtension>
          <gpxx:TrackPointExtension>
            <gpxx:Temperature>27</gpxx:Temperature>
          </gpxx:TrackPointExtension>
        </extensions>
      </trkpt>
      <trkpt lat="42.756193019449711" lon="-0.511244041845202">
        <ele>1230.2</ele>
        <time>2026-07-08T07:30:20Z</time>
        <extensions>
          <gpxtpx:TrackPointExtension>
            <gpxtpx:atemp>27</gpxtpx:atemp>
            <gpxtpx:hr>83</gpxtpx:hr>
            <gpxtpx:cad>0</gpxtpx:cad>
          </gpxtpx:TrackPointExtension>
          <gpxx:TrackPointExtension>
            <gpxx:Temperature>27</gpxx:Temperature>
          </gpxx:TrackPointExtension>
        </extensions>
      </trkpt>
      <trkpt lat="42.756200982257724" lon="-0.511245969682932">
        <ele>1230.2</ele>
        <time>2026-07-08T07:30:21Z</time>
        <extensions>
          <gpxtpx:TrackPointExtension>
            <gpxtpx:atemp>27</gpxtpx:atemp>
            <gpxtpx:hr>86</gpxtpx:hr>
            <gpxtpx:cad>0</gpxtpx:cad>
          </gpxtpx:TrackPointExtension>
          <gpxx:TrackPointExtension>
            <gpxx:Temperature>27</gpxx:Temperature>
          </gpxx:TrackPointExtension>
        </extensions>
      </trkpt>
      <trkpt lat="42.756230989471078" lon="-0.511247981339693">
        <ele>1230.4000000000001</ele>
        <time>2026-07-08T07:30:27Z</time>
        <extensions>
          <gpxtpx:TrackPointExtension>
            <gpxtpx:atemp>27</gpxtpx:atemp>
            <gpxtpx:hr>85</gpxtpx:hr>
            <gpxtpx:cad>0</gpxtpx:cad>
          </gpxtpx:TrackPointExtension>
          <gpxx:TrackPointExtension>
            <gpxx:Temperature>27</gpxx:Temperature>
          </gpxx:TrackPointExtension>
        </extensions>
      </trkpt>
      <trkpt lat="42.756302990019321" lon="-0.511230966076255">
        <ele>1230.8</ele>
        <time>2026-07-08T07:30:36Z</time>
        <extensions>
          <gpxtpx:TrackPointExtension>
            <gpxtpx:atemp>27</gpxtpx:atemp>
            <gpxtpx:hr>86</gpxtpx:hr>
            <gpxtpx:cad>42</gpxtpx:cad>
          </gpxtpx:TrackPointExtension>
          <gpxx:TrackPointExtension>
            <gpxx:Temperature>27</gpxx:Temperature>
          </gpxx:TrackPointExtension>
        </extensions>
      </trkpt>
      <trkpt lat="42.75632000528276" lon="-0.511226020753384">
        <ele>1230.8</ele>
        <time>2026-07-08T07:30:38Z</time>
        <extensions>
          <gpxtpx:TrackPointExtension>
            <gpxtpx:atemp>27</gpxtpx:atemp>
            <gpxtpx:hr>89</gpxtpx:hr>
            <gpxtpx:cad>41</gpxtpx:cad>
          </gpxtpx:TrackPointExtension>
          <gpxx:TrackPointExtension>
            <gpxx:Temperature>27</gpxx:Temperature>
          </gpxx:TrackPointExtension>
        </extensions>
      </trkpt>
      <trkpt lat="42.756339032202959" lon="-0.511226020753384">
        <ele>1231</ele>
        <time>2026-07-08T07:30:40Z</time>
        <extensions>
          <gpxtpx:TrackPointExtension>
            <gpxtpx:atemp>28</gpxtpx:atemp>
            <gpxtpx:hr>88</gpxtpx:hr>
            <gpxtpx:cad>40</gpxtpx:cad>
          </gpxtpx:TrackPointExtension>
          <gpxx:TrackPointExtension>
            <gpxx:Temperature>28</gpxx:Temperature>
          </gpxx:TrackPointExtension>
        </extensions>
      </trkpt>
      <trkpt lat="42.756383959203959" lon="-0.511214034631848">
        <ele>1231.4000000000001</ele>
        <time>2026-07-08T07:30:44Z</time>
        <extensions>
          <gpxtpx:TrackPointExtension>
            <gpxtpx:atemp>27</gpxtpx:atemp>
            <gpxtpx:hr>89</gpxtpx:hr>
            <gpxtpx:cad>44</gpxtpx:cad>
          </gpxtpx:TrackPointExtension>
          <gpxx:TrackPointExtension>
            <gpxx:Temperature>27</gpxx:Temperature>
          </gpxx:TrackPointExtension>
        </extensions>
      </trkpt>
      <trkpt lat="42.756397034972906" lon="-0.511211017146707">
        <ele>1231.4000000000001</ele>
        <time>2026-07-08T07:30:45Z</time>
        <extensions>
          <gpxtpx:TrackPointExtension>
            <gpxtpx:atemp>27</gpxtpx:atemp>
            <gpxtpx:hr>89</gpxtpx:hr>
            <gpxtpx:cad>44</gpxtpx:cad>
          </gpxtpx:TrackPointExtension>
          <gpxx:TrackPointExtension>
            <gpxx:Temperature>27</gpxx:Temperature>
          </gpxx:TrackPointExtension>
        </extensions>
      </trkpt>
      <trkpt lat="42.756466018036008" lon="-0.511182015761733">
        <ele>1232</ele>
        <time>2026-07-08T07:30:50Z</time>
        <extensions>
          <gpxtpx:TrackPointExtension>
            <gpxtpx:atemp>27</gpxtpx:atemp>
            <gpxtpx:hr>86</gpxtpx:hr>
            <gpxtpx:cad>48</gpxtpx:cad>
          </gpxtpx:TrackPointExtension>
          <gpxx:TrackPointExtension>
            <gpxx:Temperature>27</gpxx:Temperature>
          </gpxx:TrackPointExtension>
        </extensions>
      </trkpt>
      <trkpt lat="42.756542041897774" lon="-0.511160977184772">
        <ele>1232.4000000000001</ele>
        <time>2026-07-08T07:30:55Z</time>
        <extensions>
          <gpxtpx:TrackPointExtension>
            <gpxtpx:atemp>27</gpxtpx:atemp>
            <gpxtpx:hr>87</gpxtpx:hr>
            <gpxtpx:cad>49</gpxtpx:cad>
          </gpxtpx:TrackPointExtension>
          <gpxx:TrackPointExtension>
            <gpxx:Temperature>27</gpxx:Temperature>
          </gpxx:TrackPointExtension>
        </extensions>
      </trkpt>
      <trkpt lat="42.756599960848689" lon="-0.511128958314657">
        <ele>1232.8</ele>
        <time>2026-07-08T07:30:58Z</time>
        <extensions>
          <gpxtpx:TrackPointExtension>
            <gpxtpx:atemp>27</gpxtpx:atemp>
            <gpxtpx:hr>90</gpxtpx:hr>
            <gpxtpx:cad>47</gpxtpx:cad>
          </gpxtpx:TrackPointExtension>
          <gpxx:TrackPointExtension>
            <gpxx:Temperature>27</gpxx:Temperature>
          </gpxx:TrackPointExtension>
        </extensions>
      </trkpt>
      <trkpt lat="42.756640026345849" lon="-0.511099034920335">
        <ele>1233</ele>
        <time>2026-07-08T07:31:01Z</time>
        <extensions>
          <gpxtpx:TrackPointExtension>
            <gpxtpx:atemp>27</gpxtpx:atemp>
            <gpxtpx:hr>90</gpxtpx:hr>
            <gpxtpx:cad>46</gpxtpx:cad>
          </gpxtpx:TrackPointExtension>
          <gpxx:TrackPointExtension>
            <gpxx:Temperature>27</gpxx:Temperature>
          </gpxx:TrackPointExtension>
        </extensions>
      </trkpt>
      <trkpt lat="42.756711021065712" lon="-0.511073973029852">
        <ele>1233.5999999999999</ele>
        <time>2026-07-08T07:31:05Z</time>
        <extensions>
          <gpxtpx:TrackPointExtension>
            <gpxtpx:atemp>27</gpxtpx:atemp>
            <gpxtpx:hr>93</gpxtpx:hr>
            <gpxtpx:cad>47</gpxtpx:cad>
          </gpxtpx:TrackPointExtension>
          <gpxx:TrackPointExtension>
            <gpxx:Temperature>27</gpxx:Temperature>
          </gpxx:TrackPointExtension>
        </extensions>
      </trkpt>
      <trkpt lat="42.756739016622305" lon="-0.511062992736697">
        <ele>1233.5999999999999</ele>
        <time>2026-07-08T07:31:07Z</time>
        <extensions>
          <gpxtpx:TrackPointExtension>
            <gpxtpx:atemp>27</gpxtpx:atemp>
            <gpxtpx:hr>96</gpxtpx:hr>
            <gpxtpx:cad>47</gpxtpx:cad>
          </gpxtpx:TrackPointExtension>
          <gpxx:TrackPointExtension>
            <gpxx:Temperature>27</gpxx:Temperature>
          </gpxx:TrackPointExtension>
        </extensions>
      </trkpt>
      <trkpt lat="42.756782015785575" lon="-0.511040026322007">
        <ele>1234</ele>
        <time>2026-07-08T07:31:11Z</time>
        <extensions>
          <gpxtpx:TrackPointExtension>
            <gpxtpx:atemp>27</gpxtpx:atemp>
            <gpxtpx:hr>94</gpxtpx:hr>
            <gpxtpx:cad>48</gpxtpx:cad>
          </gpxtpx:TrackPointExtension>
          <gpxx:TrackPointExtension>
            <gpxx:Temperature>27</gpxx:Temperature>
          </gpxx:TrackPointExtension>
        </extensions>
      </trkpt>
      <trkpt lat="42.756841024383903" lon="-0.510993003845215">
        <ele>1234.5999999999999</ele>
        <time>2026-07-08T07:31:18Z</time>
        <extensions>
          <gpxtpx:TrackPointExtension>
            <gpxtpx:atemp>27</gpxtpx:atemp>
            <gpxtpx:hr>95</gpxtpx:hr>
            <gpxtpx:cad>46</gpxtpx:cad>
          </gpxtpx:TrackPointExtension>
          <gpxx:TrackPointExtension>
            <gpxx:Temperature>27</gpxx:Temperature>
          </gpxx:TrackPointExtension>
        </extensions>
      </trkpt>
      <trkpt lat="42.756866002455354" lon="-0.510985963046551">
        <ele>1235.2</ele>
        <time>2026-07-08T07:31:22Z</time>
        <extensions>
          <gpxtpx:TrackPointExtension>
            <gpxtpx:atemp>27</gpxtpx:atemp>
            <gpxtpx:hr>95</gpxtpx:hr>
            <gpxtpx:cad>49</gpxtpx:cad>
          </gpxtpx:TrackPointExtension>
          <gpxx:TrackPointExtension>
            <gpxx:Temperature>27</gpxx:Temperature>
          </gpxx:TrackPointExtension>
        </extensions>
      </trkpt>
      <trkpt lat="42.756958035752177" lon="-0.510985963046551">
        <ele>1235.8</ele>
        <time>2026-07-08T07:31:28Z</time>
        <extensions>
          <gpxtpx:TrackPointExtension>
            <gpxtpx:atemp>27</gpxtpx:atemp>
            <gpxtpx:hr>94</gpxtpx:hr>
            <gpxtpx:cad>49</gpxtpx:cad>
          </gpxtpx:TrackPointExtension>
          <gpxx:TrackPointExtension>
            <gpxx:Temperature>27</gpxx:Temperature>
          </gpxx:TrackPointExtension>
        </extensions>
      </trkpt>
      <trkpt lat="42.75700899772346" lon="-0.51098101772368">
        <ele>1236.2</ele>
        <time>2026-07-08T07:31:32Z</time>
        <extensions>
          <gpxtpx:TrackPointExtension>
            <gpxtpx:atemp>27</gpxtpx:atemp>
            <gpxtpx:hr>92</gpxtpx:hr>
            <gpxtpx:cad>0</gpxtpx:cad>
          </gpxtpx:TrackPointExtension>
          <gpxx:TrackPointExtension>
            <gpxx:Temperature>27</gpxx:Temperature>
          </gpxx:TrackPointExtension>
        </extensions>
      </trkpt>
      <trkpt lat="42.757033975794911" lon="-0.510975988581777">
        <ele>1236.8</ele>
        <time>2026-07-08T07:31:37Z</time>
        <extensions>
          <gpxtpx:TrackPointExtension>
            <gpxtpx:atemp>27</gpxtpx:atemp>
            <gpxtpx:hr>93</gpxtpx:hr>
            <gpxtpx:cad>0</gpxtpx:cad>
          </gpxtpx:TrackPointExtension>
          <gpxx:TrackPointExtension>
            <gpxx:Temperature>27</gpxx:Temperature>
          </gpxx:TrackPointExtension>
        </extensions>
      </trkpt>
      <trkpt lat="42.757036993280053" lon="-0.510983029380441">
        <ele>1236.8</ele>
        <time>2026-07-08T07:31:39Z</time>
        <extensions>
          <gpxtpx:TrackPointExtension>
            <gpxtpx:atemp>27</gpxtpx:atemp>
            <gpxtpx:hr>93</gpxtpx:hr>
            <gpxtpx:cad>0</gpxtpx:cad>
          </gpxtpx:TrackPointExtension>
          <gpxx:TrackPointExtension>
            <gpxx:Temperature>27</gpxx:Temperature>
          </gpxx:TrackPointExtension>
        </extensions>
      </trkpt>
      <trkpt lat="42.757040010765195" lon="-0.510973976925015">
        <ele>1237</ele>
        <time>2026-07-08T07:31:40Z</time>
        <extensions>
          <gpxtpx:TrackPointExtension>
            <gpxtpx:atemp>27</gpxtpx:atemp>
            <gpxtpx:hr>91</gpxtpx:hr>
            <gpxtpx:cad>47</gpxtpx:cad>
          </gpxtpx:TrackPointExtension>
          <gpxx:TrackPointExtension>
            <gpxx:Temperature>27</gpxx:Temperature>
          </gpxx:TrackPointExtension>
        </extensions>
      </trkpt>
      <trkpt lat="42.757062977179885" lon="-0.510964002460241">
        <ele>1237.2</ele>
        <time>2026-07-08T07:31:42Z</time>
        <extensions>
          <gpxtpx:TrackPointExtension>
            <gpxtpx:atemp>27</gpxtpx:atemp>
            <gpxtpx:hr>92</gpxtpx:hr>
            <gpxtpx:cad>47</gpxtpx:cad>
          </gpxtpx:TrackPointExtension>
          <gpxx:TrackPointExtension>
            <gpxx:Temperature>27</gpxx:Temperature>
          </gpxx:TrackPointExtension>
        </extensions>
      </trkpt>
      <trkpt lat="42.757078986614943" lon="-0.510956961661577">
        <ele>1237.5999999999999</ele>
        <time>2026-07-08T07:31:45Z</time>
        <extensions>
          <gpxtpx:TrackPointExtension>
            <gpxtpx:atemp>27</gpxtpx:atemp>
            <gpxtpx:hr>94</gpxtpx:hr>
            <gpxtpx:cad>45</gpxtpx:cad>
          </gpxtpx:TrackPointExtension>
          <gpxx:TrackPointExtension>
            <gpxx:Temperature>27</gpxx:Temperature>
          </gpxx:TrackPointExtension>
        </extensions>
      </trkpt>
      <trkpt lat="42.757165990769863" lon="-0.51096199080348">
        <ele>1238.2</ele>
        <time>2026-07-08T07:31:51Z</time>
        <extensions>
          <gpxtpx:TrackPointExtension>
            <gpxtpx:atemp>27</gpxtpx:atemp>
            <gpxtpx:hr>96</gpxtpx:hr>
            <gpxtpx:cad>0</gpxtpx:cad>
          </gpxtpx:TrackPointExtension>
          <gpxx:TrackPointExtension>
            <gpxx:Temperature>27</gpxx:Temperature>
          </gpxx:TrackPointExtension>
        </extensions>
      </trkpt>
      <trkpt lat="42.757176971063018" lon="-0.510958973318338">
        <ele>1238.4000000000001</ele>
        <time>2026-07-08T07:31:52Z</time>
        <extensions>
          <gpxtpx:TrackPointExtension>
            <gpxtpx:atemp>27</gpxtpx:atemp>
            <gpxtpx:hr>95</gpxtpx:hr>
            <gpxtpx:cad>0</gpxtpx:cad>
          </gpxtpx:TrackPointExtension>
          <gpxx:TrackPointExtension>
            <gpxx:Temperature>27</gpxx:Temperature>
          </gpxx:TrackPointExtension>
        </extensions>
      </trkpt>
      <trkpt lat="42.757300017401576" lon="-0.510974982753396">
        <ele>1239.2</ele>
        <time>2026-07-08T07:32:01Z</time>
        <extensions>
          <gpxtpx:TrackPointExtension>
            <gpxtpx:atemp>27</gpxtpx:atemp>
            <gpxtpx:hr>93</gpxtpx:hr>
            <gpxtpx:cad>48</gpxtpx:cad>
          </gpxtpx:TrackPointExtension>
          <gpxx:TrackPointExtension>
            <gpxx:Temperature>27</gpxx:Temperature>
          </gpxx:TrackPointExtension>
        </extensions>
      </trkpt>
      <trkpt lat="42.75730999186635" lon="-0.510979006066918">
        <ele>1239.4000000000001</ele>
        <time>2026-07-08T07:32:02Z</time>
        <extensions>
          <gpxtpx:TrackPointExtension>
            <gpxtpx:atemp>27</gpxtpx:atemp>
            <gpxtpx:hr>93</gpxtpx:hr>
            <gpxtpx:cad>48</gpxtpx:cad>
          </gpxtpx:TrackPointExtension>
          <gpxx:TrackPointExtension>
            <gpxx:Temperature>27</gpxx:Temperature>
          </gpxx:TrackPointExtension>
        </extensions>
      </trkpt>
      <trkpt lat="42.757385009899735" lon="-0.510999038815498">
        <ele>1240</ele>
        <time>2026-07-08T07:32:11Z</time>
        <extensions>
          <gpxtpx:TrackPointExtension>
            <gpxtpx:atemp>27</gpxtpx:atemp>
            <gpxtpx:hr>90</gpxtpx:hr>
            <gpxtpx:cad>48</gpxtpx:cad>
          </gpxtpx:TrackPointExtension>
          <gpxx:TrackPointExtension>
            <gpxx:Temperature>27</gpxx:Temperature>
          </gpxx:TrackPointExtension>
        </extensions>
      </trkpt>
      <trkpt lat="42.757391966879368" lon="-0.511001972481608">
        <ele>1240.2</ele>
        <time>2026-07-08T07:32:12Z</time>
        <extensions>
          <gpxtpx:TrackPointExtension>
            <gpxtpx:atemp>27</gpxtpx:atemp>
            <gpxtpx:hr>90</gpxtpx:hr>
            <gpxtpx:cad>48</gpxtpx:cad>
          </gpxtpx:TrackPointExtension>
          <gpxx:TrackPointExtension>
            <gpxx:Temperature>27</gpxx:Temperature>
          </gpxx:TrackPointExtension>
        </extensions>
      </trkpt>
      <trkpt lat="42.757410993799567" lon="-0.511009013280272">
        <ele>1240.4000000000001</ele>
        <time>2026-07-08T07:32:14Z</time>
        <extensions>
          <gpxtpx:TrackPointExtension>
            <gpxtpx:atemp>27</gpxtpx:atemp>
            <gpxtpx:hr>90</gpxtpx:hr>
            <gpxtpx:cad>48</gpxtpx:cad>
          </gpxtpx:TrackPointExtension>
          <gpxx:TrackPointExtension>
            <gpxx:Temperature>27</gpxx:Temperature>
          </gpxx:TrackPointExtension>
        </extensions>
      </trkpt>
      <trkpt lat="42.757491040974855" lon="-0.511065004393458">
        <ele>1241</ele>
        <time>2026-07-08T07:32:23Z</time>
        <extensions>
          <gpxtpx:TrackPointExtension>
            <gpxtpx:atemp>27</gpxtpx:atemp>
            <gpxtpx:hr>88</gpxtpx:hr>
            <gpxtpx:cad>47</gpxtpx:cad>
          </gpxtpx:TrackPointExtension>
          <gpxx:TrackPointExtension>
            <gpxx:Temperature>27</gpxx:Temperature>
          </gpxx:TrackPointExtension>
        </extensions>
      </trkpt>
      <trkpt lat="42.75750202126801" lon="-0.511087970808148">
        <ele>1241.4000000000001</ele>
        <time>2026-07-08T07:32:26Z</time>
        <extensions>
          <gpxtpx:TrackPointExtension>
            <gpxtpx:atemp>27</gpxtpx:atemp>
            <gpxtpx:hr>90</gpxtpx:hr>
            <gpxtpx:cad>0</gpxtpx:cad>
          </gpxtpx:TrackPointExtension>
          <gpxx:TrackPointExtension>
            <gpxx:Temperature>27</gpxx:Temperature>
          </gpxx:TrackPointExtension>
        </extensions>
      </trkpt>
      <trkpt lat="42.757520964369178" lon="-0.511106997728348">
        <ele>1241.5999999999999</ele>
        <time>2026-07-08T07:32:29Z</time>
        <extensions>
          <gpxtpx:TrackPointExtension>
            <gpxtpx:atemp>27</gpxtpx:atemp>
            <gpxtpx:hr>90</gpxtpx:hr>
            <gpxtpx:cad>0</gpxtpx:cad>
          </gpxtpx:TrackPointExtension>
          <gpxx:TrackPointExtension>
            <gpxx:Temperature>27</gpxx:Temperature>
          </gpxx:TrackPointExtension>
        </extensions>
      </trkpt>
      <trkpt lat="42.757538985460997" lon="-0.511131975799799">
        <ele>1242</ele>
        <time>2026-07-08T07:32:32Z</time>
        <extensions>
          <gpxtpx:TrackPointExtension>
            <gpxtpx:atemp>27</gpxtpx:atemp>
            <gpxtpx:hr>93</gpxtpx:hr>
            <gpxtpx:cad>0</gpxtpx:cad>
          </gpxtpx:TrackPointExtension>
          <gpxx:TrackPointExtension>
            <gpxx:Temperature>27</gpxx:Temperature>
          </gpxx:TrackPointExtension>
        </extensions>
      </trkpt>
      <trkpt lat="42.757586007937789" lon="-0.511155026033521">
        <ele>1242.2</ele>
        <time>2026-07-08T07:32:37Z</time>
        <extensions>
          <gpxtpx:TrackPointExtension>
            <gpxtpx:atemp>27</gpxtpx:atemp>
            <gpxtpx:hr>91</gpxtpx:hr>
            <gpxtpx:cad>43</gpxtpx:cad>
          </gpxtpx:TrackPointExtension>
          <gpxx:TrackPointExtension>
            <gpxx:Temperature>27</gpxx:Temperature>
          </gpxx:TrackPointExtension>
        </extensions>
      </trkpt>
      <trkpt lat="42.757614003494382" lon="-0.511157037690282">
        <ele>1242.4000000000001</ele>
        <time>2026-07-08T07:32:39Z</time>
        <extensions>
          <gpxtpx:TrackPointExtension>
            <gpxtpx:atemp>27</gpxtpx:atemp>
            <gpxtpx:hr>88</gpxtpx:hr>
            <gpxtpx:cad>44</gpxtpx:cad>
          </gpxtpx:TrackPointExtension>
          <gpxx:TrackPointExtension>
            <gpxx:Temperature>27</gpxx:Temperature>
          </gpxx:TrackPointExtension>
        </extensions>
      </trkpt>
      <trkpt lat="42.757666977122426" lon="-0.511160977184772">
        <ele>1242.5999999999999</ele>
        <time>2026-07-08T07:32:43Z</time>
        <extensions>
          <gpxtpx:TrackPointExtension>
            <gpxtpx:atemp>27</gpxtpx:atemp>
            <gpxtpx:hr>85</gpxtpx:hr>
            <gpxtpx:cad>45</gpxtpx:cad>
          </gpxtpx:TrackPointExtension>
          <gpxx:TrackPointExtension>
            <gpxx:Temperature>27</gpxx:Temperature>
          </gpxx:TrackPointExtension>
        </extensions>
      </trkpt>
      <trkpt lat="42.757683992385864" lon="-0.511160977184772">
        <ele>1242.5999999999999</ele>
        <time>2026-07-08T07:32:44Z</time>
        <extensions>
          <gpxtpx:TrackPointExtension>
            <gpxtpx:atemp>27</gpxtpx:atemp>
            <gpxtpx:hr>85</gpxtpx:hr>
            <gpxtpx:cad>45</gpxtpx:cad>
          </gpxtpx:TrackPointExtension>
          <gpxx:TrackPointExtension>
            <gpxx:Temperature>27</gpxx:Temperature>
          </gpxx:TrackPointExtension>
        </extensions>
      </trkpt>
      <trkpt lat="42.757755992934108" lon="-0.511186961084604">
        <ele>1243.2</ele>
        <time>2026-07-08T07:32:50Z</time>
        <extensions>
          <gpxtpx:TrackPointExtension>
            <gpxtpx:atemp>27</gpxtpx:atemp>
            <gpxtpx:hr>82</gpxtpx:hr>
            <gpxtpx:cad>47</gpxtpx:cad>
          </gpxtpx:TrackPointExtension>
          <gpxx:TrackPointExtension>
            <gpxx:Temperature>27</gpxx:Temperature>
          </gpxx:TrackPointExtension>
        </extensions>
      </trkpt>
      <trkpt lat="42.75778298266232" lon="-0.511214034631848">
        <ele>1243.4000000000001</ele>
        <time>2026-07-08T07:32:54Z</time>
        <extensions>
          <gpxtpx:TrackPointExtension>
            <gpxtpx:atemp>27</gpxtpx:atemp>
            <gpxtpx:hr>83</gpxtpx:hr>
            <gpxtpx:cad>45</gpxtpx:cad>
          </gpxtpx:TrackPointExtension>
          <gpxx:TrackPointExtension>
            <gpxx:Temperature>27</gpxx:Temperature>
          </gpxx:TrackPointExtension>
        </extensions>
      </trkpt>
      <trkpt lat="42.757795974612236" lon="-0.511227026581764">
        <ele>1243.4000000000001</ele>
        <time>2026-07-08T07:32:56Z</time>
        <extensions>
          <gpxtpx:TrackPointExtension>
            <gpxtpx:atemp>27</gpxtpx:atemp>
            <gpxtpx:hr>83</gpxtpx:hr>
            <gpxtpx:cad>47</gpxtpx:cad>
          </gpxtpx:TrackPointExtension>
          <gpxx:TrackPointExtension>
            <gpxx:Temperature>27</gpxx:Temperature>
          </gpxx:TrackPointExtension>
        </extensions>
      </trkpt>
      <trkpt lat="42.757869986817241" lon="-0.511264996603131">
        <ele>1243.8</ele>
        <time>2026-07-08T07:33:04Z</time>
        <extensions>
          <gpxtpx:TrackPointExtension>
            <gpxtpx:atemp>27</gpxtpx:atemp>
            <gpxtpx:hr>83</gpxtpx:hr>
            <gpxtpx:cad>0</gpxtpx:cad>
          </gpxtpx:TrackPointExtension>
          <gpxx:TrackPointExtension>
            <gpxx:Temperature>27</gpxx:Temperature>
          </gpxx:TrackPointExtension>
        </extensions>
      </trkpt>
      <trkpt lat="42.757962020114064" lon="-0.511230966076255">
        <ele>1244.5999999999999</ele>
        <time>2026-07-08T07:33:12Z</time>
        <extensions>
          <gpxtpx:TrackPointExtension>
            <gpxtpx:atemp>27</gpxtpx:atemp>
            <gpxtpx:hr>84</gpxtpx:hr>
            <gpxtpx:cad>45</gpxtpx:cad>
          </gpxtpx:TrackPointExtension>
          <gpxx:TrackPointExtension>
            <gpxx:Temperature>27</gpxx:Temperature>
          </gpxx:TrackPointExtension>
        </extensions>
      </trkpt>
      <trkpt lat="42.758011976256967" lon="-0.511191990226507">
        <ele>1245</ele>
        <time>2026-07-08T07:33:17Z</time>
        <extensions>
          <gpxtpx:TrackPointExtension>
            <gpxtpx:atemp>27</gpxtpx:atemp>
            <gpxtpx:hr>87</gpxtpx:hr>
            <gpxtpx:cad>0</gpxtpx:cad>
          </gpxtpx:TrackPointExtension>
          <gpxx:TrackPointExtension>
            <gpxx:Temperature>27</gpxx:Temperature>
          </gpxx:TrackPointExtension>
        </extensions>
      </trkpt>
      <trkpt lat="42.75803997181356" lon="-0.511147985234857">
        <ele>1245.2</ele>
        <time>2026-07-08T07:33:21Z</time>
        <extensions>
          <gpxtpx:TrackPointExtension>
            <gpxtpx:atemp>27</gpxtpx:atemp>
            <gpxtpx:hr>88</gpxtpx:hr>
            <gpxtpx:cad>49</gpxtpx:cad>
          </gpxtpx:TrackPointExtension>
          <gpxx:TrackPointExtension>
            <gpxx:Temperature>27</gpxx:Temperature>
          </gpxx:TrackPointExtension>
        </extensions>
      </trkpt>
      <trkpt lat="42.758068973198533" lon="-0.51111001521349">
        <ele>1245.5999999999999</ele>
        <time>2026-07-08T07:33:24Z</time>
        <extensions>
          <gpxtpx:TrackPointExtension>
            <gpxtpx:atemp>27</gpxtpx:atemp>
            <gpxtpx:hr>86</gpxtpx:hr>
            <gpxtpx:cad>48</gpxtpx:cad>
          </gpxtpx:TrackPointExtension>
          <gpxx:TrackPointExtension>
            <gpxx:Temperature>27</gpxx:Temperature>
          </gpxx:TrackPointExtension>
        </extensions>
      </trkpt>
      <trkpt lat="42.758122030645609" lon="-0.511039020493627">
        <ele>1246.2</ele>
        <time>2026-07-08T07:33:30Z</time>
        <extensions>
          <gpxtpx:TrackPointExtension>
            <gpxtpx:atemp>27</gpxtpx:atemp>
            <gpxtpx:hr>88</gpxtpx:hr>
            <gpxtpx:cad>49</gpxtpx:cad>
          </gpxtpx:TrackPointExtension>
          <gpxx:TrackPointExtension>
            <gpxx:Temperature>27</gpxx:Temperature>
          </gpxx:TrackPointExtension>
        </extensions>
      </trkpt>
      <trkpt lat="42.758164023980498" lon="-0.511002978309989">
        <ele>1246.5999999999999</ele>
        <time>2026-07-08T07:33:34Z</time>
        <extensions>
          <gpxtpx:TrackPointExtension>
            <gpxtpx:atemp>27</gpxtpx:atemp>
            <gpxtpx:hr>88</gpxtpx:hr>
            <gpxtpx:cad>49</gpxtpx:cad>
          </gpxtpx:TrackPointExtension>
          <gpxx:TrackPointExtension>
            <gpxx:Temperature>27</gpxx:Temperature>
          </gpxx:TrackPointExtension>
        </extensions>
      </trkpt>
      <trkpt lat="42.758232001215219" lon="-0.510942041873932">
        <ele>1247.5999999999999</ele>
        <time>2026-07-08T07:33:41Z</time>
        <extensions>
          <gpxtpx:TrackPointExtension>
            <gpxtpx:atemp>27</gpxtpx:atemp>
            <gpxtpx:hr>89</gpxtpx:hr>
            <gpxtpx:cad>50</gpxtpx:cad>
          </gpxtpx:TrackPointExtension>
          <gpxx:TrackPointExtension>
            <gpxx:Temperature>27</gpxx:Temperature>
          </gpxx:TrackPointExtension>
        </extensions>
      </trkpt>
      <trkpt lat="42.758267959579825" lon="-0.510912034660578">
        <ele>1247.8</ele>
        <time>2026-07-08T07:33:45Z</time>
        <extensions>
          <gpxtpx:TrackPointExtension>
            <gpxtpx:atemp>27</gpxtpx:atemp>
            <gpxtpx:hr>89</gpxtpx:hr>
            <gpxtpx:cad>50</gpxtpx:cad>
          </gpxtpx:TrackPointExtension>
          <gpxx:TrackPointExtension>
            <gpxx:Temperature>27</gpxx:Temperature>
          </gpxx:TrackPointExtension>
        </extensions>
      </trkpt>
      <trkpt lat="42.758315987884998" lon="-0.510876998305321">
        <ele>1248.2</ele>
        <time>2026-07-08T07:33:50Z</time>
        <extensions>
          <gpxtpx:TrackPointExtension>
            <gpxtpx:atemp>27</gpxtpx:atemp>
            <gpxtpx:hr>89</gpxtpx:hr>
            <gpxtpx:cad>49</gpxtpx:cad>
          </gpxtpx:TrackPointExtension>
          <gpxx:TrackPointExtension>
            <gpxx:Temperature>27</gpxx:Temperature>
          </gpxx:TrackPointExtension>
        </extensions>
      </trkpt>
      <trkpt lat="42.758397040888667" lon="-0.510818995535374">
        <ele>1249</ele>
        <time>2026-07-08T07:33:58Z</time>
        <extensions>
          <gpxtpx:TrackPointExtension>
            <gpxtpx:atemp>27</gpxtpx:atemp>
            <gpxtpx:hr>89</gpxtpx:hr>
            <gpxtpx:cad>0</gpxtpx:cad>
          </gpxtpx:TrackPointExtension>
          <gpxx:TrackPointExtension>
            <gpxx:Temperature>27</gpxx:Temperature>
          </gpxx:TrackPointExtension>
        </extensions>
      </trkpt>
      <trkpt lat="42.758411960676312" lon="-0.510806003585458">
        <ele>1249.2</ele>
        <time>2026-07-08T07:34:00Z</time>
        <extensions>
          <gpxtpx:TrackPointExtension>
            <gpxtpx:atemp>27</gpxtpx:atemp>
            <gpxtpx:hr>89</gpxtpx:hr>
            <gpxtpx:cad>0</gpxtpx:cad>
          </gpxtpx:TrackPointExtension>
          <gpxx:TrackPointExtension>
            <gpxx:Temperature>27</gpxx:Temperature>
          </gpxx:TrackPointExtension>
        </extensions>
      </trkpt>
      <trkpt lat="42.758463006466627" lon="-0.510759986937046">
        <ele>1249.5999999999999</ele>
        <time>2026-07-08T07:34:06Z</time>
        <extensions>
          <gpxtpx:TrackPointExtension>
            <gpxtpx:atemp>27</gpxtpx:atemp>
            <gpxtpx:hr>92</gpxtpx:hr>
            <gpxtpx:cad>48</gpxtpx:cad>
          </gpxtpx:TrackPointExtension>
          <gpxx:TrackPointExtension>
            <gpxx:Temperature>27</gpxx:Temperature>
          </gpxx:TrackPointExtension>
        </extensions>
      </trkpt>
      <trkpt lat="42.758479015901685" lon="-0.510737020522356">
        <ele>1249.8</ele>
        <time>2026-07-08T07:34:08Z</time>
        <extensions>
          <gpxtpx:TrackPointExtension>
            <gpxtpx:atemp>27</gpxtpx:atemp>
            <gpxtpx:hr>89</gpxtpx:hr>
            <gpxtpx:cad>48</gpxtpx:cad>
          </gpxtpx:TrackPointExtension>
          <gpxx:TrackPointExtension>
            <gpxx:Temperature>27</gpxx:Temperature>
          </gpxx:TrackPointExtension>
        </extensions>
      </trkpt>
      <trkpt lat="42.758484967052937" lon="-0.510729979723692">
        <ele>1250</ele>
        <time>2026-07-08T07:34:09Z</time>
        <extensions>
          <gpxtpx:TrackPointExtension>
            <gpxtpx:atemp>27</gpxtpx:atemp>
            <gpxtpx:hr>92</gpxtpx:hr>
            <gpxtpx:cad>48</gpxtpx:cad>
          </gpxtpx:TrackPointExtension>
          <gpxx:TrackPointExtension>
            <gpxx:Temperature>27</gpxx:Temperature>
          </gpxx:TrackPointExtension>
        </extensions>
      </trkpt>
      <trkpt lat="42.758496031165123" lon="-0.510712964460254">
        <ele>1250</ele>
        <time>2026-07-08T07:34:11Z</time>
        <extensions>
          <gpxtpx:TrackPointExtension>
            <gpxtpx:atemp>27</gpxtpx:atemp>
            <gpxtpx:hr>92</gpxtpx:hr>
            <gpxtpx:cad>0</gpxtpx:cad>
          </gpxtpx:TrackPointExtension>
          <gpxx:TrackPointExtension>
            <gpxx:Temperature>27</gpxx:Temperature>
          </gpxx:TrackPointExtension>
        </extensions>
      </trkpt>
      <trkpt lat="42.758506005629897" lon="-0.510688992217183">
        <ele>1250.2</ele>
        <time>2026-07-08T07:34:13Z</time>
        <extensions>
          <gpxtpx:TrackPointExtension>
            <gpxtpx:atemp>27</gpxtpx:atemp>
            <gpxtpx:hr>92</gpxtpx:hr>
            <gpxtpx:cad>0</gpxtpx:cad>
          </gpxtpx:TrackPointExtension>
          <gpxx:TrackPointExtension>
            <gpxx:Temperature>27</gpxx:Temperature>
          </gpxx:TrackPointExtension>
        </extensions>
      </trkpt>
      <trkpt lat="42.758559985086322" lon="-0.510624032467604">
        <ele>1251</ele>
        <time>2026-07-08T07:34:21Z</time>
        <extensions>
          <gpxtpx:TrackPointExtension>
            <gpxtpx:atemp>27</gpxtpx:atemp>
            <gpxtpx:hr>95</gpxtpx:hr>
            <gpxtpx:cad>49</gpxtpx:cad>
          </gpxtpx:TrackPointExtension>
          <gpxx:TrackPointExtension>
            <gpxx:Temperature>27</gpxx:Temperature>
          </gpxx:TrackPointExtension>
        </extensions>
      </trkpt>
      <trkpt lat="42.758563002571464" lon="-0.510614980012178">
        <ele>1251.2</ele>
        <time>2026-07-08T07:34:22Z</time>
        <extensions>
          <gpxtpx:TrackPointExtension>
            <gpxtpx:atemp>27</gpxtpx:atemp>
            <gpxtpx:hr>93</gpxtpx:hr>
            <gpxtpx:cad>49</gpxtpx:cad>
          </gpxtpx:TrackPointExtension>
          <gpxx:TrackPointExtension>
            <gpxx:Temperature>27</gpxx:Temperature>
          </gpxx:TrackPointExtension>
        </extensions>
      </trkpt>
      <trkpt lat="42.758584963157773" lon="-0.510582961142063">
        <ele>1251.4000000000001</ele>
        <time>2026-07-08T07:34:26Z</time>
        <extensions>
          <gpxtpx:TrackPointExtension>
            <gpxtpx:atemp>27</gpxtpx:atemp>
            <gpxtpx:hr>95</gpxtpx:hr>
            <gpxtpx:cad>49</gpxtpx:cad>
          </gpxtpx:TrackPointExtension>
          <gpxx:TrackPointExtension>
            <gpxx:Temperature>27</gpxx:Temperature>
          </gpxx:TrackPointExtension>
        </extensions>
      </trkpt>
      <trkpt lat="42.758618993684649" lon="-0.510561000555754">
        <ele>1251.5999999999999</ele>
        <time>2026-07-08T07:34:29Z</time>
        <extensions>
          <gpxtpx:TrackPointExtension>
            <gpxtpx:atemp>27</gpxtpx:atemp>
            <gpxtpx:hr>95</gpxtpx:hr>
            <gpxtpx:cad>49</gpxtpx:cad>
          </gpxtpx:TrackPointExtension>
          <gpxx:TrackPointExtension>
            <gpxx:Temperature>27</gpxx:Temperature>
          </gpxx:TrackPointExtension>
        </extensions>
      </trkpt>
      <trkpt lat="42.758637014776468" lon="-0.510524958372116">
        <ele>1252</ele>
        <time>2026-07-08T07:34:32Z</time>
        <extensions>
          <gpxtpx:TrackPointExtension>
            <gpxtpx:atemp>27</gpxtpx:atemp>
            <gpxtpx:hr>92</gpxtpx:hr>
            <gpxtpx:cad>49</gpxtpx:cad>
          </gpxtpx:TrackPointExtension>
          <gpxx:TrackPointExtension>
            <gpxx:Temperature>27</gpxx:Temperature>
          </gpxx:TrackPointExtension>
        </extensions>
      </trkpt>
      <trkpt lat="42.758656041696668" lon="-0.510501991957426">
        <ele>1252</ele>
        <time>2026-07-08T07:34:34Z</time>
        <extensions>
          <gpxtpx:TrackPointExtension>
            <gpxtpx:atemp>27</gpxtpx:atemp>
            <gpxtpx:hr>95</gpxtpx:hr>
            <gpxtpx:cad>48</gpxtpx:cad>
          </gpxtpx:TrackPointExtension>
          <gpxx:TrackPointExtension>
            <gpxx:Temperature>27</gpxx:Temperature>
          </gpxx:TrackPointExtension>
        </extensions>
      </trkpt>
      <trkpt lat="42.758665010333061" lon="-0.510490005835891">
        <ele>1252.2</ele>
        <time>2026-07-08T07:34:35Z</time>
        <extensions>
          <gpxtpx:TrackPointExtension>
            <gpxtpx:atemp>27</gpxtpx:atemp>
            <gpxtpx:hr>94</gpxtpx:hr>
            <gpxtpx:cad>49</gpxtpx:cad>
          </gpxtpx:TrackPointExtension>
          <gpxx:TrackPointExtension>
            <gpxx:Temperature>27</gpxx:Temperature>
          </gpxx:TrackPointExtension>
        </extensions>
      </trkpt>
      <trkpt lat="42.75868303142488" lon="-0.51046603359282">
        <ele>1252.4000000000001</ele>
        <time>2026-07-08T07:34:37Z</time>
        <extensions>
          <gpxtpx:TrackPointExtension>
            <gpxtpx:atemp>27</gpxtpx:atemp>
            <gpxtpx:hr>94</gpxtpx:hr>
            <gpxtpx:cad>49</gpxtpx:cad>
          </gpxtpx:TrackPointExtension>
          <gpxx:TrackPointExtension>
            <gpxx:Temperature>27</gpxx:Temperature>
          </gpxx:TrackPointExtension>
        </extensions>
      </trkpt>
      <trkpt lat="42.758767018094659" lon="-0.510387998074293">
        <ele>1253</ele>
        <time>2026-07-08T07:34:46Z</time>
        <extensions>
          <gpxtpx:TrackPointExtension>
            <gpxtpx:atemp>27</gpxtpx:atemp>
            <gpxtpx:hr>94</gpxtpx:hr>
            <gpxtpx:cad>48</gpxtpx:cad>
          </gpxtpx:TrackPointExtension>
          <gpxx:TrackPointExtension>
            <gpxx:Temperature>27</gpxx:Temperature>
          </gpxx:TrackPointExtension>
        </extensions>
      </trkpt>
      <trkpt lat="42.75877196341753" lon="-0.510386992245913">
        <ele>1253</ele>
        <time>2026-07-08T07:34:47Z</time>
        <extensions>
          <gpxtpx:TrackPointExtension>
            <gpxtpx:atemp>27</gpxtpx:atemp>
            <gpxtpx:hr>94</gpxtpx:hr>
            <gpxtpx:cad>48</gpxtpx:cad>
          </gpxtpx:TrackPointExtension>
          <gpxx:TrackPointExtension>
            <gpxx:Temperature>27</gpxx:Temperature>
          </gpxx:TrackPointExtension>
        </extensions>
      </trkpt>
      <trkpt lat="42.758786967024207" lon="-0.510393027216196">
        <ele>1253</ele>
        <time>2026-07-08T07:34:48Z</time>
        <extensions>
          <gpxtpx:TrackPointExtension>
            <gpxtpx:atemp>27</gpxtpx:atemp>
            <gpxtpx:hr>94</gpxtpx:hr>
            <gpxtpx:cad>48</gpxtpx:cad>
          </gpxtpx:TrackPointExtension>
          <gpxx:TrackPointExtension>
            <gpxx:Temperature>27</gpxx:Temperature>
          </gpxx:TrackPointExtension>
        </extensions>
      </trkpt>
      <trkpt lat="42.758803982287645" lon="-0.510393027216196">
        <ele>1253.4000000000001</ele>
        <time>2026-07-08T07:34:49Z</time>
        <extensions>
          <gpxtpx:TrackPointExtension>
            <gpxtpx:atemp>27</gpxtpx:atemp>
            <gpxtpx:hr>93</gpxtpx:hr>
            <gpxtpx:cad>48</gpxtpx:cad>
          </gpxtpx:TrackPointExtension>
          <gpxx:TrackPointExtension>
            <gpxx:Temperature>27</gpxx:Temperature>
          </gpxx:TrackPointExtension>
        </extensions>
      </trkpt>
      <trkpt lat="42.758840024471283" lon="-0.510350028052926">
        <ele>1254</ele>
        <time>2026-07-08T07:34:53Z</time>
        <extensions>
          <gpxtpx:TrackPointExtension>
            <gpxtpx:atemp>27</gpxtpx:atemp>
            <gpxtpx:hr>92</gpxtpx:hr>
            <gpxtpx:cad>47</gpxtpx:cad>
          </gpxtpx:TrackPointExtension>
          <gpxx:TrackPointExtension>
            <gpxx:Temperature>27</gpxx:Temperature>
          </gpxx:TrackPointExtension>
        </extensions>
      </trkpt>
      <trkpt lat="42.758856033906341" lon="-0.510347010567784">
        <ele>1254</ele>
        <time>2026-07-08T07:34:54Z</time>
        <extensions>
          <gpxtpx:TrackPointExtension>
            <gpxtpx:atemp>27</gpxtpx:atemp>
            <gpxtpx:hr>93</gpxtpx:hr>
            <gpxtpx:cad>47</gpxtpx:cad>
          </gpxtpx:TrackPointExtension>
          <gpxx:TrackPointExtension>
            <gpxx:Temperature>27</gpxx:Temperature>
          </gpxx:TrackPointExtension>
        </extensions>
      </trkpt>
      <trkpt lat="42.758882017806172" lon="-0.510332006961107">
        <ele>1254.4000000000001</ele>
        <time>2026-07-08T07:34:57Z</time>
        <extensions>
          <gpxtpx:TrackPointExtension>
            <gpxtpx:atemp>27</gpxtpx:atemp>
            <gpxtpx:hr>90</gpxtpx:hr>
            <gpxtpx:cad>0</gpxtpx:cad>
          </gpxtpx:TrackPointExtension>
          <gpxx:TrackPointExtension>
            <gpxx:Temperature>27</gpxx:Temperature>
          </gpxx:TrackPointExtension>
        </extensions>
      </trkpt>
      <trkpt lat="42.758886041119695" lon="-0.510319015011191">
        <ele>1254.5999999999999</ele>
        <time>2026-07-08T07:34:58Z</time>
        <extensions>
          <gpxtpx:TrackPointExtension>
            <gpxtpx:atemp>27</gpxtpx:atemp>
            <gpxtpx:hr>90</gpxtpx:hr>
            <gpxtpx:cad>47</gpxtpx:cad>
          </gpxtpx:TrackPointExtension>
          <gpxx:TrackPointExtension>
            <gpxx:Temperature>27</gpxx:Temperature>
          </gpxx:TrackPointExtension>
        </extensions>
      </trkpt>
      <trkpt lat="42.758897021412849" lon="-0.510311974212527">
        <ele>1254.5999999999999</ele>
        <time>2026-07-08T07:34:59Z</time>
        <extensions>
          <gpxtpx:TrackPointExtension>
            <gpxtpx:atemp>27</gpxtpx:atemp>
            <gpxtpx:hr>90</gpxtpx:hr>
            <gpxtpx:cad>47</gpxtpx:cad>
          </gpxtpx:TrackPointExtension>
          <gpxx:TrackPointExtension>
            <gpxx:Temperature>27</gpxx:Temperature>
          </gpxx:TrackPointExtension>
        </extensions>
      </trkpt>
      <trkpt lat="42.75892099365592" lon="-0.510300993919373">
        <ele>1255</ele>
        <time>2026-07-08T07:35:02Z</time>
        <extensions>
          <gpxtpx:TrackPointExtension>
            <gpxtpx:atemp>27</gpxtpx:atemp>
            <gpxtpx:hr>90</gpxtpx:hr>
            <gpxtpx:cad>0</gpxtpx:cad>
          </gpxtpx:TrackPointExtension>
          <gpxx:TrackPointExtension>
            <gpxx:Temperature>27</gpxx:Temperature>
          </gpxx:TrackPointExtension>
        </extensions>
      </trkpt>
      <trkpt lat="42.75894396007061" lon="-0.510267969220877">
        <ele>1255.2</ele>
        <time>2026-07-08T07:35:05Z</time>
        <extensions>
          <gpxtpx:TrackPointExtension>
            <gpxtpx:atemp>27</gpxtpx:atemp>
            <gpxtpx:hr>90</gpxtpx:hr>
            <gpxtpx:cad>0</gpxtpx:cad>
          </gpxtpx:TrackPointExtension>
          <gpxx:TrackPointExtension>
            <gpxx:Temperature>27</gpxx:Temperature>
          </gpxx:TrackPointExtension>
        </extensions>
      </trkpt>
      <trkpt lat="42.758949995040894" lon="-0.510248020291328">
        <ele>1255.4000000000001</ele>
        <time>2026-07-08T07:35:07Z</time>
        <extensions>
          <gpxtpx:TrackPointExtension>
            <gpxtpx:atemp>27</gpxtpx:atemp>
            <gpxtpx:hr>89</gpxtpx:hr>
            <gpxtpx:cad>0</gpxtpx:cad>
          </gpxtpx:TrackPointExtension>
          <gpxx:TrackPointExtension>
            <gpxx:Temperature>27</gpxx:Temperature>
          </gpxx:TrackPointExtension>
        </extensions>
      </trkpt>
      <trkpt lat="42.759005986154079" lon="-0.510204015299678">
        <ele>1256</ele>
        <time>2026-07-08T07:35:13Z</time>
        <extensions>
          <gpxtpx:TrackPointExtension>
            <gpxtpx:atemp>27</gpxtpx:atemp>
            <gpxtpx:hr>90</gpxtpx:hr>
            <gpxtpx:cad>0</gpxtpx:cad>
          </gpxtpx:TrackPointExtension>
          <gpxx:TrackPointExtension>
            <gpxx:Temperature>27</gpxx:Temperature>
          </gpxx:TrackPointExtension>
        </extensions>
      </trkpt>
      <trkpt lat="42.759024007245898" lon="-0.510192029178143">
        <ele>1256.2</ele>
        <time>2026-07-08T07:35:14Z</time>
        <extensions>
          <gpxtpx:TrackPointExtension>
            <gpxtpx:atemp>27</gpxtpx:atemp>
            <gpxtpx:hr>90</gpxtpx:hr>
            <gpxtpx:cad>48</gpxtpx:cad>
          </gpxtpx:TrackPointExtension>
          <gpxx:TrackPointExtension>
            <gpxx:Temperature>27</gpxx:Temperature>
          </gpxx:TrackPointExtension>
        </extensions>
      </trkpt>
      <trkpt lat="42.759068012237549" lon="-0.510155986994505">
        <ele>1256.2</ele>
        <time>2026-07-08T07:35:17Z</time>
        <extensions>
          <gpxtpx:TrackPointExtension>
            <gpxtpx:atemp>27</gpxtpx:atemp>
            <gpxtpx:hr>90</gpxtpx:hr>
            <gpxtpx:cad>49</gpxtpx:cad>
          </gpxtpx:TrackPointExtension>
          <gpxx:TrackPointExtension>
            <gpxx:Temperature>27</gpxx:Temperature>
          </gpxx:TrackPointExtension>
        </extensions>
      </trkpt>
      <trkpt lat="42.759091984480619" lon="-0.510126985609531">
        <ele>1256.4000000000001</ele>
        <time>2026-07-08T07:35:20Z</time>
        <extensions>
          <gpxtpx:TrackPointExtension>
            <gpxtpx:atemp>27</gpxtpx:atemp>
            <gpxtpx:hr>88</gpxtpx:hr>
            <gpxtpx:cad>49</gpxtpx:cad>
          </gpxtpx:TrackPointExtension>
          <gpxx:TrackPointExtension>
            <gpxx:Temperature>27</gpxx:Temperature>
          </gpxx:TrackPointExtension>
        </extensions>
      </trkpt>
      <trkpt lat="42.759108999744058" lon="-0.510126985609531">
        <ele>1256.4000000000001</ele>
        <time>2026-07-08T07:35:21Z</time>
        <extensions>
          <gpxtpx:TrackPointExtension>
            <gpxtpx:atemp>27</gpxtpx:atemp>
            <gpxtpx:hr>87</gpxtpx:hr>
            <gpxtpx:cad>49</gpxtpx:cad>
          </gpxtpx:TrackPointExtension>
          <gpxx:TrackPointExtension>
            <gpxx:Temperature>27</gpxx:Temperature>
          </gpxx:TrackPointExtension>
        </extensions>
      </trkpt>
      <trkpt lat="42.759122997522354" lon="-0.510126985609531">
        <ele>1256.4000000000001</ele>
        <time>2026-07-08T07:35:22Z</time>
        <extensions>
          <gpxtpx:TrackPointExtension>
            <gpxtpx:atemp>27</gpxtpx:atemp>
            <gpxtpx:hr>87</gpxtpx:hr>
            <gpxtpx:cad>49</gpxtpx:cad>
          </gpxtpx:TrackPointExtension>
          <gpxx:TrackPointExtension>
            <gpxx:Temperature>27</gpxx:Temperature>
          </gpxx:TrackPointExtension>
        </extensions>
      </trkpt>
      <trkpt lat="42.759132971987128" lon="-0.510117011144757">
        <ele>1256.8</ele>
        <time>2026-07-08T07:35:23Z</time>
        <extensions>
          <gpxtpx:TrackPointExtension>
            <gpxtpx:atemp>27</gpxtpx:atemp>
            <gpxtpx:hr>88</gpxtpx:hr>
            <gpxtpx:cad>49</gpxtpx:cad>
          </gpxtpx:TrackPointExtension>
          <gpxx:TrackPointExtension>
            <gpxx:Temperature>27</gpxx:Temperature>
          </gpxx:TrackPointExtension>
        </extensions>
      </trkpt>
      <trkpt lat="42.759157028049231" lon="-0.510050961747766">
        <ele>1257.2</ele>
        <time>2026-07-08T07:35:28Z</time>
        <extensions>
          <gpxtpx:TrackPointExtension>
            <gpxtpx:atemp>27</gpxtpx:atemp>
            <gpxtpx:hr>90</gpxtpx:hr>
            <gpxtpx:cad>46</gpxtpx:cad>
          </gpxtpx:TrackPointExtension>
          <gpxx:TrackPointExtension>
            <gpxx:Temperature>27</gpxx:Temperature>
          </gpxx:TrackPointExtension>
        </extensions>
      </trkpt>
      <trkpt lat="42.759173037484288" lon="-0.510031012818217">
        <ele>1257.5999999999999</ele>
        <time>2026-07-08T07:35:30Z</time>
        <extensions>
          <gpxtpx:TrackPointExtension>
            <gpxtpx:atemp>27</gpxtpx:atemp>
            <gpxtpx:hr>90</gpxtpx:hr>
            <gpxtpx:cad>0</gpxtpx:cad>
          </gpxtpx:TrackPointExtension>
          <gpxx:TrackPointExtension>
            <gpxx:Temperature>27</gpxx:Temperature>
          </gpxx:TrackPointExtension>
        </extensions>
      </trkpt>
      <trkpt lat="42.759241014719009" lon="-0.509964041411877">
        <ele>1258.2</ele>
        <time>2026-07-08T07:35:38Z</time>
        <extensions>
          <gpxtpx:TrackPointExtension>
            <gpxtpx:atemp>27</gpxtpx:atemp>
            <gpxtpx:hr>91</gpxtpx:hr>
            <gpxtpx:cad>47</gpxtpx:cad>
          </gpxtpx:TrackPointExtension>
          <gpxx:TrackPointExtension>
            <gpxx:Temperature>27</gpxx:Temperature>
          </gpxx:TrackPointExtension>
        </extensions>
      </trkpt>
      <trkpt lat="42.759274039417505" lon="-0.509927999228239">
        <ele>1258.5999999999999</ele>
        <time>2026-07-08T07:35:41Z</time>
        <extensions>
          <gpxtpx:TrackPointExtension>
            <gpxtpx:atemp>27</gpxtpx:atemp>
            <gpxtpx:hr>91</gpxtpx:hr>
            <gpxtpx:cad>48</gpxtpx:cad>
          </gpxtpx:TrackPointExtension>
          <gpxx:TrackPointExtension>
            <gpxx:Temperature>27</gpxx:Temperature>
          </gpxx:TrackPointExtension>
        </extensions>
      </trkpt>
      <trkpt lat="42.75932801887393" lon="-0.509871002286673">
        <ele>1259.4000000000001</ele>
        <time>2026-07-08T07:35:47Z</time>
        <extensions>
          <gpxtpx:TrackPointExtension>
            <gpxtpx:atemp>27</gpxtpx:atemp>
            <gpxtpx:hr>92</gpxtpx:hr>
            <gpxtpx:cad>47</gpxtpx:cad>
          </gpxtpx:TrackPointExtension>
          <gpxx:TrackPointExtension>
            <gpxx:Temperature>27</gpxx:Temperature>
          </gpxx:TrackPointExtension>
        </extensions>
      </trkpt>
      <trkpt lat="42.759368000552058" lon="-0.509853987023234">
        <ele>1259.5999999999999</ele>
        <time>2026-07-08T07:35:50Z</time>
        <extensions>
          <gpxtpx:TrackPointExtension>
            <gpxtpx:atemp>27</gpxtpx:atemp>
            <gpxtpx:hr>93</gpxtpx:hr>
            <gpxtpx:cad>49</gpxtpx:cad>
          </gpxtpx:TrackPointExtension>
          <gpxx:TrackPointExtension>
            <gpxx:Temperature>27</gpxx:Temperature>
          </gpxx:TrackPointExtension>
        </extensions>
      </trkpt>
      <trkpt lat="42.759385015815496" lon="-0.509837977588177">
        <ele>1259.8</ele>
        <time>2026-07-08T07:35:53Z</time>
        <extensions>
          <gpxtpx:TrackPointExtension>
            <gpxtpx:atemp>27</gpxtpx:atemp>
            <gpxtpx:hr>97</gpxtpx:hr>
            <gpxtpx:cad>49</gpxtpx:cad>
          </gpxtpx:TrackPointExtension>
          <gpxx:TrackPointExtension>
            <gpxx:Temperature>27</gpxx:Temperature>
          </gpxx:TrackPointExtension>
        </extensions>
      </trkpt>
      <trkpt lat="42.759410999715328" lon="-0.50982004031539">
        <ele>1260.2</ele>
        <time>2026-07-08T07:35:56Z</time>
        <extensions>
          <gpxtpx:TrackPointExtension>
            <gpxtpx:atemp>27</gpxtpx:atemp>
            <gpxtpx:hr>100</gpxtpx:hr>
            <gpxtpx:cad>48</gpxtpx:cad>
          </gpxtpx:TrackPointExtension>
          <gpxx:TrackPointExtension>
            <gpxx:Temperature>27</gpxx:Temperature>
          </gpxx:TrackPointExtension>
        </extensions>
      </trkpt>
      <trkpt lat="42.759435977786779" lon="-0.509764971211553">
        <ele>1260.8</ele>
        <time>2026-07-08T07:36:00Z</time>
        <extensions>
          <gpxtpx:TrackPointExtension>
            <gpxtpx:atemp>27</gpxtpx:atemp>
            <gpxtpx:hr>101</gpxtpx:hr>
            <gpxtpx:cad>48</gpxtpx:cad>
          </gpxtpx:TrackPointExtension>
          <gpxx:TrackPointExtension>
            <gpxx:Temperature>27</gpxx:Temperature>
          </gpxx:TrackPointExtension>
        </extensions>
      </trkpt>
      <trkpt lat="42.759520970284939" lon="-0.509733958169818">
        <ele>1261.2</ele>
        <time>2026-07-08T07:36:05Z</time>
        <extensions>
          <gpxtpx:TrackPointExtension>
            <gpxtpx:atemp>27</gpxtpx:atemp>
            <gpxtpx:hr>98</gpxtpx:hr>
            <gpxtpx:cad>0</gpxtpx:cad>
          </gpxtpx:TrackPointExtension>
          <gpxx:TrackPointExtension>
            <gpxx:Temperature>27</gpxx:Temperature>
          </gpxx:TrackPointExtension>
        </extensions>
      </trkpt>
      <trkpt lat="42.759532034397125" lon="-0.509704034775496">
        <ele>1261.4000000000001</ele>
        <time>2026-07-08T07:36:07Z</time>
        <extensions>
          <gpxtpx:TrackPointExtension>
            <gpxtpx:atemp>27</gpxtpx:atemp>
            <gpxtpx:hr>95</gpxtpx:hr>
            <gpxtpx:cad>0</gpxtpx:cad>
          </gpxtpx:TrackPointExtension>
          <gpxx:TrackPointExtension>
            <gpxx:Temperature>27</gpxx:Temperature>
          </gpxx:TrackPointExtension>
        </extensions>
      </trkpt>
      <trkpt lat="42.759547960013151" lon="-0.509668998420238">
        <ele>1261.8</ele>
        <time>2026-07-08T07:36:10Z</time>
        <extensions>
          <gpxtpx:TrackPointExtension>
            <gpxtpx:atemp>27</gpxtpx:atemp>
            <gpxtpx:hr>95</gpxtpx:hr>
            <gpxtpx:cad>53</gpxtpx:cad>
          </gpxtpx:TrackPointExtension>
          <gpxx:TrackPointExtension>
            <gpxx:Temperature>27</gpxx:Temperature>
          </gpxx:TrackPointExtension>
        </extensions>
      </trkpt>
      <trkpt lat="42.759581990540028" lon="-0.509675033390522">
        <ele>1262.2</ele>
        <time>2026-07-08T07:36:13Z</time>
        <extensions>
          <gpxtpx:TrackPointExtension>
            <gpxtpx:atemp>27</gpxtpx:atemp>
            <gpxtpx:hr>95</gpxtpx:hr>
            <gpxtpx:cad>0</gpxtpx:cad>
          </gpxtpx:TrackPointExtension>
          <gpxx:TrackPointExtension>
            <gpxx:Temperature>27</gpxx:Temperature>
          </gpxx:TrackPointExtension>
        </extensions>
      </trkpt>
      <trkpt lat="42.759628007188439" lon="-0.5096519831568">
        <ele>1262.8</ele>
        <time>2026-07-08T07:36:19Z</time>
        <extensions>
          <gpxtpx:TrackPointExtension>
            <gpxtpx:atemp>27</gpxtpx:atemp>
            <gpxtpx:hr>95</gpxtpx:hr>
            <gpxtpx:cad>0</gpxtpx:cad>
          </gpxtpx:TrackPointExtension>
          <gpxx:TrackPointExtension>
            <gpxx:Temperature>27</gpxx:Temperature>
          </gpxx:TrackPointExtension>
        </extensions>
      </trkpt>
      <trkpt lat="42.759682992473245" lon="-0.509655000641942">
        <ele>1263.4000000000001</ele>
        <time>2026-07-08T07:36:24Z</time>
        <extensions>
          <gpxtpx:TrackPointExtension>
            <gpxtpx:atemp>27</gpxtpx:atemp>
            <gpxtpx:hr>95</gpxtpx:hr>
            <gpxtpx:cad>49</gpxtpx:cad>
          </gpxtpx:TrackPointExtension>
          <gpxx:TrackPointExtension>
            <gpxx:Temperature>27</gpxx:Temperature>
          </gpxx:TrackPointExtension>
        </extensions>
      </trkpt>
      <trkpt lat="42.759724985808134" lon="-0.509662041440606">
        <ele>1263.8</ele>
        <time>2026-07-08T07:36:29Z</time>
        <extensions>
          <gpxtpx:TrackPointExtension>
            <gpxtpx:atemp>27</gpxtpx:atemp>
            <gpxtpx:hr>93</gpxtpx:hr>
            <gpxtpx:cad>49</gpxtpx:cad>
          </gpxtpx:TrackPointExtension>
          <gpxx:TrackPointExtension>
            <gpxx:Temperature>27</gpxx:Temperature>
          </gpxx:TrackPointExtension>
        </extensions>
      </trkpt>
      <trkpt lat="42.759748036041856" lon="-0.509656006470323">
        <ele>1264</ele>
        <time>2026-07-08T07:36:31Z</time>
        <extensions>
          <gpxtpx:TrackPointExtension>
            <gpxtpx:atemp>27</gpxtpx:atemp>
            <gpxtpx:hr>95</gpxtpx:hr>
            <gpxtpx:cad>47</gpxtpx:cad>
          </gpxtpx:TrackPointExtension>
          <gpxx:TrackPointExtension>
            <gpxx:Temperature>27</gpxx:Temperature>
          </gpxx:TrackPointExtension>
        </extensions>
      </trkpt>
      <trkpt lat="42.759802015498281" lon="-0.509636979550123">
        <ele>1264.8</ele>
        <time>2026-07-08T07:36:38Z</time>
        <extensions>
          <gpxtpx:TrackPointExtension>
            <gpxtpx:atemp>27</gpxtpx:atemp>
            <gpxtpx:hr>94</gpxtpx:hr>
            <gpxtpx:cad>47</gpxtpx:cad>
          </gpxtpx:TrackPointExtension>
          <gpxx:TrackPointExtension>
            <gpxx:Temperature>27</gpxx:Temperature>
          </gpxx:TrackPointExtension>
        </extensions>
      </trkpt>
      <trkpt lat="42.759815007448196" lon="-0.509633962064981">
        <ele>1265</ele>
        <time>2026-07-08T07:36:39Z</time>
        <extensions>
          <gpxtpx:TrackPointExtension>
            <gpxtpx:atemp>27</gpxtpx:atemp>
            <gpxtpx:hr>95</gpxtpx:hr>
            <gpxtpx:cad>47</gpxtpx:cad>
          </gpxtpx:TrackPointExtension>
          <gpxx:TrackPointExtension>
            <gpxx:Temperature>27</gpxx:Temperature>
          </gpxx:TrackPointExtension>
        </extensions>
      </trkpt>
      <trkpt lat="42.759862029924989" lon="-0.509613007307053">
        <ele>1265.5999999999999</ele>
        <time>2026-07-08T07:36:43Z</time>
        <extensions>
          <gpxtpx:TrackPointExtension>
            <gpxtpx:atemp>27</gpxtpx:atemp>
            <gpxtpx:hr>92</gpxtpx:hr>
            <gpxtpx:cad>44</gpxtpx:cad>
          </gpxtpx:TrackPointExtension>
          <gpxx:TrackPointExtension>
            <gpxx:Temperature>27</gpxx:Temperature>
          </gpxx:TrackPointExtension>
        </extensions>
      </trkpt>
      <trkpt lat="42.759891031309962" lon="-0.509603032842278">
        <ele>1265.8</ele>
        <time>2026-07-08T07:36:45Z</time>
        <extensions>
          <gpxtpx:TrackPointExtension>
            <gpxtpx:atemp>27</gpxtpx:atemp>
            <gpxtpx:hr>97</gpxtpx:hr>
            <gpxtpx:cad>45</gpxtpx:cad>
          </gpxtpx:TrackPointExtension>
          <gpxx:TrackPointExtension>
            <gpxx:Temperature>27</gpxx:Temperature>
          </gpxx:TrackPointExtension>
        </extensions>
      </trkpt>
      <trkpt lat="42.759911986067891" lon="-0.509589035063982">
        <ele>1266</ele>
        <time>2026-07-08T07:36:47Z</time>
        <extensions>
          <gpxtpx:TrackPointExtension>
            <gpxtpx:atemp>27</gpxtpx:atemp>
            <gpxtpx:hr>97</gpxtpx:hr>
            <gpxtpx:cad>46</gpxtpx:cad>
          </gpxtpx:TrackPointExtension>
          <gpxx:TrackPointExtension>
            <gpxx:Temperature>27</gpxx:Temperature>
          </gpxx:TrackPointExtension>
        </extensions>
      </trkpt>
      <trkpt lat="42.759972000494599" lon="-0.509559027850628">
        <ele>1266.5999999999999</ele>
        <time>2026-07-08T07:36:53Z</time>
        <extensions>
          <gpxtpx:TrackPointExtension>
            <gpxtpx:atemp>27</gpxtpx:atemp>
            <gpxtpx:hr>97</gpxtpx:hr>
            <gpxtpx:cad>47</gpxtpx:cad>
          </gpxtpx:TrackPointExtension>
          <gpxx:TrackPointExtension>
            <gpxx:Temperature>27</gpxx:Temperature>
          </gpxx:TrackPointExtension>
        </extensions>
      </trkpt>
      <trkpt lat="42.760011982172728" lon="-0.509528014808893">
        <ele>1267</ele>
        <time>2026-07-08T07:36:57Z</time>
        <extensions>
          <gpxtpx:TrackPointExtension>
            <gpxtpx:atemp>27</gpxtpx:atemp>
            <gpxtpx:hr>95</gpxtpx:hr>
            <gpxtpx:cad>47</gpxtpx:cad>
          </gpxtpx:TrackPointExtension>
          <gpxx:TrackPointExtension>
            <gpxx:Temperature>27</gpxx:Temperature>
          </gpxx:TrackPointExtension>
        </extensions>
      </trkpt>
      <trkpt lat="42.760055987164378" lon="-0.509487027302384">
        <ele>1267.5999999999999</ele>
        <time>2026-07-08T07:37:02Z</time>
        <extensions>
          <gpxtpx:TrackPointExtension>
            <gpxtpx:atemp>27</gpxtpx:atemp>
            <gpxtpx:hr>94</gpxtpx:hr>
            <gpxtpx:cad>47</gpxtpx:cad>
          </gpxtpx:TrackPointExtension>
          <gpxx:TrackPointExtension>
            <gpxx:Temperature>27</gpxx:Temperature>
          </gpxx:TrackPointExtension>
        </extensions>
      </trkpt>
      <trkpt lat="42.760094041004777" lon="-0.509455008432269">
        <ele>1268.2</ele>
        <time>2026-07-08T07:37:07Z</time>
        <extensions>
          <gpxtpx:TrackPointExtension>
            <gpxtpx:atemp>27</gpxtpx:atemp>
            <gpxtpx:hr>94</gpxtpx:hr>
            <gpxtpx:cad>47</gpxtpx:cad>
          </gpxtpx:TrackPointExtension>
          <gpxx:TrackPointExtension>
            <gpxx:Temperature>27</gpxx:Temperature>
          </gpxx:TrackPointExtension>
        </extensions>
      </trkpt>
      <trkpt lat="42.76014600880444" lon="-0.509417038410902">
        <ele>1268.8</ele>
        <time>2026-07-08T07:37:13Z</time>
        <extensions>
          <gpxtpx:TrackPointExtension>
            <gpxtpx:atemp>27</gpxtpx:atemp>
            <gpxtpx:hr>95</gpxtpx:hr>
            <gpxtpx:cad>49</gpxtpx:cad>
          </gpxtpx:TrackPointExtension>
          <gpxx:TrackPointExtension>
            <gpxx:Temperature>27</gpxx:Temperature>
          </gpxx:TrackPointExtension>
        </extensions>
      </trkpt>
      <trkpt lat="42.760207029059529" lon="-0.509386025369167">
        <ele>1269.2</ele>
        <time>2026-07-08T07:37:18Z</time>
        <extensions>
          <gpxtpx:TrackPointExtension>
            <gpxtpx:atemp>27</gpxtpx:atemp>
            <gpxtpx:hr>94</gpxtpx:hr>
            <gpxtpx:cad>48</gpxtpx:cad>
          </gpxtpx:TrackPointExtension>
          <gpxx:TrackPointExtension>
            <gpxx:Temperature>27</gpxx:Temperature>
          </gpxx:TrackPointExtension>
        </extensions>
      </trkpt>
      <trkpt lat="42.760269977152348" lon="-0.509361969307065">
        <ele>1269.8</ele>
        <time>2026-07-08T07:37:23Z</time>
        <extensions>
          <gpxtpx:TrackPointExtension>
            <gpxtpx:atemp>27</gpxtpx:atemp>
            <gpxtpx:hr>91</gpxtpx:hr>
            <gpxtpx:cad>0</gpxtpx:cad>
          </gpxtpx:TrackPointExtension>
          <gpxx:TrackPointExtension>
            <gpxx:Temperature>27</gpxx:Temperature>
          </gpxx:TrackPointExtension>
        </extensions>
      </trkpt>
      <trkpt lat="42.760346001014113" lon="-0.509331040084362">
        <ele>1270.2</ele>
        <time>2026-07-08T07:37:29Z</time>
        <extensions>
          <gpxtpx:TrackPointExtension>
            <gpxtpx:atemp>27</gpxtpx:atemp>
            <gpxtpx:hr>92</gpxtpx:hr>
            <gpxtpx:cad>49</gpxtpx:cad>
          </gpxtpx:TrackPointExtension>
          <gpxx:TrackPointExtension>
            <gpxx:Temperature>27</gpxx:Temperature>
          </gpxx:TrackPointExtension>
        </extensions>
      </trkpt>
      <trkpt lat="42.76035999879241" lon="-0.509325005114079">
        <ele>1270.4000000000001</ele>
        <time>2026-07-08T07:37:30Z</time>
        <extensions>
          <gpxtpx:TrackPointExtension>
            <gpxtpx:atemp>27</gpxtpx:atemp>
            <gpxtpx:hr>93</gpxtpx:hr>
            <gpxtpx:cad>0</gpxtpx:cad>
          </gpxtpx:TrackPointExtension>
          <gpxx:TrackPointExtension>
            <gpxx:Temperature>27</gpxx:Temperature>
          </gpxx:TrackPointExtension>
        </extensions>
      </trkpt>
      <trkpt lat="42.76042303070426" lon="-0.509301032871008">
        <ele>1271</ele>
        <time>2026-07-08T07:37:36Z</time>
        <extensions>
          <gpxtpx:TrackPointExtension>
            <gpxtpx:atemp>27</gpxtpx:atemp>
            <gpxtpx:hr>90</gpxtpx:hr>
            <gpxtpx:cad>48</gpxtpx:cad>
          </gpxtpx:TrackPointExtension>
          <gpxx:TrackPointExtension>
            <gpxx:Temperature>27</gpxx:Temperature>
          </gpxx:TrackPointExtension>
        </extensions>
      </trkpt>
      <trkpt lat="42.76044599711895" lon="-0.50928502343595">
        <ele>1271.4000000000001</ele>
        <time>2026-07-08T07:37:40Z</time>
        <extensions>
          <gpxtpx:TrackPointExtension>
            <gpxtpx:atemp>27</gpxtpx:atemp>
            <gpxtpx:hr>91</gpxtpx:hr>
            <gpxtpx:cad>48</gpxtpx:cad>
          </gpxtpx:TrackPointExtension>
          <gpxx:TrackPointExtension>
            <gpxx:Temperature>27</gpxx:Temperature>
          </gpxx:TrackPointExtension>
        </extensions>
      </trkpt>
      <trkpt lat="42.760548004880548" lon="-0.509248981252313">
        <ele>1272.4000000000001</ele>
        <time>2026-07-08T07:37:50Z</time>
        <extensions>
          <gpxtpx:TrackPointExtension>
            <gpxtpx:atemp>27</gpxtpx:atemp>
            <gpxtpx:hr>90</gpxtpx:hr>
            <gpxtpx:cad>47</gpxtpx:cad>
          </gpxtpx:TrackPointExtension>
          <gpxx:TrackPointExtension>
            <gpxx:Temperature>27</gpxx:Temperature>
          </gpxx:TrackPointExtension>
        </extensions>
      </trkpt>
      <trkpt lat="42.760560996830463" lon="-0.509249987080693">
        <ele>1272.4000000000001</ele>
        <time>2026-07-08T07:37:52Z</time>
        <extensions>
          <gpxtpx:TrackPointExtension>
            <gpxtpx:atemp>27</gpxtpx:atemp>
            <gpxtpx:hr>89</gpxtpx:hr>
            <gpxtpx:cad>47</gpxtpx:cad>
          </gpxtpx:TrackPointExtension>
          <gpxx:TrackPointExtension>
            <gpxx:Temperature>27</gpxx:Temperature>
          </gpxx:TrackPointExtension>
        </extensions>
      </trkpt>
      <trkpt lat="42.760653030127287" lon="-0.509229032322764">
        <ele>1273.4000000000001</ele>
        <time>2026-07-08T07:38:01Z</time>
        <extensions>
          <gpxtpx:TrackPointExtension>
            <gpxtpx:atemp>27</gpxtpx:atemp>
            <gpxtpx:hr>89</gpxtpx:hr>
            <gpxtpx:cad>47</gpxtpx:cad>
          </gpxtpx:TrackPointExtension>
          <gpxx:TrackPointExtension>
            <gpxx:Temperature>27</gpxx:Temperature>
          </gpxx:TrackPointExtension>
        </extensions>
      </trkpt>
      <trkpt lat="42.760749002918601" lon="-0.5092410184443">
        <ele>1274.4000000000001</ele>
        <time>2026-07-08T07:38:13Z</time>
        <extensions>
          <gpxtpx:TrackPointExtension>
            <gpxtpx:atemp>27</gpxtpx:atemp>
            <gpxtpx:hr>90</gpxtpx:hr>
            <gpxtpx:cad>46</gpxtpx:cad>
          </gpxtpx:TrackPointExtension>
          <gpxx:TrackPointExtension>
            <gpxx:Temperature>27</gpxx:Temperature>
          </gpxx:TrackPointExtension>
        </extensions>
      </trkpt>
      <trkpt lat="42.760784039273858" lon="-0.509236995130777">
        <ele>1274.8</ele>
        <time>2026-07-08T07:38:17Z</time>
        <extensions>
          <gpxtpx:TrackPointExtension>
            <gpxtpx:atemp>27</gpxtpx:atemp>
            <gpxtpx:hr>93</gpxtpx:hr>
            <gpxtpx:cad>45</gpxtpx:cad>
          </gpxtpx:TrackPointExtension>
          <gpxx:TrackPointExtension>
            <gpxx:Temperature>27</gpxx:Temperature>
          </gpxx:TrackPointExtension>
        </extensions>
      </trkpt>
      <trkpt lat="42.760846987366676" lon="-0.509232971817255">
        <ele>1275.4000000000001</ele>
        <time>2026-07-08T07:38:22Z</time>
        <extensions>
          <gpxtpx:TrackPointExtension>
            <gpxtpx:atemp>27</gpxtpx:atemp>
            <gpxtpx:hr>94</gpxtpx:hr>
            <gpxtpx:cad>0</gpxtpx:cad>
          </gpxtpx:TrackPointExtension>
          <gpxx:TrackPointExtension>
            <gpxx:Temperature>27</gpxx:Temperature>
          </gpxx:TrackPointExtension>
        </extensions>
      </trkpt>
      <trkpt lat="42.760886969044805" lon="-0.509214028716087">
        <ele>1275.5999999999999</ele>
        <time>2026-07-08T07:38:26Z</time>
        <extensions>
          <gpxtpx:TrackPointExtension>
            <gpxtpx:atemp>27</gpxtpx:atemp>
            <gpxtpx:hr>91</gpxtpx:hr>
            <gpxtpx:cad>47</gpxtpx:cad>
          </gpxtpx:TrackPointExtension>
          <gpxx:TrackPointExtension>
            <gpxx:Temperature>27</gpxx:Temperature>
          </gpxx:TrackPointExtension>
        </extensions>
      </trkpt>
      <trkpt lat="42.760916976258159" lon="-0.509201036766171">
        <ele>1275.8</ele>
        <time>2026-07-08T07:38:29Z</time>
        <extensions>
          <gpxtpx:TrackPointExtension>
            <gpxtpx:atemp>27</gpxtpx:atemp>
            <gpxtpx:hr>89</gpxtpx:hr>
            <gpxtpx:cad>0</gpxtpx:cad>
          </gpxtpx:TrackPointExtension>
          <gpxx:TrackPointExtension>
            <gpxx:Temperature>27</gpxx:Temperature>
          </gpxx:TrackPointExtension>
        </extensions>
      </trkpt>
      <trkpt lat="42.760957041755319" lon="-0.509200030937791">
        <ele>1276.5999999999999</ele>
        <time>2026-07-08T07:38:32Z</time>
        <extensions>
          <gpxtpx:TrackPointExtension>
            <gpxtpx:atemp>27</gpxtpx:atemp>
            <gpxtpx:hr>90</gpxtpx:hr>
            <gpxtpx:cad>46</gpxtpx:cad>
          </gpxtpx:TrackPointExtension>
          <gpxx:TrackPointExtension>
            <gpxx:Temperature>27</gpxx:Temperature>
          </gpxx:TrackPointExtension>
        </extensions>
      </trkpt>
      <trkpt lat="42.760991994291544" lon="-0.509152002632618">
        <ele>1277.2</ele>
        <time>2026-07-08T07:38:37Z</time>
        <extensions>
          <gpxtpx:TrackPointExtension>
            <gpxtpx:atemp>27</gpxtpx:atemp>
            <gpxtpx:hr>93</gpxtpx:hr>
            <gpxtpx:cad>0</gpxtpx:cad>
          </gpxtpx:TrackPointExtension>
          <gpxx:TrackPointExtension>
            <gpxx:Temperature>27</gpxx:Temperature>
          </gpxx:TrackPointExtension>
        </extensions>
      </trkpt>
      <trkpt lat="42.761029964312911" lon="-0.509101962670684">
        <ele>1277.5999999999999</ele>
        <time>2026-07-08T07:38:42Z</time>
        <extensions>
          <gpxtpx:TrackPointExtension>
            <gpxtpx:atemp>27</gpxtpx:atemp>
            <gpxtpx:hr>92</gpxtpx:hr>
            <gpxtpx:cad>44</gpxtpx:cad>
          </gpxtpx:TrackPointExtension>
          <gpxx:TrackPointExtension>
            <gpxx:Temperature>27</gpxx:Temperature>
          </gpxx:TrackPointExtension>
        </extensions>
      </trkpt>
      <trkpt lat="42.761056032031775" lon="-0.509077990427613">
        <ele>1278.2</ele>
        <time>2026-07-08T07:38:46Z</time>
        <extensions>
          <gpxtpx:TrackPointExtension>
            <gpxtpx:atemp>27</gpxtpx:atemp>
            <gpxtpx:hr>92</gpxtpx:hr>
            <gpxtpx:cad>0</gpxtpx:cad>
          </gpxtpx:TrackPointExtension>
          <gpxx:TrackPointExtension>
            <gpxx:Temperature>27</gpxx:Temperature>
          </gpxx:TrackPointExtension>
        </extensions>
      </trkpt>
      <trkpt lat="42.761084027588367" lon="-0.509043959900737">
        <ele>1278.4000000000001</ele>
        <time>2026-07-08T07:38:51Z</time>
        <extensions>
          <gpxtpx:TrackPointExtension>
            <gpxtpx:atemp>27</gpxtpx:atemp>
            <gpxtpx:hr>89</gpxtpx:hr>
            <gpxtpx:cad>0</gpxtpx:cad>
          </gpxtpx:TrackPointExtension>
          <gpxx:TrackPointExtension>
            <gpxx:Temperature>27</gpxx:Temperature>
          </gpxx:TrackPointExtension>
        </extensions>
      </trkpt>
      <trkpt lat="42.761086961254478" lon="-0.509038008749485">
        <ele>1278.8</ele>
        <time>2026-07-08T07:38:54Z</time>
        <extensions>
          <gpxtpx:TrackPointExtension>
            <gpxtpx:atemp>27</gpxtpx:atemp>
            <gpxtpx:hr>89</gpxtpx:hr>
            <gpxtpx:cad>0</gpxtpx:cad>
          </gpxtpx:TrackPointExtension>
          <gpxx:TrackPointExtension>
            <gpxx:Temperature>27</gpxx:Temperature>
          </gpxx:TrackPointExtension>
        </extensions>
      </trkpt>
      <trkpt lat="42.761087967082858" lon="-0.509037002921104">
        <ele>1278.8</ele>
        <time>2026-07-08T07:38:55Z</time>
        <extensions>
          <gpxtpx:TrackPointExtension>
            <gpxtpx:atemp>27</gpxtpx:atemp>
            <gpxtpx:hr>90</gpxtpx:hr>
            <gpxtpx:cad>0</gpxtpx:cad>
          </gpxtpx:TrackPointExtension>
          <gpxx:TrackPointExtension>
            <gpxx:Temperature>27</gpxx:Temperature>
          </gpxx:TrackPointExtension>
        </extensions>
      </trkpt>
      <trkpt lat="42.761045973747969" lon="-0.508976988494396">
        <ele>1279</ele>
        <time>2026-07-08T07:39:06Z</time>
        <extensions>
          <gpxtpx:TrackPointExtension>
            <gpxtpx:atemp>27</gpxtpx:atemp>
            <gpxtpx:hr>87</gpxtpx:hr>
            <gpxtpx:cad>0</gpxtpx:cad>
          </gpxtpx:TrackPointExtension>
          <gpxx:TrackPointExtension>
            <gpxx:Temperature>27</gpxx:Temperature>
          </gpxx:TrackPointExtension>
        </extensions>
      </trkpt>
      <trkpt lat="42.761038010939956" lon="-0.50896399654448">
        <ele>1279</ele>
        <time>2026-07-08T07:39:07Z</time>
        <extensions>
          <gpxtpx:TrackPointExtension>
            <gpxtpx:atemp>27</gpxtpx:atemp>
            <gpxtpx:hr>85</gpxtpx:hr>
            <gpxtpx:cad>0</gpxtpx:cad>
          </gpxtpx:TrackPointExtension>
          <gpxx:TrackPointExtension>
            <gpxx:Temperature>27</gpxx:Temperature>
          </gpxx:TrackPointExtension>
        </extensions>
      </trkpt>
      <trkpt lat="42.76098201982677" lon="-0.508924014866352">
        <ele>1279.2</ele>
        <time>2026-07-08T07:39:14Z</time>
        <extensions>
          <gpxtpx:TrackPointExtension>
            <gpxtpx:atemp>27</gpxtpx:atemp>
            <gpxtpx:hr>85</gpxtpx:hr>
            <gpxtpx:cad>52</gpxtpx:cad>
          </gpxtpx:TrackPointExtension>
          <gpxx:TrackPointExtension>
            <gpxx:Temperature>27</gpxx:Temperature>
          </gpxx:TrackPointExtension>
        </extensions>
      </trkpt>
      <trkpt lat="42.760933991521597" lon="-0.508915968239307">
        <ele>1279.5999999999999</ele>
        <time>2026-07-08T07:39:18Z</time>
        <extensions>
          <gpxtpx:TrackPointExtension>
            <gpxtpx:atemp>27</gpxtpx:atemp>
            <gpxtpx:hr>85</gpxtpx:hr>
            <gpxtpx:cad>52</gpxtpx:cad>
          </gpxtpx:TrackPointExtension>
          <gpxx:TrackPointExtension>
            <gpxx:Temperature>27</gpxx:Temperature>
          </gpxx:TrackPointExtension>
        </extensions>
      </trkpt>
      <trkpt lat="42.760924017056823" lon="-0.508924014866352">
        <ele>1279.8</ele>
        <time>2026-07-08T07:39:19Z</time>
        <extensions>
          <gpxtpx:TrackPointExtension>
            <gpxtpx:atemp>27</gpxtpx:atemp>
            <gpxtpx:hr>86</gpxtpx:hr>
            <gpxtpx:cad>51</gpxtpx:cad>
          </gpxtpx:TrackPointExtension>
          <gpxx:TrackPointExtension>
            <gpxx:Temperature>27</gpxx:Temperature>
          </gpxx:TrackPointExtension>
        </extensions>
      </trkpt>
      <trkpt lat="42.760907001793385" lon="-0.508938012644649">
        <ele>1280</ele>
        <time>2026-07-08T07:39:21Z</time>
        <extensions>
          <gpxtpx:TrackPointExtension>
            <gpxtpx:atemp>27</gpxtpx:atemp>
            <gpxtpx:hr>87</gpxtpx:hr>
            <gpxtpx:cad>49</gpxtpx:cad>
          </gpxtpx:TrackPointExtension>
          <gpxx:TrackPointExtension>
            <gpxx:Temperature>27</gpxx:Temperature>
          </gpxx:TrackPointExtension>
        </extensions>
      </trkpt>
      <trkpt lat="42.760872971266508" lon="-0.508956033736467">
        <ele>1280.5999999999999</ele>
        <time>2026-07-08T07:39:26Z</time>
        <extensions>
          <gpxtpx:TrackPointExtension>
            <gpxtpx:atemp>27</gpxtpx:atemp>
            <gpxtpx:hr>88</gpxtpx:hr>
            <gpxtpx:cad>0</gpxtpx:cad>
          </gpxtpx:TrackPointExtension>
          <gpxx:TrackPointExtension>
            <gpxx:Temperature>27</gpxx:Temperature>
          </gpxx:TrackPointExtension>
        </extensions>
      </trkpt>
      <trkpt lat="42.76085402816534" lon="-0.508958967402577">
        <ele>1280.5999999999999</ele>
        <time>2026-07-08T07:39:27Z</time>
        <extensions>
          <gpxtpx:TrackPointExtension>
            <gpxtpx:atemp>27</gpxtpx:atemp>
            <gpxtpx:hr>87</gpxtpx:hr>
            <gpxtpx:cad>0</gpxtpx:cad>
          </gpxtpx:TrackPointExtension>
          <gpxx:TrackPointExtension>
            <gpxx:Temperature>27</gpxx:Temperature>
          </gpxx:TrackPointExtension>
        </extensions>
      </trkpt>
      <trkpt lat="42.760812034830451" lon="-0.508973971009254">
        <ele>1280.8</ele>
        <time>2026-07-08T07:39:30Z</time>
        <extensions>
          <gpxtpx:TrackPointExtension>
            <gpxtpx:atemp>26</gpxtpx:atemp>
            <gpxtpx:hr>88</gpxtpx:hr>
            <gpxtpx:cad>0</gpxtpx:cad>
          </gpxtpx:TrackPointExtension>
          <gpxx:TrackPointExtension>
            <gpxx:Temperature>26</gpxx:Temperature>
          </gpxx:TrackPointExtension>
        </extensions>
      </trkpt>
      <trkpt lat="42.760785967111588" lon="-0.508985035121441">
        <ele>1280.8</ele>
        <time>2026-07-08T07:39:32Z</time>
        <extensions>
          <gpxtpx:TrackPointExtension>
            <gpxtpx:atemp>27</gpxtpx:atemp>
            <gpxtpx:hr>89</gpxtpx:hr>
            <gpxtpx:cad>0</gpxtpx:cad>
          </gpxtpx:TrackPointExtension>
          <gpxx:TrackPointExtension>
            <gpxx:Temperature>27</gpxx:Temperature>
          </gpxx:TrackPointExtension>
        </extensions>
      </trkpt>
      <trkpt lat="42.760773980990052" lon="-0.508985035121441">
        <ele>1280.8</ele>
        <time>2026-07-08T07:39:33Z</time>
        <extensions>
          <gpxtpx:TrackPointExtension>
            <gpxtpx:atemp>27</gpxtpx:atemp>
            <gpxtpx:hr>88</gpxtpx:hr>
            <gpxtpx:cad>48</gpxtpx:cad>
          </gpxtpx:TrackPointExtension>
          <gpxx:TrackPointExtension>
            <gpxx:Temperature>27</gpxx:Temperature>
          </gpxx:TrackPointExtension>
        </extensions>
      </trkpt>
      <trkpt lat="42.760739028453827" lon="-0.508980005979538">
        <ele>1281</ele>
        <time>2026-07-08T07:39:35Z</time>
        <extensions>
          <gpxtpx:TrackPointExtension>
            <gpxtpx:atemp>26</gpxtpx:atemp>
            <gpxtpx:hr>91</gpxtpx:hr>
            <gpxtpx:cad>49</gpxtpx:cad>
          </gpxtpx:TrackPointExtension>
          <gpxx:TrackPointExtension>
            <gpxx:Temperature>26</gpxx:Temperature>
          </gpxx:TrackPointExtension>
        </extensions>
      </trkpt>
      <trkpt lat="42.760650012642145" lon="-0.508937006816268">
        <ele>1281.5999999999999</ele>
        <time>2026-07-08T07:39:41Z</time>
        <extensions>
          <gpxtpx:TrackPointExtension>
            <gpxtpx:atemp>26</gpxtpx:atemp>
            <gpxtpx:hr>89</gpxtpx:hr>
            <gpxtpx:cad>52</gpxtpx:cad>
          </gpxtpx:TrackPointExtension>
          <gpxx:TrackPointExtension>
            <gpxx:Temperature>26</gpxx:Temperature>
          </gpxx:TrackPointExtension>
        </extensions>
      </trkpt>
      <trkpt lat="42.76064096018672" lon="-0.508932983502746">
        <ele>1281.5999999999999</ele>
        <time>2026-07-08T07:39:42Z</time>
        <extensions>
          <gpxtpx:TrackPointExtension>
            <gpxtpx:atemp>26</gpxtpx:atemp>
            <gpxtpx:hr>90</gpxtpx:hr>
            <gpxtpx:cad>52</gpxtpx:cad>
          </gpxtpx:TrackPointExtension>
          <gpxx:TrackPointExtension>
            <gpxx:Temperature>26</gpxx:Temperature>
          </gpxx:TrackPointExtension>
        </extensions>
      </trkpt>
      <trkpt lat="42.760624028742313" lon="-0.508927032351494">
        <ele>1281.8</ele>
        <time>2026-07-08T07:39:43Z</time>
        <extensions>
          <gpxtpx:TrackPointExtension>
            <gpxtpx:atemp>26</gpxtpx:atemp>
            <gpxtpx:hr>89</gpxtpx:hr>
            <gpxtpx:cad>52</gpxtpx:cad>
          </gpxtpx:TrackPointExtension>
          <gpxx:TrackPointExtension>
            <gpxx:Temperature>26</gpxx:Temperature>
          </gpxx:TrackPointExtension>
        </extensions>
      </trkpt>
      <trkpt lat="42.760593015700579" lon="-0.508925020694733">
        <ele>1281.8</ele>
        <time>2026-07-08T07:39:44Z</time>
        <extensions>
          <gpxtpx:TrackPointExtension>
            <gpxtpx:atemp>26</gpxtpx:atemp>
            <gpxtpx:hr>89</gpxtpx:hr>
            <gpxtpx:cad>52</gpxtpx:cad>
          </gpxtpx:TrackPointExtension>
          <gpxx:TrackPointExtension>
            <gpxx:Temperature>26</gpxx:Temperature>
          </gpxx:TrackPointExtension>
        </extensions>
      </trkpt>
      <trkpt lat="42.760541969910264" lon="-0.50891999155283">
        <ele>1282.4000000000001</ele>
        <time>2026-07-08T07:39:47Z</time>
        <extensions>
          <gpxtpx:TrackPointExtension>
            <gpxtpx:atemp>26</gpxtpx:atemp>
            <gpxtpx:hr>90</gpxtpx:hr>
            <gpxtpx:cad>53</gpxtpx:cad>
          </gpxtpx:TrackPointExtension>
          <gpxx:TrackPointExtension>
            <gpxx:Temperature>26</gpxx:Temperature>
          </gpxx:TrackPointExtension>
        </extensions>
      </trkpt>
      <trkpt lat="42.760527972131968" lon="-0.508915968239307">
        <ele>1282.8</ele>
        <time>2026-07-08T07:39:48Z</time>
        <extensions>
          <gpxtpx:TrackPointExtension>
            <gpxtpx:atemp>26</gpxtpx:atemp>
            <gpxtpx:hr>89</gpxtpx:hr>
            <gpxtpx:cad>53</gpxtpx:cad>
          </gpxtpx:TrackPointExtension>
          <gpxx:TrackPointExtension>
            <gpxx:Temperature>26</gpxx:Temperature>
          </gpxx:TrackPointExtension>
        </extensions>
      </trkpt>
      <trkpt lat="42.760463012382388" lon="-0.508895013481379">
        <ele>1283.8</ele>
        <time>2026-07-08T07:39:53Z</time>
        <extensions>
          <gpxtpx:TrackPointExtension>
            <gpxtpx:atemp>26</gpxtpx:atemp>
            <gpxtpx:hr>93</gpxtpx:hr>
            <gpxtpx:cad>0</gpxtpx:cad>
          </gpxtpx:TrackPointExtension>
          <gpxx:TrackPointExtension>
            <gpxx:Temperature>26</gpxx:Temperature>
          </gpxx:TrackPointExtension>
        </extensions>
      </trkpt>
      <trkpt lat="42.760442979633808" lon="-0.508886966854334">
        <ele>1283.8</ele>
        <time>2026-07-08T07:39:54Z</time>
        <extensions>
          <gpxtpx:TrackPointExtension>
            <gpxtpx:atemp>26</gpxtpx:atemp>
            <gpxtpx:hr>94</gpxtpx:hr>
            <gpxtpx:cad>0</gpxtpx:cad>
          </gpxtpx:TrackPointExtension>
          <gpxx:TrackPointExtension>
            <gpxx:Temperature>26</gpxx:Temperature>
          </gpxx:TrackPointExtension>
        </extensions>
      </trkpt>
      <trkpt lat="42.760421019047499" lon="-0.508880009874702">
        <ele>1284</ele>
        <time>2026-07-08T07:39:55Z</time>
        <extensions>
          <gpxtpx:TrackPointExtension>
            <gpxtpx:atemp>26</gpxtpx:atemp>
            <gpxtpx:hr>91</gpxtpx:hr>
            <gpxtpx:cad>0</gpxtpx:cad>
          </gpxtpx:TrackPointExtension>
          <gpxx:TrackPointExtension>
            <gpxx:Temperature>26</gpxx:Temperature>
          </gpxx:TrackPointExtension>
        </extensions>
      </trkpt>
      <trkpt lat="42.760368967428803" lon="-0.508869029581547">
        <ele>1285</ele>
        <time>2026-07-08T07:40:01Z</time>
        <extensions>
          <gpxtpx:TrackPointExtension>
            <gpxtpx:atemp>26</gpxtpx:atemp>
            <gpxtpx:hr>91</gpxtpx:hr>
            <gpxtpx:cad>53</gpxtpx:cad>
          </gpxtpx:TrackPointExtension>
          <gpxx:TrackPointExtension>
            <gpxx:Temperature>26</gpxx:Temperature>
          </gpxx:TrackPointExtension>
        </extensions>
      </trkpt>
      <trkpt lat="42.76036100462079" lon="-0.50887699238956">
        <ele>1285</ele>
        <time>2026-07-08T07:40:02Z</time>
        <extensions>
          <gpxtpx:TrackPointExtension>
            <gpxtpx:atemp>26</gpxtpx:atemp>
            <gpxtpx:hr>95</gpxtpx:hr>
            <gpxtpx:cad>53</gpxtpx:cad>
          </gpxtpx:TrackPointExtension>
          <gpxx:TrackPointExtension>
            <gpxx:Temperature>26</gpxx:Temperature>
          </gpxx:TrackPointExtension>
        </extensions>
      </trkpt>
      <trkpt lat="42.760327979922295" lon="-0.508866012096405">
        <ele>1285.5999999999999</ele>
        <time>2026-07-08T07:40:05Z</time>
        <extensions>
          <gpxtpx:TrackPointExtension>
            <gpxtpx:atemp>26</gpxtpx:atemp>
            <gpxtpx:hr>98</gpxtpx:hr>
            <gpxtpx:cad>0</gpxtpx:cad>
          </gpxtpx:TrackPointExtension>
          <gpxx:TrackPointExtension>
            <gpxx:Temperature>26</gpxx:Temperature>
          </gpxx:TrackPointExtension>
        </extensions>
      </trkpt>
      <trkpt lat="42.76029403321445" lon="-0.508830975741148">
        <ele>1286.2</ele>
        <time>2026-07-08T07:40:09Z</time>
        <extensions>
          <gpxtpx:TrackPointExtension>
            <gpxtpx:atemp>26</gpxtpx:atemp>
            <gpxtpx:hr>97</gpxtpx:hr>
            <gpxtpx:cad>53</gpxtpx:cad>
          </gpxtpx:TrackPointExtension>
          <gpxx:TrackPointExtension>
            <gpxx:Temperature>26</gpxx:Temperature>
          </gpxx:TrackPointExtension>
        </extensions>
      </trkpt>
      <trkpt lat="42.760247010737658" lon="-0.508822007104754">
        <ele>1286.5999999999999</ele>
        <time>2026-07-08T07:40:12Z</time>
        <extensions>
          <gpxtpx:TrackPointExtension>
            <gpxtpx:atemp>26</gpxtpx:atemp>
            <gpxtpx:hr>98</gpxtpx:hr>
            <gpxtpx:cad>53</gpxtpx:cad>
          </gpxtpx:TrackPointExtension>
          <gpxx:TrackPointExtension>
            <gpxx:Temperature>26</gpxx:Temperature>
          </gpxx:TrackPointExtension>
        </extensions>
      </trkpt>
      <trkpt lat="42.760204011574388" lon="-0.508824018761516">
        <ele>1287.2</ele>
        <time>2026-07-08T07:40:16Z</time>
        <extensions>
          <gpxtpx:TrackPointExtension>
            <gpxtpx:atemp>26</gpxtpx:atemp>
            <gpxtpx:hr>100</gpxtpx:hr>
            <gpxtpx:cad>53</gpxtpx:cad>
          </gpxtpx:TrackPointExtension>
          <gpxx:TrackPointExtension>
            <gpxx:Temperature>26</gpxx:Temperature>
          </gpxx:TrackPointExtension>
        </extensions>
      </trkpt>
      <trkpt lat="42.760112984105945" lon="-0.508804991841316">
        <ele>1287.8</ele>
        <time>2026-07-08T07:40:21Z</time>
        <extensions>
          <gpxtpx:TrackPointExtension>
            <gpxtpx:atemp>26</gpxtpx:atemp>
            <gpxtpx:hr>102</gpxtpx:hr>
            <gpxtpx:cad>0</gpxtpx:cad>
          </gpxtpx:TrackPointExtension>
          <gpxx:TrackPointExtension>
            <gpxx:Temperature>26</gpxx:Temperature>
          </gpxx:TrackPointExtension>
        </extensions>
      </trkpt>
      <trkpt lat="42.760071996599436" lon="-0.508807003498077">
        <ele>1288.4000000000001</ele>
        <time>2026-07-08T07:40:23Z</time>
        <extensions>
          <gpxtpx:TrackPointExtension>
            <gpxtpx:atemp>26</gpxtpx:atemp>
            <gpxtpx:hr>103</gpxtpx:hr>
            <gpxtpx:cad>0</gpxtpx:cad>
          </gpxtpx:TrackPointExtension>
          <gpxx:TrackPointExtension>
            <gpxx:Temperature>26</gpxx:Temperature>
          </gpxx:TrackPointExtension>
        </extensions>
      </trkpt>
      <trkpt lat="42.760011982172728" lon="-0.508787976577878">
        <ele>1289.4000000000001</ele>
        <time>2026-07-08T07:40:28Z</time>
        <extensions>
          <gpxtpx:TrackPointExtension>
            <gpxtpx:atemp>26</gpxtpx:atemp>
            <gpxtpx:hr>105</gpxtpx:hr>
            <gpxtpx:cad>55</gpxtpx:cad>
          </gpxtpx:TrackPointExtension>
          <gpxx:TrackPointExtension>
            <gpxx:Temperature>26</gpxx:Temperature>
          </gpxx:TrackPointExtension>
        </extensions>
      </trkpt>
      <trkpt lat="42.759996978566051" lon="-0.508782025426626">
        <ele>1289.5999999999999</ele>
        <time>2026-07-08T07:40:29Z</time>
        <extensions>
          <gpxtpx:TrackPointExtension>
            <gpxtpx:atemp>26</gpxtpx:atemp>
            <gpxtpx:hr>106</gpxtpx:hr>
            <gpxtpx:cad>55</gpxtpx:cad>
          </gpxtpx:TrackPointExtension>
          <gpxx:TrackPointExtension>
            <gpxx:Temperature>26</gpxx:Temperature>
          </gpxx:TrackPointExtension>
        </extensions>
      </trkpt>
      <trkpt lat="42.759903017431498" lon="-0.508739026263356">
        <ele>1290.5999999999999</ele>
        <time>2026-07-08T07:40:34Z</time>
        <extensions>
          <gpxtpx:TrackPointExtension>
            <gpxtpx:atemp>26</gpxtpx:atemp>
            <gpxtpx:hr>107</gpxtpx:hr>
            <gpxtpx:cad>0</gpxtpx:cad>
          </gpxtpx:TrackPointExtension>
          <gpxx:TrackPointExtension>
            <gpxx:Temperature>26</gpxx:Temperature>
          </gpxx:TrackPointExtension>
        </extensions>
      </trkpt>
      <trkpt lat="42.759922966361046" lon="-0.50866300240159">
        <ele>1291.8</ele>
        <time>2026-07-08T07:40:38Z</time>
        <extensions>
          <gpxtpx:TrackPointExtension>
            <gpxtpx:atemp>26</gpxtpx:atemp>
            <gpxtpx:hr>109</gpxtpx:hr>
            <gpxtpx:cad>0</gpxtpx:cad>
          </gpxtpx:TrackPointExtension>
          <gpxx:TrackPointExtension>
            <gpxx:Temperature>26</gpxx:Temperature>
          </gpxx:TrackPointExtension>
        </extensions>
      </trkpt>
      <trkpt lat="42.759929001331329" lon="-0.508652022108436">
        <ele>1292</ele>
        <time>2026-07-08T07:40:39Z</time>
        <extensions>
          <gpxtpx:TrackPointExtension>
            <gpxtpx:atemp>26</gpxtpx:atemp>
            <gpxtpx:hr>109</gpxtpx:hr>
            <gpxtpx:cad>0</gpxtpx:cad>
          </gpxtpx:TrackPointExtension>
          <gpxx:TrackPointExtension>
            <gpxx:Temperature>26</gpxx:Temperature>
          </gpxx:TrackPointExtension>
        </extensions>
      </trkpt>
      <trkpt lat="42.759946016594768" lon="-0.508583961054683">
        <ele>1292.8</ele>
        <time>2026-07-08T07:40:43Z</time>
        <extensions>
          <gpxtpx:TrackPointExtension>
            <gpxtpx:atemp>26</gpxtpx:atemp>
            <gpxtpx:hr>110</gpxtpx:hr>
            <gpxtpx:cad>0</gpxtpx:cad>
          </gpxtpx:TrackPointExtension>
          <gpxx:TrackPointExtension>
            <gpxx:Temperature>26</gpxx:Temperature>
          </gpxx:TrackPointExtension>
        </extensions>
      </trkpt>
      <trkpt lat="42.759958002716303" lon="-0.508570969104767">
        <ele>1293</ele>
        <time>2026-07-08T07:40:44Z</time>
        <extensions>
          <gpxtpx:TrackPointExtension>
            <gpxtpx:atemp>26</gpxtpx:atemp>
            <gpxtpx:hr>111</gpxtpx:hr>
            <gpxtpx:cad>0</gpxtpx:cad>
          </gpxtpx:TrackPointExtension>
          <gpxx:TrackPointExtension>
            <gpxx:Temperature>26</gpxx:Temperature>
          </gpxx:TrackPointExtension>
        </extensions>
      </trkpt>
      <trkpt lat="42.760002007707953" lon="-0.508554959669709">
        <ele>1293.4000000000001</ele>
        <time>2026-07-08T07:40:46Z</time>
        <extensions>
          <gpxtpx:TrackPointExtension>
            <gpxtpx:atemp>26</gpxtpx:atemp>
            <gpxtpx:hr>112</gpxtpx:hr>
            <gpxtpx:cad>0</gpxtpx:cad>
          </gpxtpx:TrackPointExtension>
          <gpxx:TrackPointExtension>
            <gpxx:Temperature>26</gpxx:Temperature>
          </gpxx:TrackPointExtension>
        </extensions>
      </trkpt>
      <trkpt lat="42.760014999657869" lon="-0.508550014346838">
        <ele>1294</ele>
        <time>2026-07-08T07:40:48Z</time>
        <extensions>
          <gpxtpx:TrackPointExtension>
            <gpxtpx:atemp>26</gpxtpx:atemp>
            <gpxtpx:hr>112</gpxtpx:hr>
            <gpxtpx:cad>65</gpxtpx:cad>
          </gpxtpx:TrackPointExtension>
          <gpxx:TrackPointExtension>
            <gpxx:Temperature>26</gpxx:Temperature>
          </gpxx:TrackPointExtension>
        </extensions>
      </trkpt>
      <trkpt lat="42.76001600548625" lon="-0.508550014346838">
        <ele>1294.5999999999999</ele>
        <time>2026-07-08T07:40:49Z</time>
        <extensions>
          <gpxtpx:TrackPointExtension>
            <gpxtpx:atemp>26</gpxtpx:atemp>
            <gpxtpx:hr>113</gpxtpx:hr>
            <gpxtpx:cad>65</gpxtpx:cad>
          </gpxtpx:TrackPointExtension>
          <gpxx:TrackPointExtension>
            <gpxx:Temperature>26</gpxx:Temperature>
          </gpxx:TrackPointExtension>
        </extensions>
      </trkpt>
      <trkpt lat="42.760032014921308" lon="-0.50855403766036">
        <ele>1295.2</ele>
        <time>2026-07-08T07:40:51Z</time>
        <extensions>
          <gpxtpx:TrackPointExtension>
            <gpxtpx:atemp>26</gpxtpx:atemp>
            <gpxtpx:hr>113</gpxtpx:hr>
            <gpxtpx:cad>64</gpxtpx:cad>
          </gpxtpx:TrackPointExtension>
          <gpxx:TrackPointExtension>
            <gpxx:Temperature>26</gpxx:Temperature>
          </gpxx:TrackPointExtension>
        </extensions>
      </trkpt>
      <trkpt lat="42.760055987164378" lon="-0.508535010740161">
        <ele>1295.8</ele>
        <time>2026-07-08T07:40:55Z</time>
        <extensions>
          <gpxtpx:TrackPointExtension>
            <gpxtpx:atemp>26</gpxtpx:atemp>
            <gpxtpx:hr>114</gpxtpx:hr>
            <gpxtpx:cad>120</gpxtpx:cad>
          </gpxtpx:TrackPointExtension>
          <gpxx:TrackPointExtension>
            <gpxx:Temperature>26</gpxx:Temperature>
          </gpxx:TrackPointExtension>
        </extensions>
      </trkpt>
      <trkpt lat="42.760068979114294" lon="-0.508524030447006">
        <ele>1296</ele>
        <time>2026-07-08T07:40:57Z</time>
        <extensions>
          <gpxtpx:TrackPointExtension>
            <gpxtpx:atemp>26</gpxtpx:atemp>
            <gpxtpx:hr>113</gpxtpx:hr>
            <gpxtpx:cad>0</gpxtpx:cad>
          </gpxtpx:TrackPointExtension>
          <gpxx:TrackPointExtension>
            <gpxx:Temperature>26</gpxx:Temperature>
          </gpxx:TrackPointExtension>
        </extensions>
      </trkpt>
      <trkpt lat="42.760078031569719" lon="-0.508523024618626">
        <ele>1296.4000000000001</ele>
        <time>2026-07-08T07:40:58Z</time>
        <extensions>
          <gpxtpx:TrackPointExtension>
            <gpxtpx:atemp>26</gpxtpx:atemp>
            <gpxtpx:hr>113</gpxtpx:hr>
            <gpxtpx:cad>0</gpxtpx:cad>
          </gpxtpx:TrackPointExtension>
          <gpxx:TrackPointExtension>
            <gpxx:Temperature>26</gpxx:Temperature>
          </gpxx:TrackPointExtension>
        </extensions>
      </trkpt>
      <trkpt lat="42.760163024067879" lon="-0.508567029610276">
        <ele>1297.2</ele>
        <time>2026-07-08T07:41:02Z</time>
        <extensions>
          <gpxtpx:TrackPointExtension>
            <gpxtpx:atemp>26</gpxtpx:atemp>
            <gpxtpx:hr>115</gpxtpx:hr>
            <gpxtpx:cad>69</gpxtpx:cad>
          </gpxtpx:TrackPointExtension>
          <gpxx:TrackPointExtension>
            <gpxx:Temperature>26</gpxx:Temperature>
          </gpxx:TrackPointExtension>
        </extensions>
      </trkpt>
      <trkpt lat="42.760190013796091" lon="-0.508578009903431">
        <ele>1297.5999999999999</ele>
        <time>2026-07-08T07:41:03Z</time>
        <extensions>
          <gpxtpx:TrackPointExtension>
            <gpxtpx:atemp>26</gpxtpx:atemp>
            <gpxtpx:hr>115</gpxtpx:hr>
            <gpxtpx:cad>69</gpxtpx:cad>
          </gpxtpx:TrackPointExtension>
          <gpxx:TrackPointExtension>
            <gpxx:Temperature>26</gpxx:Temperature>
          </gpxx:TrackPointExtension>
        </extensions>
      </trkpt>
      <trkpt lat="42.76023200713098" lon="-0.50857700407505">
        <ele>1298</ele>
        <time>2026-07-08T07:41:06Z</time>
        <extensions>
          <gpxtpx:TrackPointExtension>
            <gpxtpx:atemp>26</gpxtpx:atemp>
            <gpxtpx:hr>117</gpxtpx:hr>
            <gpxtpx:cad>67</gpxtpx:cad>
          </gpxtpx:TrackPointExtension>
          <gpxx:TrackPointExtension>
            <gpxx:Temperature>26</gpxx:Temperature>
          </gpxx:TrackPointExtension>
        </extensions>
      </trkpt>
      <trkpt lat="42.760313982143998" lon="-0.508567029610276">
        <ele>1298.5999999999999</ele>
        <time>2026-07-08T07:41:10Z</time>
        <extensions>
          <gpxtpx:TrackPointExtension>
            <gpxtpx:atemp>26</gpxtpx:atemp>
            <gpxtpx:hr>114</gpxtpx:hr>
            <gpxtpx:cad>0</gpxtpx:cad>
          </gpxtpx:TrackPointExtension>
          <gpxx:TrackPointExtension>
            <gpxx:Temperature>26</gpxx:Temperature>
          </gpxx:TrackPointExtension>
        </extensions>
      </trkpt>
      <trkpt lat="42.760334014892578" lon="-0.508572980761528">
        <ele>1298.8</ele>
        <time>2026-07-08T07:41:11Z</time>
        <extensions>
          <gpxtpx:TrackPointExtension>
            <gpxtpx:atemp>26</gpxtpx:atemp>
            <gpxtpx:hr>115</gpxtpx:hr>
            <gpxtpx:cad>0</gpxtpx:cad>
          </gpxtpx:TrackPointExtension>
          <gpxx:TrackPointExtension>
            <gpxx:Temperature>26</gpxx:Temperature>
          </gpxx:TrackPointExtension>
        </extensions>
      </trkpt>
      <trkpt lat="42.760347006842494" lon="-0.508574992418289">
        <ele>1299</ele>
        <time>2026-07-08T07:41:12Z</time>
        <extensions>
          <gpxtpx:TrackPointExtension>
            <gpxtpx:atemp>26</gpxtpx:atemp>
            <gpxtpx:hr>115</gpxtpx:hr>
            <gpxtpx:cad>0</gpxtpx:cad>
          </gpxtpx:TrackPointExtension>
          <gpxx:TrackPointExtension>
            <gpxx:Temperature>26</gpxx:Temperature>
          </gpxx:TrackPointExtension>
        </extensions>
      </trkpt>
      <trkpt lat="42.760365027934313" lon="-0.508568035438657">
        <ele>1299</ele>
        <time>2026-07-08T07:41:13Z</time>
        <extensions>
          <gpxtpx:TrackPointExtension>
            <gpxtpx:atemp>26</gpxtpx:atemp>
            <gpxtpx:hr>117</gpxtpx:hr>
            <gpxtpx:cad>0</gpxtpx:cad>
          </gpxtpx:TrackPointExtension>
          <gpxx:TrackPointExtension>
            <gpxx:Temperature>26</gpxx:Temperature>
          </gpxx:TrackPointExtension>
        </extensions>
      </trkpt>
      <trkpt lat="42.760412972420454" lon="-0.508541967719793">
        <ele>1299</ele>
        <time>2026-07-08T07:41:16Z</time>
        <extensions>
          <gpxtpx:TrackPointExtension>
            <gpxtpx:atemp>26</gpxtpx:atemp>
            <gpxtpx:hr>114</gpxtpx:hr>
            <gpxtpx:cad>53</gpxtpx:cad>
          </gpxtpx:TrackPointExtension>
          <gpxx:TrackPointExtension>
            <gpxx:Temperature>26</gpxx:Temperature>
          </gpxx:TrackPointExtension>
        </extensions>
      </trkpt>
      <trkpt lat="42.76042697019875" lon="-0.508542973548174">
        <ele>1299</ele>
        <time>2026-07-08T07:41:17Z</time>
        <extensions>
          <gpxtpx:TrackPointExtension>
            <gpxtpx:atemp>26</gpxtpx:atemp>
            <gpxtpx:hr>115</gpxtpx:hr>
            <gpxtpx:cad>53</gpxtpx:cad>
          </gpxtpx:TrackPointExtension>
          <gpxx:TrackPointExtension>
            <gpxx:Temperature>26</gpxx:Temperature>
          </gpxx:TrackPointExtension>
        </extensions>
      </trkpt>
      <trkpt lat="42.760481033474207" lon="-0.508539034053683">
        <ele>1300</ele>
        <time>2026-07-08T07:41:20Z</time>
        <extensions>
          <gpxtpx:TrackPointExtension>
            <gpxtpx:atemp>26</gpxtpx:atemp>
            <gpxtpx:hr>115</gpxtpx:hr>
            <gpxtpx:cad>0</gpxtpx:cad>
          </gpxtpx:TrackPointExtension>
          <gpxx:TrackPointExtension>
            <gpxx:Temperature>26</gpxx:Temperature>
          </gpxx:TrackPointExtension>
        </extensions>
      </trkpt>
      <trkpt lat="42.76051196269691" lon="-0.508543979376554">
        <ele>1300.5999999999999</ele>
        <time>2026-07-08T07:41:22Z</time>
        <extensions>
          <gpxtpx:TrackPointExtension>
            <gpxtpx:atemp>26</gpxtpx:atemp>
            <gpxtpx:hr>115</gpxtpx:hr>
            <gpxtpx:cad>69</gpxtpx:cad>
          </gpxtpx:TrackPointExtension>
          <gpxx:TrackPointExtension>
            <gpxx:Temperature>26</gpxx:Temperature>
          </gpxx:TrackPointExtension>
        </extensions>
      </trkpt>
      <trkpt lat="42.760526966303587" lon="-0.508535010740161">
        <ele>1300.8</ele>
        <time>2026-07-08T07:41:23Z</time>
        <extensions>
          <gpxtpx:TrackPointExtension>
            <gpxtpx:atemp>26</gpxtpx:atemp>
            <gpxtpx:hr>112</gpxtpx:hr>
            <gpxtpx:cad>69</gpxtpx:cad>
          </gpxtpx:TrackPointExtension>
          <gpxx:TrackPointExtension>
            <gpxx:Temperature>26</gpxx:Temperature>
          </gpxx:TrackPointExtension>
        </extensions>
      </trkpt>
      <trkpt lat="42.760551022365689" lon="-0.508522018790245">
        <ele>1301.2</ele>
        <time>2026-07-08T07:41:25Z</time>
        <extensions>
          <gpxtpx:TrackPointExtension>
            <gpxtpx:atemp>26</gpxtpx:atemp>
            <gpxtpx:hr>113</gpxtpx:hr>
            <gpxtpx:cad>69</gpxtpx:cad>
          </gpxtpx:TrackPointExtension>
          <gpxx:TrackPointExtension>
            <gpxx:Temperature>26</gpxx:Temperature>
          </gpxx:TrackPointExtension>
        </extensions>
      </trkpt>
      <trkpt lat="42.760587986558676" lon="-0.508497040718794">
        <ele>1301.8</ele>
        <time>2026-07-08T07:41:28Z</time>
        <extensions>
          <gpxtpx:TrackPointExtension>
            <gpxtpx:atemp>26</gpxtpx:atemp>
            <gpxtpx:hr>112</gpxtpx:hr>
            <gpxtpx:cad>62</gpxtpx:cad>
          </gpxtpx:TrackPointExtension>
          <gpxx:TrackPointExtension>
            <gpxx:Temperature>26</gpxx:Temperature>
          </gpxx:TrackPointExtension>
        </extensions>
      </trkpt>
      <trkpt lat="42.760620005428791" lon="-0.508484970778227">
        <ele>1302.2</ele>
        <time>2026-07-08T07:41:31Z</time>
        <extensions>
          <gpxtpx:TrackPointExtension>
            <gpxtpx:atemp>26</gpxtpx:atemp>
            <gpxtpx:hr>113</gpxtpx:hr>
            <gpxtpx:cad>0</gpxtpx:cad>
          </gpxtpx:TrackPointExtension>
          <gpxx:TrackPointExtension>
            <gpxx:Temperature>26</gpxx:Temperature>
          </gpxx:TrackPointExtension>
        </extensions>
      </trkpt>
      <trkpt lat="42.760664010420442" lon="-0.50844700075686">
        <ele>1302.8</ele>
        <time>2026-07-08T07:41:34Z</time>
        <extensions>
          <gpxtpx:TrackPointExtension>
            <gpxtpx:atemp>26</gpxtpx:atemp>
            <gpxtpx:hr>114</gpxtpx:hr>
            <gpxtpx:cad>0</gpxtpx:cad>
          </gpxtpx:TrackPointExtension>
          <gpxx:TrackPointExtension>
            <gpxx:Temperature>26</gpxx:Temperature>
          </gpxx:TrackPointExtension>
        </extensions>
      </trkpt>
      <trkpt lat="42.760702986270189" lon="-0.508422022685409">
        <ele>1303.4000000000001</ele>
        <time>2026-07-08T07:41:38Z</time>
        <extensions>
          <gpxtpx:TrackPointExtension>
            <gpxtpx:atemp>26</gpxtpx:atemp>
            <gpxtpx:hr>114</gpxtpx:hr>
            <gpxtpx:cad>55</gpxtpx:cad>
          </gpxtpx:TrackPointExtension>
          <gpxx:TrackPointExtension>
            <gpxx:Temperature>26</gpxx:Temperature>
          </gpxx:TrackPointExtension>
        </extensions>
      </trkpt>
      <trkpt lat="42.760744979605079" lon="-0.508359996601939">
        <ele>1303.8</ele>
        <time>2026-07-08T07:41:41Z</time>
        <extensions>
          <gpxtpx:TrackPointExtension>
            <gpxtpx:atemp>26</gpxtpx:atemp>
            <gpxtpx:hr>113</gpxtpx:hr>
            <gpxtpx:cad>55</gpxtpx:cad>
          </gpxtpx:TrackPointExtension>
          <gpxx:TrackPointExtension>
            <gpxx:Temperature>26</gpxx:Temperature>
          </gpxx:TrackPointExtension>
        </extensions>
      </trkpt>
      <trkpt lat="42.760838018730283" lon="-0.508323032408953">
        <ele>1304.4000000000001</ele>
        <time>2026-07-08T07:41:45Z</time>
        <extensions>
          <gpxtpx:TrackPointExtension>
            <gpxtpx:atemp>26</gpxtpx:atemp>
            <gpxtpx:hr>112</gpxtpx:hr>
            <gpxtpx:cad>0</gpxtpx:cad>
          </gpxtpx:TrackPointExtension>
          <gpxx:TrackPointExtension>
            <gpxx:Temperature>26</gpxx:Temperature>
          </gpxx:TrackPointExtension>
        </extensions>
      </trkpt>
      <trkpt lat="42.760843969881535" lon="-0.508310962468386">
        <ele>1304.5999999999999</ele>
        <time>2026-07-08T07:41:46Z</time>
        <extensions>
          <gpxtpx:TrackPointExtension>
            <gpxtpx:atemp>26</gpxtpx:atemp>
            <gpxtpx:hr>112</gpxtpx:hr>
            <gpxtpx:cad>0</gpxtpx:cad>
          </gpxtpx:TrackPointExtension>
          <gpxx:TrackPointExtension>
            <gpxx:Temperature>26</gpxx:Temperature>
          </gpxx:TrackPointExtension>
        </extensions>
      </trkpt>
      <trkpt lat="42.760861990973353" lon="-0.508304005488753">
        <ele>1305</ele>
        <time>2026-07-08T07:41:48Z</time>
        <extensions>
          <gpxtpx:TrackPointExtension>
            <gpxtpx:atemp>26</gpxtpx:atemp>
            <gpxtpx:hr>112</gpxtpx:hr>
            <gpxtpx:cad>0</gpxtpx:cad>
          </gpxtpx:TrackPointExtension>
          <gpxx:TrackPointExtension>
            <gpxx:Temperature>26</gpxx:Temperature>
          </gpxx:TrackPointExtension>
        </extensions>
      </trkpt>
      <trkpt lat="42.760902978479862" lon="-0.508279027417302">
        <ele>1305.5999999999999</ele>
        <time>2026-07-08T07:41:51Z</time>
        <extensions>
          <gpxtpx:TrackPointExtension>
            <gpxtpx:atemp>26</gpxtpx:atemp>
            <gpxtpx:hr>111</gpxtpx:hr>
            <gpxtpx:cad>0</gpxtpx:cad>
          </gpxtpx:TrackPointExtension>
          <gpxx:TrackPointExtension>
            <gpxx:Temperature>26</gpxx:Temperature>
          </gpxx:TrackPointExtension>
        </extensions>
      </trkpt>
      <trkpt lat="42.760943965986371" lon="-0.508240973576903">
        <ele>1306.4000000000001</ele>
        <time>2026-07-08T07:41:56Z</time>
        <extensions>
          <gpxtpx:TrackPointExtension>
            <gpxtpx:atemp>26</gpxtpx:atemp>
            <gpxtpx:hr>111</gpxtpx:hr>
            <gpxtpx:cad>0</gpxtpx:cad>
          </gpxtpx:TrackPointExtension>
          <gpxx:TrackPointExtension>
            <gpxx:Temperature>26</gpxx:Temperature>
          </gpxx:TrackPointExtension>
        </extensions>
      </trkpt>
      <trkpt lat="42.76096198707819" lon="-0.508235022425652">
        <ele>1306.5999999999999</ele>
        <time>2026-07-08T07:41:58Z</time>
        <extensions>
          <gpxtpx:TrackPointExtension>
            <gpxtpx:atemp>26</gpxtpx:atemp>
            <gpxtpx:hr>111</gpxtpx:hr>
            <gpxtpx:cad>0</gpxtpx:cad>
          </gpxtpx:TrackPointExtension>
          <gpxx:TrackPointExtension>
            <gpxx:Temperature>26</gpxx:Temperature>
          </gpxx:TrackPointExtension>
        </extensions>
      </trkpt>
      <trkpt lat="42.761077992618084" lon="-0.508183976635337">
        <ele>1307.5999999999999</ele>
        <time>2026-07-08T07:42:04Z</time>
        <extensions>
          <gpxtpx:TrackPointExtension>
            <gpxtpx:atemp>26</gpxtpx:atemp>
            <gpxtpx:hr>112</gpxtpx:hr>
            <gpxtpx:cad>0</gpxtpx:cad>
          </gpxtpx:TrackPointExtension>
          <gpxx:TrackPointExtension>
            <gpxx:Temperature>26</gpxx:Temperature>
          </gpxx:TrackPointExtension>
        </extensions>
      </trkpt>
      <trkpt lat="42.761095007881522" lon="-0.508178025484085">
        <ele>1307.8</ele>
        <time>2026-07-08T07:42:05Z</time>
        <extensions>
          <gpxtpx:TrackPointExtension>
            <gpxtpx:atemp>26</gpxtpx:atemp>
            <gpxtpx:hr>112</gpxtpx:hr>
            <gpxtpx:cad>0</gpxtpx:cad>
          </gpxtpx:TrackPointExtension>
          <gpxx:TrackPointExtension>
            <gpxx:Temperature>26</gpxx:Temperature>
          </gpxx:TrackPointExtension>
        </extensions>
      </trkpt>
      <trkpt lat="42.761191986501217" lon="-0.508155981078744">
        <ele>1309</ele>
        <time>2026-07-08T07:42:13Z</time>
        <extensions>
          <gpxtpx:TrackPointExtension>
            <gpxtpx:atemp>26</gpxtpx:atemp>
            <gpxtpx:hr>112</gpxtpx:hr>
            <gpxtpx:cad>0</gpxtpx:cad>
          </gpxtpx:TrackPointExtension>
          <gpxx:TrackPointExtension>
            <gpxx:Temperature>26</gpxx:Temperature>
          </gpxx:TrackPointExtension>
        </extensions>
      </trkpt>
      <trkpt lat="42.761315032839775" lon="-0.508137959986925">
        <ele>1310</ele>
        <time>2026-07-08T07:42:20Z</time>
        <extensions>
          <gpxtpx:TrackPointExtension>
            <gpxtpx:atemp>26</gpxtpx:atemp>
            <gpxtpx:hr>113</gpxtpx:hr>
            <gpxtpx:cad>53</gpxtpx:cad>
          </gpxtpx:TrackPointExtension>
          <gpxx:TrackPointExtension>
            <gpxx:Temperature>26</gpxx:Temperature>
          </gpxx:TrackPointExtension>
        </extensions>
      </trkpt>
      <trkpt lat="42.761334981769323" lon="-0.508138965815306">
        <ele>1310.2</ele>
        <time>2026-07-08T07:42:22Z</time>
        <extensions>
          <gpxtpx:TrackPointExtension>
            <gpxtpx:atemp>26</gpxtpx:atemp>
            <gpxtpx:hr>113</gpxtpx:hr>
            <gpxtpx:cad>0</gpxtpx:cad>
          </gpxtpx:TrackPointExtension>
          <gpxx:TrackPointExtension>
            <gpxx:Temperature>26</gpxx:Temperature>
          </gpxx:TrackPointExtension>
        </extensions>
      </trkpt>
      <trkpt lat="42.761406982317567" lon="-0.508138965815306">
        <ele>1311</ele>
        <time>2026-07-08T07:42:28Z</time>
        <extensions>
          <gpxtpx:TrackPointExtension>
            <gpxtpx:atemp>26</gpxtpx:atemp>
            <gpxtpx:hr>111</gpxtpx:hr>
            <gpxtpx:cad>56</gpxtpx:cad>
          </gpxtpx:TrackPointExtension>
          <gpxx:TrackPointExtension>
            <gpxx:Temperature>26</gpxx:Temperature>
          </gpxx:TrackPointExtension>
        </extensions>
      </trkpt>
      <trkpt lat="42.761551989242435" lon="-0.508132008835673">
        <ele>1312</ele>
        <time>2026-07-08T07:42:37Z</time>
        <extensions>
          <gpxtpx:TrackPointExtension>
            <gpxtpx:atemp>26</gpxtpx:atemp>
            <gpxtpx:hr>113</gpxtpx:hr>
            <gpxtpx:cad>56</gpxtpx:cad>
          </gpxtpx:TrackPointExtension>
          <gpxx:TrackPointExtension>
            <gpxx:Temperature>26</gpxx:Temperature>
          </gpxx:TrackPointExtension>
        </extensions>
      </trkpt>
      <trkpt lat="42.761560035869479" lon="-0.508132008835673">
        <ele>1312</ele>
        <time>2026-07-08T07:42:38Z</time>
        <extensions>
          <gpxtpx:TrackPointExtension>
            <gpxtpx:atemp>26</gpxtpx:atemp>
            <gpxtpx:hr>113</gpxtpx:hr>
            <gpxtpx:cad>56</gpxtpx:cad>
          </gpxtpx:TrackPointExtension>
          <gpxx:TrackPointExtension>
            <gpxx:Temperature>26</gpxx:Temperature>
          </gpxx:TrackPointExtension>
        </extensions>
      </trkpt>
      <trkpt lat="42.761609992012382" lon="-0.508107030764222">
        <ele>1312.4000000000001</ele>
        <time>2026-07-08T07:42:42Z</time>
        <extensions>
          <gpxtpx:TrackPointExtension>
            <gpxtpx:atemp>26</gpxtpx:atemp>
            <gpxtpx:hr>110</gpxtpx:hr>
            <gpxtpx:cad>56</gpxtpx:cad>
          </gpxtpx:TrackPointExtension>
          <gpxx:TrackPointExtension>
            <gpxx:Temperature>26</gpxx:Temperature>
          </gpxx:TrackPointExtension>
        </extensions>
      </trkpt>
      <trkpt lat="42.761666988953948" lon="-0.508084986358881">
        <ele>1312.8</ele>
        <time>2026-07-08T07:42:47Z</time>
        <extensions>
          <gpxtpx:TrackPointExtension>
            <gpxtpx:atemp>26</gpxtpx:atemp>
            <gpxtpx:hr>110</gpxtpx:hr>
            <gpxtpx:cad>0</gpxtpx:cad>
          </gpxtpx:TrackPointExtension>
          <gpxx:TrackPointExtension>
            <gpxx:Temperature>26</gpxx:Temperature>
          </gpxx:TrackPointExtension>
        </extensions>
      </trkpt>
      <trkpt lat="42.761704036965966" lon="-0.508054979145527">
        <ele>1313</ele>
        <time>2026-07-08T07:42:50Z</time>
        <extensions>
          <gpxtpx:TrackPointExtension>
            <gpxtpx:atemp>26</gpxtpx:atemp>
            <gpxtpx:hr>109</gpxtpx:hr>
            <gpxtpx:cad>0</gpxtpx:cad>
          </gpxtpx:TrackPointExtension>
          <gpxx:TrackPointExtension>
            <gpxx:Temperature>26</gpxx:Temperature>
          </gpxx:TrackPointExtension>
        </extensions>
      </trkpt>
      <trkpt lat="42.761761033907533" lon="-0.508008962497115">
        <ele>1313.4000000000001</ele>
        <time>2026-07-08T07:42:54Z</time>
        <extensions>
          <gpxtpx:TrackPointExtension>
            <gpxtpx:atemp>26</gpxtpx:atemp>
            <gpxtpx:hr>109</gpxtpx:hr>
            <gpxtpx:cad>53</gpxtpx:cad>
          </gpxtpx:TrackPointExtension>
          <gpxx:TrackPointExtension>
            <gpxx:Temperature>26</gpxx:Temperature>
          </gpxx:TrackPointExtension>
        </extensions>
      </trkpt>
      <trkpt lat="42.761781988665462" lon="-0.507994964718819">
        <ele>1313.5999999999999</ele>
        <time>2026-07-08T07:42:56Z</time>
        <extensions>
          <gpxtpx:TrackPointExtension>
            <gpxtpx:atemp>26</gpxtpx:atemp>
            <gpxtpx:hr>109</gpxtpx:hr>
            <gpxtpx:cad>45</gpxtpx:cad>
          </gpxtpx:TrackPointExtension>
          <gpxx:TrackPointExtension>
            <gpxx:Temperature>26</gpxx:Temperature>
          </gpxx:TrackPointExtension>
        </extensions>
      </trkpt>
      <trkpt lat="42.761837979778647" lon="-0.507950959727168">
        <ele>1314</ele>
        <time>2026-07-08T07:43:00Z</time>
        <extensions>
          <gpxtpx:TrackPointExtension>
            <gpxtpx:atemp>26</gpxtpx:atemp>
            <gpxtpx:hr>108</gpxtpx:hr>
            <gpxtpx:cad>0</gpxtpx:cad>
          </gpxtpx:TrackPointExtension>
          <gpxx:TrackPointExtension>
            <gpxx:Temperature>26</gpxx:Temperature>
          </gpxx:TrackPointExtension>
        </extensions>
      </trkpt>
      <trkpt lat="42.761857006698847" lon="-0.507941991090775">
        <ele>1314.2</ele>
        <time>2026-07-08T07:43:01Z</time>
        <extensions>
          <gpxtpx:TrackPointExtension>
            <gpxtpx:atemp>26</gpxtpx:atemp>
            <gpxtpx:hr>108</gpxtpx:hr>
            <gpxtpx:cad>0</gpxtpx:cad>
          </gpxtpx:TrackPointExtension>
          <gpxx:TrackPointExtension>
            <gpxx:Temperature>26</gpxx:Temperature>
          </gpxx:TrackPointExtension>
        </extensions>
      </trkpt>
      <trkpt lat="42.761947028338909" lon="-0.507907960563898">
        <ele>1315.2</ele>
        <time>2026-07-08T07:43:08Z</time>
        <extensions>
          <gpxtpx:TrackPointExtension>
            <gpxtpx:atemp>26</gpxtpx:atemp>
            <gpxtpx:hr>107</gpxtpx:hr>
            <gpxtpx:cad>55</gpxtpx:cad>
          </gpxtpx:TrackPointExtension>
          <gpxx:TrackPointExtension>
            <gpxx:Temperature>26</gpxx:Temperature>
          </gpxx:TrackPointExtension>
        </extensions>
      </trkpt>
      <trkpt lat="42.761959014460444" lon="-0.507904021069407">
        <ele>1315.2</ele>
        <time>2026-07-08T07:43:09Z</time>
        <extensions>
          <gpxtpx:TrackPointExtension>
            <gpxtpx:atemp>26</gpxtpx:atemp>
            <gpxtpx:hr>107</gpxtpx:hr>
            <gpxtpx:cad>55</gpxtpx:cad>
          </gpxtpx:TrackPointExtension>
          <gpxx:TrackPointExtension>
            <gpxx:Temperature>26</gpxx:Temperature>
          </gpxx:TrackPointExtension>
        </extensions>
      </trkpt>
      <trkpt lat="42.762063033878803" lon="-0.507872002199292">
        <ele>1316.4000000000001</ele>
        <time>2026-07-08T07:43:18Z</time>
        <extensions>
          <gpxtpx:TrackPointExtension>
            <gpxtpx:atemp>26</gpxtpx:atemp>
            <gpxtpx:hr>108</gpxtpx:hr>
            <gpxtpx:cad>53</gpxtpx:cad>
          </gpxtpx:TrackPointExtension>
          <gpxx:TrackPointExtension>
            <gpxx:Temperature>26</gpxx:Temperature>
          </gpxx:TrackPointExtension>
        </extensions>
      </trkpt>
      <trkpt lat="42.762078959494829" lon="-0.507849035784602">
        <ele>1316.4000000000001</ele>
        <time>2026-07-08T07:43:24Z</time>
        <extensions>
          <gpxtpx:TrackPointExtension>
            <gpxtpx:atemp>26</gpxtpx:atemp>
            <gpxtpx:hr>108</gpxtpx:hr>
            <gpxtpx:cad>0</gpxtpx:cad>
          </gpxtpx:TrackPointExtension>
          <gpxx:TrackPointExtension>
            <gpxx:Temperature>26</gpxx:Temperature>
          </gpxx:TrackPointExtension>
        </extensions>
      </trkpt>
      <trkpt lat="42.76208097115159" lon="-0.507854986935854">
        <ele>1316.2</ele>
        <time>2026-07-08T07:43:32Z</time>
        <extensions>
          <gpxtpx:TrackPointExtension>
            <gpxtpx:atemp>27</gpxtpx:atemp>
            <gpxtpx:hr>105</gpxtpx:hr>
            <gpxtpx:cad>0</gpxtpx:cad>
          </gpxtpx:TrackPointExtension>
          <gpxx:TrackPointExtension>
            <gpxx:Temperature>27</gpxx:Temperature>
          </gpxx:TrackPointExtension>
        </extensions>
      </trkpt>
      <trkpt lat="42.76208097115159" lon="-0.507853981107473">
        <ele>1316.2</ele>
        <time>2026-07-08T07:43:38Z</time>
        <extensions>
          <gpxtpx:TrackPointExtension>
            <gpxtpx:atemp>27</gpxtpx:atemp>
            <gpxtpx:hr>102</gpxtpx:hr>
            <gpxtpx:cad>0</gpxtpx:cad>
          </gpxtpx:TrackPointExtension>
          <gpxx:TrackPointExtension>
            <gpxx:Temperature>27</gpxx:Temperature>
          </gpxx:TrackPointExtension>
        </extensions>
      </trkpt>
      <trkpt lat="42.76208097115159" lon="-0.507853981107473">
        <ele>1316</ele>
        <time>2026-07-08T07:43:40Z</time>
        <extensions>
          <gpxtpx:TrackPointExtension>
            <gpxtpx:atemp>27</gpxtpx:atemp>
            <gpxtpx:hr>101</gpxtpx:hr>
            <gpxtpx:cad>0</gpxtpx:cad>
          </gpxtpx:TrackPointExtension>
          <gpxx:TrackPointExtension>
            <gpxx:Temperature>27</gpxx:Temperature>
          </gpxx:TrackPointExtension>
        </extensions>
      </trkpt>
      <trkpt lat="42.76208097115159" lon="-0.507853981107473">
        <ele>1316</ele>
        <time>2026-07-08T07:43:44Z</time>
        <extensions>
          <gpxtpx:TrackPointExtension>
            <gpxtpx:atemp>27</gpxtpx:atemp>
            <gpxtpx:hr>98</gpxtpx:hr>
            <gpxtpx:cad>0</gpxtpx:cad>
          </gpxtpx:TrackPointExtension>
          <gpxx:TrackPointExtension>
            <gpxx:Temperature>27</gpxx:Temperature>
          </gpxx:TrackPointExtension>
        </extensions>
      </trkpt>
      <trkpt lat="42.762083988636732" lon="-0.507853981107473">
        <ele>1316</ele>
        <time>2026-07-08T07:43:50Z</time>
        <extensions>
          <gpxtpx:TrackPointExtension>
            <gpxtpx:atemp>27</gpxtpx:atemp>
            <gpxtpx:hr>95</gpxtpx:hr>
            <gpxtpx:cad>0</gpxtpx:cad>
          </gpxtpx:TrackPointExtension>
          <gpxx:TrackPointExtension>
            <gpxx:Temperature>27</gpxx:Temperature>
          </gpxx:TrackPointExtension>
        </extensions>
      </trkpt>
      <trkpt lat="42.762088011950254" lon="-0.507853981107473">
        <ele>1315.8</ele>
        <time>2026-07-08T07:43:59Z</time>
        <extensions>
          <gpxtpx:TrackPointExtension>
            <gpxtpx:atemp>27</gpxtpx:atemp>
            <gpxtpx:hr>92</gpxtpx:hr>
            <gpxtpx:cad>0</gpxtpx:cad>
          </gpxtpx:TrackPointExtension>
          <gpxx:TrackPointExtension>
            <gpxx:Temperature>27</gpxx:Temperature>
          </gpxx:TrackPointExtension>
        </extensions>
      </trkpt>
      <trkpt lat="42.762088011950254" lon="-0.507853981107473">
        <ele>1315.8</ele>
        <time>2026-07-08T07:44:01Z</time>
        <extensions>
          <gpxtpx:TrackPointExtension>
            <gpxtpx:atemp>27</gpxtpx:atemp>
            <gpxtpx:hr>89</gpxtpx:hr>
            <gpxtpx:cad>0</gpxtpx:cad>
          </gpxtpx:TrackPointExtension>
          <gpxx:TrackPointExtension>
            <gpxx:Temperature>27</gpxx:Temperature>
          </gpxx:TrackPointExtension>
        </extensions>
      </trkpt>
      <trkpt lat="42.762089017778635" lon="-0.507852975279093">
        <ele>1315.8</ele>
        <time>2026-07-08T07:44:03Z</time>
        <extensions>
          <gpxtpx:TrackPointExtension>
            <gpxtpx:atemp>27</gpxtpx:atemp>
            <gpxtpx:hr>86</gpxtpx:hr>
            <gpxtpx:cad>0</gpxtpx:cad>
          </gpxtpx:TrackPointExtension>
          <gpxx:TrackPointExtension>
            <gpxx:Temperature>27</gpxx:Temperature>
          </gpxx:TrackPointExtension>
        </extensions>
      </trkpt>
      <trkpt lat="42.762089017778635" lon="-0.507852975279093">
        <ele>1315.8</ele>
        <time>2026-07-08T07:44:05Z</time>
        <extensions>
          <gpxtpx:TrackPointExtension>
            <gpxtpx:atemp>27</gpxtpx:atemp>
            <gpxtpx:hr>83</gpxtpx:hr>
            <gpxtpx:cad>0</gpxtpx:cad>
          </gpxtpx:TrackPointExtension>
          <gpxx:TrackPointExtension>
            <gpxx:Temperature>27</gpxx:Temperature>
          </gpxx:TrackPointExtension>
        </extensions>
      </trkpt>
      <trkpt lat="42.762090023607016" lon="-0.507851969450712">
        <ele>1315.5999999999999</ele>
        <time>2026-07-08T07:44:09Z</time>
        <extensions>
          <gpxtpx:TrackPointExtension>
            <gpxtpx:atemp>27</gpxtpx:atemp>
            <gpxtpx:hr>80</gpxtpx:hr>
            <gpxtpx:cad>0</gpxtpx:cad>
          </gpxtpx:TrackPointExtension>
          <gpxx:TrackPointExtension>
            <gpxx:Temperature>27</gpxx:Temperature>
          </gpxx:TrackPointExtension>
        </extensions>
      </trkpt>
      <trkpt lat="42.762093041092157" lon="-0.507850041612983">
        <ele>1315.4000000000001</ele>
        <time>2026-07-08T07:44:24Z</time>
        <extensions>
          <gpxtpx:TrackPointExtension>
            <gpxtpx:atemp>27</gpxtpx:atemp>
            <gpxtpx:hr>77</gpxtpx:hr>
            <gpxtpx:cad>0</gpxtpx:cad>
          </gpxtpx:TrackPointExtension>
          <gpxx:TrackPointExtension>
            <gpxx:Temperature>27</gpxx:Temperature>
          </gpxx:TrackPointExtension>
        </extensions>
      </trkpt>
      <trkpt lat="42.762064961716533" lon="-0.507816011086106">
        <ele>1316.4000000000001</ele>
        <time>2026-07-08T07:47:29Z</time>
        <extensions>
          <gpxtpx:TrackPointExtension>
            <gpxtpx:atemp>27</gpxtpx:atemp>
            <gpxtpx:hr>73</gpxtpx:hr>
            <gpxtpx:cad>41</gpxtpx:cad>
          </gpxtpx:TrackPointExtension>
          <gpxx:TrackPointExtension>
            <gpxx:Temperature>27</gpxx:Temperature>
          </gpxx:TrackPointExtension>
        </extensions>
      </trkpt>
      <trkpt lat="42.762022968381643" lon="-0.507798995822668">
        <ele>1317.4000000000001</ele>
        <time>2026-07-08T07:47:36Z</time>
        <extensions>
          <gpxtpx:TrackPointExtension>
            <gpxtpx:atemp>27</gpxtpx:atemp>
            <gpxtpx:hr>74</gpxtpx:hr>
            <gpxtpx:cad>0</gpxtpx:cad>
          </gpxtpx:TrackPointExtension>
          <gpxx:TrackPointExtension>
            <gpxx:Temperature>27</gpxx:Temperature>
          </gpxx:TrackPointExtension>
        </extensions>
      </trkpt>
      <trkpt lat="42.762006036937237" lon="-0.507798995822668">
        <ele>1317.4000000000001</ele>
        <time>2026-07-08T07:47:38Z</time>
        <extensions>
          <gpxtpx:TrackPointExtension>
            <gpxtpx:atemp>27</gpxtpx:atemp>
            <gpxtpx:hr>75</gpxtpx:hr>
            <gpxtpx:cad>0</gpxtpx:cad>
          </gpxtpx:TrackPointExtension>
          <gpxx:TrackPointExtension>
            <gpxx:Temperature>27</gpxx:Temperature>
          </gpxx:TrackPointExtension>
        </extensions>
      </trkpt>
      <trkpt lat="42.761997990310192" lon="-0.507783992215991">
        <ele>1317.5999999999999</ele>
        <time>2026-07-08T07:47:40Z</time>
        <extensions>
          <gpxtpx:TrackPointExtension>
            <gpxtpx:atemp>27</gpxtpx:atemp>
            <gpxtpx:hr>76</gpxtpx:hr>
            <gpxtpx:cad>76</gpxtpx:cad>
          </gpxtpx:TrackPointExtension>
          <gpxx:TrackPointExtension>
            <gpxx:Temperature>27</gpxx:Temperature>
          </gpxx:TrackPointExtension>
        </extensions>
      </trkpt>
      <trkpt lat="42.761973012238741" lon="-0.507771000266075">
        <ele>1318</ele>
        <time>2026-07-08T07:47:42Z</time>
        <extensions>
          <gpxtpx:TrackPointExtension>
            <gpxtpx:atemp>27</gpxtpx:atemp>
            <gpxtpx:hr>79</gpxtpx:hr>
            <gpxtpx:cad>43</gpxtpx:cad>
          </gpxtpx:TrackPointExtension>
          <gpxx:TrackPointExtension>
            <gpxx:Temperature>27</gpxx:Temperature>
          </gpxx:TrackPointExtension>
        </extensions>
      </trkpt>
      <trkpt lat="42.761955996975303" lon="-0.507763959467411">
        <ele>1318.4000000000001</ele>
        <time>2026-07-08T07:47:44Z</time>
        <extensions>
          <gpxtpx:TrackPointExtension>
            <gpxtpx:atemp>27</gpxtpx:atemp>
            <gpxtpx:hr>82</gpxtpx:hr>
            <gpxtpx:cad>0</gpxtpx:cad>
          </gpxtpx:TrackPointExtension>
          <gpxx:TrackPointExtension>
            <gpxx:Temperature>27</gpxx:Temperature>
          </gpxx:TrackPointExtension>
        </extensions>
      </trkpt>
      <trkpt lat="42.7619509678334" lon="-0.507751973345876">
        <ele>1318.5999999999999</ele>
        <time>2026-07-08T07:47:45Z</time>
        <extensions>
          <gpxtpx:TrackPointExtension>
            <gpxtpx:atemp>27</gpxtpx:atemp>
            <gpxtpx:hr>79</gpxtpx:hr>
            <gpxtpx:cad>0</gpxtpx:cad>
          </gpxtpx:TrackPointExtension>
          <gpxx:TrackPointExtension>
            <gpxx:Temperature>27</gpxx:Temperature>
          </gpxx:TrackPointExtension>
        </extensions>
      </trkpt>
      <trkpt lat="42.761939987540245" lon="-0.507747028023005">
        <ele>1318.8</ele>
        <time>2026-07-08T07:47:46Z</time>
        <extensions>
          <gpxtpx:TrackPointExtension>
            <gpxtpx:atemp>27</gpxtpx:atemp>
            <gpxtpx:hr>80</gpxtpx:hr>
            <gpxtpx:cad>0</gpxtpx:cad>
          </gpxtpx:TrackPointExtension>
          <gpxx:TrackPointExtension>
            <gpxx:Temperature>27</gpxx:Temperature>
          </gpxx:TrackPointExtension>
        </extensions>
      </trkpt>
      <trkpt lat="42.761915009468794" lon="-0.507687013596296">
        <ele>1319.4000000000001</ele>
        <time>2026-07-08T07:47:52Z</time>
        <extensions>
          <gpxtpx:TrackPointExtension>
            <gpxtpx:atemp>27</gpxtpx:atemp>
            <gpxtpx:hr>83</gpxtpx:hr>
            <gpxtpx:cad>46</gpxtpx:cad>
          </gpxtpx:TrackPointExtension>
          <gpxx:TrackPointExtension>
            <gpxx:Temperature>27</gpxx:Temperature>
          </gpxx:TrackPointExtension>
        </extensions>
      </trkpt>
      <trkpt lat="42.761911991983652" lon="-0.507648959755898">
        <ele>1319.5999999999999</ele>
        <time>2026-07-08T07:47:54Z</time>
        <extensions>
          <gpxtpx:TrackPointExtension>
            <gpxtpx:atemp>27</gpxtpx:atemp>
            <gpxtpx:hr>84</gpxtpx:hr>
            <gpxtpx:cad>44</gpxtpx:cad>
          </gpxtpx:TrackPointExtension>
          <gpxx:TrackPointExtension>
            <gpxx:Temperature>27</gpxx:Temperature>
          </gpxx:TrackPointExtension>
        </extensions>
      </trkpt>
      <trkpt lat="42.761889025568962" lon="-0.507621970027685">
        <ele>1319.5999999999999</ele>
        <time>2026-07-08T07:47:56Z</time>
        <extensions>
          <gpxtpx:TrackPointExtension>
            <gpxtpx:atemp>27</gpxtpx:atemp>
            <gpxtpx:hr>85</gpxtpx:hr>
            <gpxtpx:cad>44</gpxtpx:cad>
          </gpxtpx:TrackPointExtension>
          <gpxx:TrackPointExtension>
            <gpxx:Temperature>27</gpxx:Temperature>
          </gpxx:TrackPointExtension>
        </extensions>
      </trkpt>
      <trkpt lat="42.76186496950686" lon="-0.507615013048053">
        <ele>1319.5999999999999</ele>
        <time>2026-07-08T07:47:57Z</time>
        <extensions>
          <gpxtpx:TrackPointExtension>
            <gpxtpx:atemp>27</gpxtpx:atemp>
            <gpxtpx:hr>85</gpxtpx:hr>
            <gpxtpx:cad>46</gpxtpx:cad>
          </gpxtpx:TrackPointExtension>
          <gpxx:TrackPointExtension>
            <gpxx:Temperature>27</gpxx:Temperature>
          </gpxx:TrackPointExtension>
        </extensions>
      </trkpt>
      <trkpt lat="42.76186597533524" lon="-0.507606966421008">
        <ele>1320.2</ele>
        <time>2026-07-08T07:47:59Z</time>
        <extensions>
          <gpxtpx:TrackPointExtension>
            <gpxtpx:atemp>27</gpxtpx:atemp>
            <gpxtpx:hr>89</gpxtpx:hr>
            <gpxtpx:cad>78</gpxtpx:cad>
          </gpxtpx:TrackPointExtension>
          <gpxx:TrackPointExtension>
            <gpxx:Temperature>27</gpxx:Temperature>
          </gpxx:TrackPointExtension>
        </extensions>
      </trkpt>
      <trkpt lat="42.761878967285156" lon="-0.50760998390615">
        <ele>1321</ele>
        <time>2026-07-08T07:48:01Z</time>
        <extensions>
          <gpxtpx:TrackPointExtension>
            <gpxtpx:atemp>27</gpxtpx:atemp>
            <gpxtpx:hr>88</gpxtpx:hr>
            <gpxtpx:cad>40</gpxtpx:cad>
          </gpxtpx:TrackPointExtension>
          <gpxx:TrackPointExtension>
            <gpxx:Temperature>27</gpxx:Temperature>
          </gpxx:TrackPointExtension>
        </extensions>
      </trkpt>
      <trkpt lat="42.761879973113537" lon="-0.507597997784615">
        <ele>1321.8</ele>
        <time>2026-07-08T07:48:04Z</time>
        <extensions>
          <gpxtpx:TrackPointExtension>
            <gpxtpx:atemp>27</gpxtpx:atemp>
            <gpxtpx:hr>90</gpxtpx:hr>
            <gpxtpx:cad>40</gpxtpx:cad>
          </gpxtpx:TrackPointExtension>
          <gpxx:TrackPointExtension>
            <gpxx:Temperature>27</gpxx:Temperature>
          </gpxx:TrackPointExtension>
        </extensions>
      </trkpt>
      <trkpt lat="42.761878967285156" lon="-0.507593974471092">
        <ele>1322</ele>
        <time>2026-07-08T07:48:05Z</time>
        <extensions>
          <gpxtpx:TrackPointExtension>
            <gpxtpx:atemp>27</gpxtpx:atemp>
            <gpxtpx:hr>91</gpxtpx:hr>
            <gpxtpx:cad>68</gpxtpx:cad>
          </gpxtpx:TrackPointExtension>
          <gpxx:TrackPointExtension>
            <gpxx:Temperature>27</gpxx:Temperature>
          </gpxx:TrackPointExtension>
        </extensions>
      </trkpt>
      <trkpt lat="42.761883996427059" lon="-0.507586011663079">
        <ele>1322.5999999999999</ele>
        <time>2026-07-08T07:48:07Z</time>
        <extensions>
          <gpxtpx:TrackPointExtension>
            <gpxtpx:atemp>27</gpxtpx:atemp>
            <gpxtpx:hr>94</gpxtpx:hr>
            <gpxtpx:cad>69</gpxtpx:cad>
          </gpxtpx:TrackPointExtension>
          <gpxx:TrackPointExtension>
            <gpxx:Temperature>27</gpxx:Temperature>
          </gpxx:TrackPointExtension>
        </extensions>
      </trkpt>
      <trkpt lat="42.761890031397343" lon="-0.507576959207654">
        <ele>1323</ele>
        <time>2026-07-08T07:48:09Z</time>
        <extensions>
          <gpxtpx:TrackPointExtension>
            <gpxtpx:atemp>27</gpxtpx:atemp>
            <gpxtpx:hr>97</gpxtpx:hr>
            <gpxtpx:cad>64</gpxtpx:cad>
          </gpxtpx:TrackPointExtension>
          <gpxx:TrackPointExtension>
            <gpxx:Temperature>27</gpxx:Temperature>
          </gpxx:TrackPointExtension>
        </extensions>
      </trkpt>
      <trkpt lat="42.761892965063453" lon="-0.507563967257738">
        <ele>1323.5999999999999</ele>
        <time>2026-07-08T07:48:11Z</time>
        <extensions>
          <gpxtpx:TrackPointExtension>
            <gpxtpx:atemp>27</gpxtpx:atemp>
            <gpxtpx:hr>98</gpxtpx:hr>
            <gpxtpx:cad>69</gpxtpx:cad>
          </gpxtpx:TrackPointExtension>
          <gpxx:TrackPointExtension>
            <gpxx:Temperature>27</gpxx:Temperature>
          </gpxx:TrackPointExtension>
        </extensions>
      </trkpt>
      <trkpt lat="42.761895982548594" lon="-0.507559021934867">
        <ele>1324.2</ele>
        <time>2026-07-08T07:48:14Z</time>
        <extensions>
          <gpxtpx:TrackPointExtension>
            <gpxtpx:atemp>27</gpxtpx:atemp>
            <gpxtpx:hr>99</gpxtpx:hr>
            <gpxtpx:cad>62</gpxtpx:cad>
          </gpxtpx:TrackPointExtension>
          <gpxx:TrackPointExtension>
            <gpxx:Temperature>27</gpxx:Temperature>
          </gpxx:TrackPointExtension>
        </extensions>
      </trkpt>
      <trkpt lat="42.761895982548594" lon="-0.507576959207654">
        <ele>1324.8</ele>
        <time>2026-07-08T07:48:17Z</time>
        <extensions>
          <gpxtpx:TrackPointExtension>
            <gpxtpx:atemp>27</gpxtpx:atemp>
            <gpxtpx:hr>99</gpxtpx:hr>
            <gpxtpx:cad>55</gpxtpx:cad>
          </gpxtpx:TrackPointExtension>
          <gpxx:TrackPointExtension>
            <gpxx:Temperature>27</gpxx:Temperature>
          </gpxx:TrackPointExtension>
        </extensions>
      </trkpt>
      <trkpt lat="42.761934958398342" lon="-0.507568996399641">
        <ele>1325.4000000000001</ele>
        <time>2026-07-08T07:48:21Z</time>
        <extensions>
          <gpxtpx:TrackPointExtension>
            <gpxtpx:atemp>27</gpxtpx:atemp>
            <gpxtpx:hr>100</gpxtpx:hr>
            <gpxtpx:cad>55</gpxtpx:cad>
          </gpxtpx:TrackPointExtension>
          <gpxx:TrackPointExtension>
            <gpxx:Temperature>27</gpxx:Temperature>
          </gpxx:TrackPointExtension>
        </extensions>
      </trkpt>
      <trkpt lat="42.761939987540245" lon="-0.507564973086119">
        <ele>1326</ele>
        <time>2026-07-08T07:48:23Z</time>
        <extensions>
          <gpxtpx:TrackPointExtension>
            <gpxtpx:atemp>27</gpxtpx:atemp>
            <gpxtpx:hr>101</gpxtpx:hr>
            <gpxtpx:cad>0</gpxtpx:cad>
          </gpxtpx:TrackPointExtension>
          <gpxx:TrackPointExtension>
            <gpxx:Temperature>27</gpxx:Temperature>
          </gpxx:TrackPointExtension>
        </extensions>
      </trkpt>
      <trkpt lat="42.761978963389993" lon="-0.507584000006318">
        <ele>1326.8</ele>
        <time>2026-07-08T07:48:28Z</time>
        <extensions>
          <gpxtpx:TrackPointExtension>
            <gpxtpx:atemp>27</gpxtpx:atemp>
            <gpxtpx:hr>102</gpxtpx:hr>
            <gpxtpx:cad>0</gpxtpx:cad>
          </gpxtpx:TrackPointExtension>
          <gpxx:TrackPointExtension>
            <gpxx:Temperature>27</gpxx:Temperature>
          </gpxx:TrackPointExtension>
        </extensions>
      </trkpt>
      <trkpt lat="42.761981980875134" lon="-0.507585005834699">
        <ele>1327</ele>
        <time>2026-07-08T07:48:29Z</time>
        <extensions>
          <gpxtpx:TrackPointExtension>
            <gpxtpx:atemp>27</gpxtpx:atemp>
            <gpxtpx:hr>100</gpxtpx:hr>
            <gpxtpx:cad>0</gpxtpx:cad>
          </gpxtpx:TrackPointExtension>
          <gpxx:TrackPointExtension>
            <gpxx:Temperature>27</gpxx:Temperature>
          </gpxx:TrackPointExtension>
        </extensions>
      </trkpt>
      <trkpt lat="42.761987010017037" lon="-0.507577965036035">
        <ele>1327.2</ele>
        <time>2026-07-08T07:48:30Z</time>
        <extensions>
          <gpxtpx:TrackPointExtension>
            <gpxtpx:atemp>27</gpxtpx:atemp>
            <gpxtpx:hr>103</gpxtpx:hr>
            <gpxtpx:cad>0</gpxtpx:cad>
          </gpxtpx:TrackPointExtension>
          <gpxx:TrackPointExtension>
            <gpxx:Temperature>27</gpxx:Temperature>
          </gpxx:TrackPointExtension>
        </extensions>
      </trkpt>
      <trkpt lat="42.762004025280476" lon="-0.507579976692796">
        <ele>1327.8</ele>
        <time>2026-07-08T07:48:33Z</time>
        <extensions>
          <gpxtpx:TrackPointExtension>
            <gpxtpx:atemp>27</gpxtpx:atemp>
            <gpxtpx:hr>103</gpxtpx:hr>
            <gpxtpx:cad>0</gpxtpx:cad>
          </gpxtpx:TrackPointExtension>
          <gpxx:TrackPointExtension>
            <gpxx:Temperature>27</gpxx:Temperature>
          </gpxx:TrackPointExtension>
        </extensions>
      </trkpt>
      <trkpt lat="42.76201500557363" lon="-0.507581988349557">
        <ele>1328.2</ele>
        <time>2026-07-08T07:48:35Z</time>
        <extensions>
          <gpxtpx:TrackPointExtension>
            <gpxtpx:atemp>27</gpxtpx:atemp>
            <gpxtpx:hr>103</gpxtpx:hr>
            <gpxtpx:cad>0</gpxtpx:cad>
          </gpxtpx:TrackPointExtension>
          <gpxx:TrackPointExtension>
            <gpxx:Temperature>27</gpxx:Temperature>
          </gpxx:TrackPointExtension>
        </extensions>
      </trkpt>
      <trkpt lat="42.762033026665449" lon="-0.507577965036035">
        <ele>1329</ele>
        <time>2026-07-08T07:48:38Z</time>
        <extensions>
          <gpxtpx:TrackPointExtension>
            <gpxtpx:atemp>27</gpxtpx:atemp>
            <gpxtpx:hr>106</gpxtpx:hr>
            <gpxtpx:cad>76</gpxtpx:cad>
          </gpxtpx:TrackPointExtension>
          <gpxx:TrackPointExtension>
            <gpxx:Temperature>27</gpxx:Temperature>
          </gpxx:TrackPointExtension>
        </extensions>
      </trkpt>
      <trkpt lat="42.7620580047369" lon="-0.50756698474288">
        <ele>1329.8</ele>
        <time>2026-07-08T07:48:42Z</time>
        <extensions>
          <gpxtpx:TrackPointExtension>
            <gpxtpx:atemp>27</gpxtpx:atemp>
            <gpxtpx:hr>109</gpxtpx:hr>
            <gpxtpx:cad>69</gpxtpx:cad>
          </gpxtpx:TrackPointExtension>
          <gpxx:TrackPointExtension>
            <gpxx:Temperature>27</gpxx:Temperature>
          </gpxx:TrackPointExtension>
        </extensions>
      </trkpt>
      <trkpt lat="42.762066973373294" lon="-0.507564973086119">
        <ele>1330.2</ele>
        <time>2026-07-08T07:48:44Z</time>
        <extensions>
          <gpxtpx:TrackPointExtension>
            <gpxtpx:atemp>27</gpxtpx:atemp>
            <gpxtpx:hr>109</gpxtpx:hr>
            <gpxtpx:cad>69</gpxtpx:cad>
          </gpxtpx:TrackPointExtension>
          <gpxx:TrackPointExtension>
            <gpxx:Temperature>27</gpxx:Temperature>
          </gpxx:TrackPointExtension>
        </extensions>
      </trkpt>
      <trkpt lat="42.762093041092157" lon="-0.507553992792964">
        <ele>1331.2</ele>
        <time>2026-07-08T07:48:48Z</time>
        <extensions>
          <gpxtpx:TrackPointExtension>
            <gpxtpx:atemp>27</gpxtpx:atemp>
            <gpxtpx:hr>108</gpxtpx:hr>
            <gpxtpx:cad>78</gpxtpx:cad>
          </gpxtpx:TrackPointExtension>
          <gpxx:TrackPointExtension>
            <gpxx:Temperature>27</gpxx:Temperature>
          </gpxx:TrackPointExtension>
        </extensions>
      </trkpt>
      <trkpt lat="42.76212296448648" lon="-0.507532032206655">
        <ele>1332.2</ele>
        <time>2026-07-08T07:48:53Z</time>
        <extensions>
          <gpxtpx:TrackPointExtension>
            <gpxtpx:atemp>27</gpxtpx:atemp>
            <gpxtpx:hr>106</gpxtpx:hr>
            <gpxtpx:cad>0</gpxtpx:cad>
          </gpxtpx:TrackPointExtension>
          <gpxx:TrackPointExtension>
            <gpxx:Temperature>27</gpxx:Temperature>
          </gpxx:TrackPointExtension>
        </extensions>
      </trkpt>
      <trkpt lat="42.762145008891821" lon="-0.507517028599977">
        <ele>1333.2</ele>
        <time>2026-07-08T07:48:57Z</time>
        <extensions>
          <gpxtpx:TrackPointExtension>
            <gpxtpx:atemp>27</gpxtpx:atemp>
            <gpxtpx:hr>105</gpxtpx:hr>
            <gpxtpx:cad>69</gpxtpx:cad>
          </gpxtpx:TrackPointExtension>
          <gpxx:TrackPointExtension>
            <gpxx:Temperature>27</gpxx:Temperature>
          </gpxx:TrackPointExtension>
        </extensions>
      </trkpt>
      <trkpt lat="42.762155989184976" lon="-0.507503030821681">
        <ele>1334</ele>
        <time>2026-07-08T07:49:01Z</time>
        <extensions>
          <gpxtpx:TrackPointExtension>
            <gpxtpx:atemp>27</gpxtpx:atemp>
            <gpxtpx:hr>106</gpxtpx:hr>
            <gpxtpx:cad>74</gpxtpx:cad>
          </gpxtpx:TrackPointExtension>
          <gpxx:TrackPointExtension>
            <gpxx:Temperature>27</gpxx:Temperature>
          </gpxx:TrackPointExtension>
        </extensions>
      </trkpt>
      <trkpt lat="42.762161018326879" lon="-0.507490960881114">
        <ele>1334.4000000000001</ele>
        <time>2026-07-08T07:49:03Z</time>
        <extensions>
          <gpxtpx:TrackPointExtension>
            <gpxtpx:atemp>27</gpxtpx:atemp>
            <gpxtpx:hr>107</gpxtpx:hr>
            <gpxtpx:cad>74</gpxtpx:cad>
          </gpxtpx:TrackPointExtension>
          <gpxx:TrackPointExtension>
            <gpxx:Temperature>27</gpxx:Temperature>
          </gpxx:TrackPointExtension>
        </extensions>
      </trkpt>
      <trkpt lat="42.762168981134892" lon="-0.50748199224472">
        <ele>1334.8</ele>
        <time>2026-07-08T07:49:05Z</time>
        <extensions>
          <gpxtpx:TrackPointExtension>
            <gpxtpx:atemp>27</gpxtpx:atemp>
            <gpxtpx:hr>103</gpxtpx:hr>
            <gpxtpx:cad>0</gpxtpx:cad>
          </gpxtpx:TrackPointExtension>
          <gpxx:TrackPointExtension>
            <gpxx:Temperature>27</gpxx:Temperature>
          </gpxx:TrackPointExtension>
        </extensions>
      </trkpt>
      <trkpt lat="42.762170992791653" lon="-0.507479980587959">
        <ele>1335</ele>
        <time>2026-07-08T07:49:06Z</time>
        <extensions>
          <gpxtpx:TrackPointExtension>
            <gpxtpx:atemp>27</gpxtpx:atemp>
            <gpxtpx:hr>106</gpxtpx:hr>
            <gpxtpx:cad>0</gpxtpx:cad>
          </gpxtpx:TrackPointExtension>
          <gpxx:TrackPointExtension>
            <gpxx:Temperature>27</gpxx:Temperature>
          </gpxx:TrackPointExtension>
        </extensions>
      </trkpt>
      <trkpt lat="42.762180967256427" lon="-0.507470006123185">
        <ele>1335.5999999999999</ele>
        <time>2026-07-08T07:49:09Z</time>
        <extensions>
          <gpxtpx:TrackPointExtension>
            <gpxtpx:atemp>27</gpxtpx:atemp>
            <gpxtpx:hr>107</gpxtpx:hr>
            <gpxtpx:cad>0</gpxtpx:cad>
          </gpxtpx:TrackPointExtension>
          <gpxx:TrackPointExtension>
            <gpxx:Temperature>27</gpxx:Temperature>
          </gpxx:TrackPointExtension>
        </extensions>
      </trkpt>
      <trkpt lat="42.762193959206343" lon="-0.507422983646393">
        <ele>1336.4000000000001</ele>
        <time>2026-07-08T07:49:15Z</time>
        <extensions>
          <gpxtpx:TrackPointExtension>
            <gpxtpx:atemp>27</gpxtpx:atemp>
            <gpxtpx:hr>110</gpxtpx:hr>
            <gpxtpx:cad>0</gpxtpx:cad>
          </gpxtpx:TrackPointExtension>
          <gpxx:TrackPointExtension>
            <gpxx:Temperature>27</gpxx:Temperature>
          </gpxx:TrackPointExtension>
        </extensions>
      </trkpt>
      <trkpt lat="42.762202005833387" lon="-0.50741502083838">
        <ele>1336.8</ele>
        <time>2026-07-08T07:49:16Z</time>
        <extensions>
          <gpxtpx:TrackPointExtension>
            <gpxtpx:atemp>27</gpxtpx:atemp>
            <gpxtpx:hr>111</gpxtpx:hr>
            <gpxtpx:cad>0</gpxtpx:cad>
          </gpxtpx:TrackPointExtension>
          <gpxx:TrackPointExtension>
            <gpxx:Temperature>27</gpxx:Temperature>
          </gpxx:TrackPointExtension>
        </extensions>
      </trkpt>
      <trkpt lat="42.762205023318529" lon="-0.507410997524858">
        <ele>1337</ele>
        <time>2026-07-08T07:49:18Z</time>
        <extensions>
          <gpxtpx:TrackPointExtension>
            <gpxtpx:atemp>27</gpxtpx:atemp>
            <gpxtpx:hr>107</gpxtpx:hr>
            <gpxtpx:cad>0</gpxtpx:cad>
          </gpxtpx:TrackPointExtension>
          <gpxx:TrackPointExtension>
            <gpxx:Temperature>27</gpxx:Temperature>
          </gpxx:TrackPointExtension>
        </extensions>
      </trkpt>
      <trkpt lat="42.762199994176626" lon="-0.507412003353238">
        <ele>1337.8</ele>
        <time>2026-07-08T07:49:21Z</time>
        <extensions>
          <gpxtpx:TrackPointExtension>
            <gpxtpx:atemp>27</gpxtpx:atemp>
            <gpxtpx:hr>111</gpxtpx:hr>
            <gpxtpx:cad>0</gpxtpx:cad>
          </gpxtpx:TrackPointExtension>
          <gpxx:TrackPointExtension>
            <gpxx:Temperature>27</gpxx:Temperature>
          </gpxx:TrackPointExtension>
        </extensions>
      </trkpt>
      <trkpt lat="42.76220896281302" lon="-0.507392976433039">
        <ele>1338.4000000000001</ele>
        <time>2026-07-08T07:49:24Z</time>
        <extensions>
          <gpxtpx:TrackPointExtension>
            <gpxtpx:atemp>27</gpxtpx:atemp>
            <gpxtpx:hr>115</gpxtpx:hr>
            <gpxtpx:cad>0</gpxtpx:cad>
          </gpxtpx:TrackPointExtension>
          <gpxx:TrackPointExtension>
            <gpxx:Temperature>27</gpxx:Temperature>
          </gpxx:TrackPointExtension>
        </extensions>
      </trkpt>
      <trkpt lat="42.762208040803671" lon="-0.507389036938548">
        <ele>1338.8</ele>
        <time>2026-07-08T07:49:26Z</time>
        <extensions>
          <gpxtpx:TrackPointExtension>
            <gpxtpx:atemp>27</gpxtpx:atemp>
            <gpxtpx:hr>116</gpxtpx:hr>
            <gpxtpx:cad>0</gpxtpx:cad>
          </gpxtpx:TrackPointExtension>
          <gpxx:TrackPointExtension>
            <gpxx:Temperature>27</gpxx:Temperature>
          </gpxx:TrackPointExtension>
        </extensions>
      </trkpt>
      <trkpt lat="42.76220896281302" lon="-0.507376966997981">
        <ele>1339.4000000000001</ele>
        <time>2026-07-08T07:49:28Z</time>
        <extensions>
          <gpxtpx:TrackPointExtension>
            <gpxtpx:atemp>27</gpxtpx:atemp>
            <gpxtpx:hr>119</gpxtpx:hr>
            <gpxtpx:cad>62</gpxtpx:cad>
          </gpxtpx:TrackPointExtension>
          <gpxx:TrackPointExtension>
            <gpxx:Temperature>27</gpxx:Temperature>
          </gpxx:TrackPointExtension>
        </extensions>
      </trkpt>
      <trkpt lat="42.762208040803671" lon="-0.507359029725194">
        <ele>1340</ele>
        <time>2026-07-08T07:49:30Z</time>
        <extensions>
          <gpxtpx:TrackPointExtension>
            <gpxtpx:atemp>27</gpxtpx:atemp>
            <gpxtpx:hr>118</gpxtpx:hr>
            <gpxtpx:cad>62</gpxtpx:cad>
          </gpxtpx:TrackPointExtension>
          <gpxx:TrackPointExtension>
            <gpxx:Temperature>27</gpxx:Temperature>
          </gpxx:TrackPointExtension>
        </extensions>
      </trkpt>
      <trkpt lat="42.762211980298162" lon="-0.507354000583291">
        <ele>1340.5999999999999</ele>
        <time>2026-07-08T07:49:32Z</time>
        <extensions>
          <gpxtpx:TrackPointExtension>
            <gpxtpx:atemp>27</gpxtpx:atemp>
            <gpxtpx:hr>116</gpxtpx:hr>
            <gpxtpx:cad>62</gpxtpx:cad>
          </gpxtpx:TrackPointExtension>
          <gpxx:TrackPointExtension>
            <gpxx:Temperature>27</gpxx:Temperature>
          </gpxx:TrackPointExtension>
        </extensions>
      </trkpt>
      <trkpt lat="42.762218015268445" lon="-0.507299015298486">
        <ele>1341.2</ele>
        <time>2026-07-08T07:49:35Z</time>
        <extensions>
          <gpxtpx:TrackPointExtension>
            <gpxtpx:atemp>27</gpxtpx:atemp>
            <gpxtpx:hr>115</gpxtpx:hr>
            <gpxtpx:cad>59</gpxtpx:cad>
          </gpxtpx:TrackPointExtension>
          <gpxx:TrackPointExtension>
            <gpxx:Temperature>27</gpxx:Temperature>
          </gpxx:TrackPointExtension>
        </extensions>
      </trkpt>
      <trkpt lat="42.762220026925206" lon="-0.507284011691809">
        <ele>1341.5999999999999</ele>
        <time>2026-07-08T07:49:38Z</time>
        <extensions>
          <gpxtpx:TrackPointExtension>
            <gpxtpx:atemp>27</gpxtpx:atemp>
            <gpxtpx:hr>115</gpxtpx:hr>
            <gpxtpx:cad>59</gpxtpx:cad>
          </gpxtpx:TrackPointExtension>
          <gpxx:TrackPointExtension>
            <gpxx:Temperature>27</gpxx:Temperature>
          </gpxx:TrackPointExtension>
        </extensions>
      </trkpt>
      <trkpt lat="42.762221032753587" lon="-0.507268002256751">
        <ele>1342</ele>
        <time>2026-07-08T07:49:40Z</time>
        <extensions>
          <gpxtpx:TrackPointExtension>
            <gpxtpx:atemp>27</gpxtpx:atemp>
            <gpxtpx:hr>112</gpxtpx:hr>
            <gpxtpx:cad>0</gpxtpx:cad>
          </gpxtpx:TrackPointExtension>
          <gpxx:TrackPointExtension>
            <gpxx:Temperature>27</gpxx:Temperature>
          </gpxx:TrackPointExtension>
        </extensions>
      </trkpt>
      <trkpt lat="42.762223966419697" lon="-0.507259033620358">
        <ele>1342.5999999999999</ele>
        <time>2026-07-08T07:49:42Z</time>
        <extensions>
          <gpxtpx:TrackPointExtension>
            <gpxtpx:atemp>27</gpxtpx:atemp>
            <gpxtpx:hr>113</gpxtpx:hr>
            <gpxtpx:cad>0</gpxtpx:cad>
          </gpxtpx:TrackPointExtension>
          <gpxx:TrackPointExtension>
            <gpxx:Temperature>27</gpxx:Temperature>
          </gpxx:TrackPointExtension>
        </extensions>
      </trkpt>
      <trkpt lat="42.762231007218361" lon="-0.507250986993313">
        <ele>1343.2</ele>
        <time>2026-07-08T07:49:45Z</time>
        <extensions>
          <gpxtpx:TrackPointExtension>
            <gpxtpx:atemp>27</gpxtpx:atemp>
            <gpxtpx:hr>111</gpxtpx:hr>
            <gpxtpx:cad>0</gpxtpx:cad>
          </gpxtpx:TrackPointExtension>
          <gpxx:TrackPointExtension>
            <gpxx:Temperature>27</gpxx:Temperature>
          </gpxx:TrackPointExtension>
        </extensions>
      </trkpt>
      <trkpt lat="42.7622289955616" lon="-0.507231960073113">
        <ele>1343.5999999999999</ele>
        <time>2026-07-08T07:49:47Z</time>
        <extensions>
          <gpxtpx:TrackPointExtension>
            <gpxtpx:atemp>27</gpxtpx:atemp>
            <gpxtpx:hr>110</gpxtpx:hr>
            <gpxtpx:cad>0</gpxtpx:cad>
          </gpxtpx:TrackPointExtension>
          <gpxx:TrackPointExtension>
            <gpxx:Temperature>27</gpxx:Temperature>
          </gpxx:TrackPointExtension>
        </extensions>
      </trkpt>
      <trkpt lat="42.762243999168277" lon="-0.507236989215016">
        <ele>1344.4000000000001</ele>
        <time>2026-07-08T07:49:51Z</time>
        <extensions>
          <gpxtpx:TrackPointExtension>
            <gpxtpx:atemp>27</gpxtpx:atemp>
            <gpxtpx:hr>110</gpxtpx:hr>
            <gpxtpx:cad>0</gpxtpx:cad>
          </gpxtpx:TrackPointExtension>
          <gpxx:TrackPointExtension>
            <gpxx:Temperature>27</gpxx:Temperature>
          </gpxx:TrackPointExtension>
        </extensions>
      </trkpt>
      <trkpt lat="42.762247016653419" lon="-0.507237995043397">
        <ele>1344.5999999999999</ele>
        <time>2026-07-08T07:49:54Z</time>
        <extensions>
          <gpxtpx:TrackPointExtension>
            <gpxtpx:atemp>27</gpxtpx:atemp>
            <gpxtpx:hr>107</gpxtpx:hr>
            <gpxtpx:cad>0</gpxtpx:cad>
          </gpxtpx:TrackPointExtension>
          <gpxx:TrackPointExtension>
            <gpxx:Temperature>27</gpxx:Temperature>
          </gpxx:TrackPointExtension>
        </extensions>
      </trkpt>
      <trkpt lat="42.762248022481799" lon="-0.507236989215016">
        <ele>1344.8</ele>
        <time>2026-07-08T07:49:55Z</time>
        <extensions>
          <gpxtpx:TrackPointExtension>
            <gpxtpx:atemp>27</gpxtpx:atemp>
            <gpxtpx:hr>106</gpxtpx:hr>
            <gpxtpx:cad>0</gpxtpx:cad>
          </gpxtpx:TrackPointExtension>
          <gpxx:TrackPointExtension>
            <gpxx:Temperature>27</gpxx:Temperature>
          </gpxx:TrackPointExtension>
        </extensions>
      </trkpt>
      <trkpt lat="42.762245004996657" lon="-0.507247969508171">
        <ele>1345</ele>
        <time>2026-07-08T07:49:59Z</time>
        <extensions>
          <gpxtpx:TrackPointExtension>
            <gpxtpx:atemp>27</gpxtpx:atemp>
            <gpxtpx:hr>103</gpxtpx:hr>
            <gpxtpx:cad>0</gpxtpx:cad>
          </gpxtpx:TrackPointExtension>
          <gpxx:TrackPointExtension>
            <gpxx:Temperature>27</gpxx:Temperature>
          </gpxx:TrackPointExtension>
        </extensions>
      </trkpt>
      <trkpt lat="42.762247016653419" lon="-0.507247969508171">
        <ele>1345</ele>
        <time>2026-07-08T07:50:00Z</time>
        <extensions>
          <gpxtpx:TrackPointExtension>
            <gpxtpx:atemp>27</gpxtpx:atemp>
            <gpxtpx:hr>102</gpxtpx:hr>
            <gpxtpx:cad>0</gpxtpx:cad>
          </gpxtpx:TrackPointExtension>
          <gpxx:TrackPointExtension>
            <gpxx:Temperature>27</gpxx:Temperature>
          </gpxx:TrackPointExtension>
        </extensions>
      </trkpt>
      <trkpt lat="42.762248022481799" lon="-0.5072430241853">
        <ele>1345.4000000000001</ele>
        <time>2026-07-08T07:50:09Z</time>
        <extensions>
          <gpxtpx:TrackPointExtension>
            <gpxtpx:atemp>27</gpxtpx:atemp>
            <gpxtpx:hr>103</gpxtpx:hr>
            <gpxtpx:cad>0</gpxtpx:cad>
          </gpxtpx:TrackPointExtension>
          <gpxx:TrackPointExtension>
            <gpxx:Temperature>27</gpxx:Temperature>
          </gpxx:TrackPointExtension>
        </extensions>
      </trkpt>
      <trkpt lat="42.762248022481799" lon="-0.5072430241853">
        <ele>1346</ele>
        <time>2026-07-08T07:50:15Z</time>
        <extensions>
          <gpxtpx:TrackPointExtension>
            <gpxtpx:atemp>27</gpxtpx:atemp>
            <gpxtpx:hr>103</gpxtpx:hr>
            <gpxtpx:cad>74</gpxtpx:cad>
          </gpxtpx:TrackPointExtension>
          <gpxx:TrackPointExtension>
            <gpxx:Temperature>27</gpxx:Temperature>
          </gpxx:TrackPointExtension>
        </extensions>
      </trkpt>
      <trkpt lat="42.76227300055325" lon="-0.507237995043397">
        <ele>1347</ele>
        <time>2026-07-08T07:50:22Z</time>
        <extensions>
          <gpxtpx:TrackPointExtension>
            <gpxtpx:atemp>27</gpxtpx:atemp>
            <gpxtpx:hr>103</gpxtpx:hr>
            <gpxtpx:cad>0</gpxtpx:cad>
          </gpxtpx:TrackPointExtension>
          <gpxx:TrackPointExtension>
            <gpxx:Temperature>27</gpxx:Temperature>
          </gpxx:TrackPointExtension>
        </extensions>
      </trkpt>
      <trkpt lat="42.762310970574617" lon="-0.507205976173282">
        <ele>1348</ele>
        <time>2026-07-08T07:50:33Z</time>
        <extensions>
          <gpxtpx:TrackPointExtension>
            <gpxtpx:atemp>27</gpxtpx:atemp>
            <gpxtpx:hr>100</gpxtpx:hr>
            <gpxtpx:cad>0</gpxtpx:cad>
          </gpxtpx:TrackPointExtension>
          <gpxx:TrackPointExtension>
            <gpxx:Temperature>27</gpxx:Temperature>
          </gpxx:TrackPointExtension>
        </extensions>
      </trkpt>
      <trkpt lat="42.762311976402998" lon="-0.507204970344901">
        <ele>1348.2</ele>
        <time>2026-07-08T07:50:34Z</time>
        <extensions>
          <gpxtpx:TrackPointExtension>
            <gpxtpx:atemp>27</gpxtpx:atemp>
            <gpxtpx:hr>100</gpxtpx:hr>
            <gpxtpx:cad>0</gpxtpx:cad>
          </gpxtpx:TrackPointExtension>
          <gpxx:TrackPointExtension>
            <gpxx:Temperature>27</gpxx:Temperature>
          </gpxx:TrackPointExtension>
        </extensions>
      </trkpt>
      <trkpt lat="42.762306025251746" lon="-0.507129030302167">
        <ele>1348.4000000000001</ele>
        <time>2026-07-08T07:50:44Z</time>
        <extensions>
          <gpxtpx:TrackPointExtension>
            <gpxtpx:atemp>27</gpxtpx:atemp>
            <gpxtpx:hr>100</gpxtpx:hr>
            <gpxtpx:cad>0</gpxtpx:cad>
          </gpxtpx:TrackPointExtension>
          <gpxx:TrackPointExtension>
            <gpxx:Temperature>27</gpxx:Temperature>
          </gpxx:TrackPointExtension>
        </extensions>
      </trkpt>
      <trkpt lat="42.76229596696794" lon="-0.507083013653755">
        <ele>1348.5999999999999</ele>
        <time>2026-07-08T07:50:48Z</time>
        <extensions>
          <gpxtpx:TrackPointExtension>
            <gpxtpx:atemp>27</gpxtpx:atemp>
            <gpxtpx:hr>101</gpxtpx:hr>
            <gpxtpx:cad>0</gpxtpx:cad>
          </gpxtpx:TrackPointExtension>
          <gpxx:TrackPointExtension>
            <gpxx:Temperature>27</gpxx:Temperature>
          </gpxx:TrackPointExtension>
        </extensions>
      </trkpt>
      <trkpt lat="42.762300996109843" lon="-0.507091982290149">
        <ele>1344.5999999999999</ele>
        <time>2026-07-08T07:56:06Z</time>
        <extensions>
          <gpxtpx:TrackPointExtension>
            <gpxtpx:atemp>28</gpxtpx:atemp>
            <gpxtpx:hr>89</gpxtpx:hr>
            <gpxtpx:cad>0</gpxtpx:cad>
          </gpxtpx:TrackPointExtension>
          <gpxx:TrackPointExtension>
            <gpxx:Temperature>28</gpxx:Temperature>
          </gpxx:TrackPointExtension>
        </extensions>
      </trkpt>
      <trkpt lat="42.762298984453082" lon="-0.50709499977529">
        <ele>1344</ele>
        <time>2026-07-08T07:56:14Z</time>
        <extensions>
          <gpxtpx:TrackPointExtension>
            <gpxtpx:atemp>28</gpxtpx:atemp>
            <gpxtpx:hr>89</gpxtpx:hr>
            <gpxtpx:cad>0</gpxtpx:cad>
          </gpxtpx:TrackPointExtension>
          <gpxx:TrackPointExtension>
            <gpxx:Temperature>28</gpxx:Temperature>
          </gpxx:TrackPointExtension>
        </extensions>
      </trkpt>
      <trkpt lat="42.762274006381631" lon="-0.507089970633388">
        <ele>1343.4000000000001</ele>
        <time>2026-07-08T07:56:26Z</time>
        <extensions>
          <gpxtpx:TrackPointExtension>
            <gpxtpx:atemp>28</gpxtpx:atemp>
            <gpxtpx:hr>92</gpxtpx:hr>
            <gpxtpx:cad>0</gpxtpx:cad>
          </gpxtpx:TrackPointExtension>
          <gpxx:TrackPointExtension>
            <gpxx:Temperature>28</gpxx:Temperature>
          </gpxx:TrackPointExtension>
        </extensions>
      </trkpt>
      <trkpt lat="42.762264031916857" lon="-0.507085025310516">
        <ele>1343</ele>
        <time>2026-07-08T07:56:32Z</time>
        <extensions>
          <gpxtpx:TrackPointExtension>
            <gpxtpx:atemp>28</gpxtpx:atemp>
            <gpxtpx:hr>95</gpxtpx:hr>
            <gpxtpx:cad>0</gpxtpx:cad>
          </gpxtpx:TrackPointExtension>
          <gpxx:TrackPointExtension>
            <gpxx:Temperature>28</gpxx:Temperature>
          </gpxx:TrackPointExtension>
        </extensions>
      </trkpt>
      <trkpt lat="42.762262020260096" lon="-0.507084019482136">
        <ele>1343</ele>
        <time>2026-07-08T07:56:38Z</time>
        <extensions>
          <gpxtpx:TrackPointExtension>
            <gpxtpx:atemp>28</gpxtpx:atemp>
            <gpxtpx:hr>98</gpxtpx:hr>
            <gpxtpx:cad>0</gpxtpx:cad>
          </gpxtpx:TrackPointExtension>
          <gpxx:TrackPointExtension>
            <gpxx:Temperature>28</gpxx:Temperature>
          </gpxx:TrackPointExtension>
        </extensions>
      </trkpt>
      <trkpt lat="42.762261014431715" lon="-0.507083013653755">
        <ele>1342.8</ele>
        <time>2026-07-08T07:56:43Z</time>
        <extensions>
          <gpxtpx:TrackPointExtension>
            <gpxtpx:atemp>28</gpxtpx:atemp>
            <gpxtpx:hr>95</gpxtpx:hr>
            <gpxtpx:cad>0</gpxtpx:cad>
          </gpxtpx:TrackPointExtension>
          <gpxx:TrackPointExtension>
            <gpxx:Temperature>28</gpxx:Temperature>
          </gpxx:TrackPointExtension>
        </extensions>
      </trkpt>
      <trkpt lat="42.762260008603334" lon="-0.507083013653755">
        <ele>1342.4000000000001</ele>
        <time>2026-07-08T07:56:48Z</time>
        <extensions>
          <gpxtpx:TrackPointExtension>
            <gpxtpx:atemp>28</gpxtpx:atemp>
            <gpxtpx:hr>92</gpxtpx:hr>
            <gpxtpx:cad>0</gpxtpx:cad>
          </gpxtpx:TrackPointExtension>
          <gpxx:TrackPointExtension>
            <gpxx:Temperature>28</gpxx:Temperature>
          </gpxx:TrackPointExtension>
        </extensions>
      </trkpt>
      <trkpt lat="42.762260008603334" lon="-0.507083013653755">
        <ele>1342.2</ele>
        <time>2026-07-08T07:56:53Z</time>
        <extensions>
          <gpxtpx:TrackPointExtension>
            <gpxtpx:atemp>28</gpxtpx:atemp>
            <gpxtpx:hr>95</gpxtpx:hr>
            <gpxtpx:cad>0</gpxtpx:cad>
          </gpxtpx:TrackPointExtension>
          <gpxx:TrackPointExtension>
            <gpxx:Temperature>28</gpxx:Temperature>
          </gpxx:TrackPointExtension>
        </extensions>
      </trkpt>
      <trkpt lat="42.76225196197629" lon="-0.507082007825375">
        <ele>1342</ele>
        <time>2026-07-08T07:57:04Z</time>
        <extensions>
          <gpxtpx:TrackPointExtension>
            <gpxtpx:atemp>28</gpxtpx:atemp>
            <gpxtpx:hr>97</gpxtpx:hr>
            <gpxtpx:cad>0</gpxtpx:cad>
          </gpxtpx:TrackPointExtension>
          <gpxx:TrackPointExtension>
            <gpxx:Temperature>28</gpxx:Temperature>
          </gpxx:TrackPointExtension>
        </extensions>
      </trkpt>
      <trkpt lat="42.762237964197993" lon="-0.507076978683472">
        <ele>1342.4000000000001</ele>
        <time>2026-07-08T07:57:45Z</time>
        <extensions>
          <gpxtpx:TrackPointExtension>
            <gpxtpx:atemp>28</gpxtpx:atemp>
            <gpxtpx:hr>100</gpxtpx:hr>
            <gpxtpx:cad>0</gpxtpx:cad>
          </gpxtpx:TrackPointExtension>
          <gpxx:TrackPointExtension>
            <gpxx:Temperature>28</gpxx:Temperature>
          </gpxx:TrackPointExtension>
        </extensions>
      </trkpt>
      <trkpt lat="42.762235030531883" lon="-0.507074967026711">
        <ele>1342.5999999999999</ele>
        <time>2026-07-08T07:58:00Z</time>
        <extensions>
          <gpxtpx:TrackPointExtension>
            <gpxtpx:atemp>28</gpxtpx:atemp>
            <gpxtpx:hr>103</gpxtpx:hr>
            <gpxtpx:cad>0</gpxtpx:cad>
          </gpxtpx:TrackPointExtension>
          <gpxx:TrackPointExtension>
            <gpxx:Temperature>28</gpxx:Temperature>
          </gpxx:TrackPointExtension>
        </extensions>
      </trkpt>
      <trkpt lat="42.762233018875122" lon="-0.50707396119833">
        <ele>1343</ele>
        <time>2026-07-08T07:58:09Z</time>
        <extensions>
          <gpxtpx:TrackPointExtension>
            <gpxtpx:atemp>28</gpxtpx:atemp>
            <gpxtpx:hr>106</gpxtpx:hr>
            <gpxtpx:cad>0</gpxtpx:cad>
          </gpxtpx:TrackPointExtension>
          <gpxx:TrackPointExtension>
            <gpxx:Temperature>28</gpxx:Temperature>
          </gpxx:TrackPointExtension>
        </extensions>
      </trkpt>
      <trkpt lat="42.762233018875122" lon="-0.50707396119833">
        <ele>1342.8</ele>
        <time>2026-07-08T07:58:16Z</time>
        <extensions>
          <gpxtpx:TrackPointExtension>
            <gpxtpx:atemp>28</gpxtpx:atemp>
            <gpxtpx:hr>103</gpxtpx:hr>
            <gpxtpx:cad>0</gpxtpx:cad>
          </gpxtpx:TrackPointExtension>
          <gpxx:TrackPointExtension>
            <gpxx:Temperature>28</gpxx:Temperature>
          </gpxx:TrackPointExtension>
        </extensions>
      </trkpt>
      <trkpt lat="42.762233018875122" lon="-0.507073039188981">
        <ele>1342.8</ele>
        <time>2026-07-08T07:58:19Z</time>
        <extensions>
          <gpxtpx:TrackPointExtension>
            <gpxtpx:atemp>28</gpxtpx:atemp>
            <gpxtpx:hr>100</gpxtpx:hr>
            <gpxtpx:cad>0</gpxtpx:cad>
          </gpxtpx:TrackPointExtension>
          <gpxx:TrackPointExtension>
            <gpxx:Temperature>28</gpxx:Temperature>
          </gpxx:TrackPointExtension>
        </extensions>
      </trkpt>
      <trkpt lat="42.762232013046741" lon="-0.5070720333606">
        <ele>1343.2</ele>
        <time>2026-07-08T07:58:22Z</time>
        <extensions>
          <gpxtpx:TrackPointExtension>
            <gpxtpx:atemp>28</gpxtpx:atemp>
            <gpxtpx:hr>99</gpxtpx:hr>
            <gpxtpx:cad>0</gpxtpx:cad>
          </gpxtpx:TrackPointExtension>
          <gpxx:TrackPointExtension>
            <gpxx:Temperature>28</gpxx:Temperature>
          </gpxx:TrackPointExtension>
        </extensions>
      </trkpt>
      <trkpt lat="42.762231007218361" lon="-0.50707102753222">
        <ele>1344.4000000000001</ele>
        <time>2026-07-08T07:58:30Z</time>
        <extensions>
          <gpxtpx:TrackPointExtension>
            <gpxtpx:atemp>28</gpxtpx:atemp>
            <gpxtpx:hr>98</gpxtpx:hr>
            <gpxtpx:cad>0</gpxtpx:cad>
          </gpxtpx:TrackPointExtension>
          <gpxx:TrackPointExtension>
            <gpxx:Temperature>28</gpxx:Temperature>
          </gpxx:TrackPointExtension>
        </extensions>
      </trkpt>
      <trkpt lat="42.762231007218361" lon="-0.50707102753222">
        <ele>1344.8</ele>
        <time>2026-07-08T07:58:37Z</time>
        <extensions>
          <gpxtpx:TrackPointExtension>
            <gpxtpx:atemp>28</gpxtpx:atemp>
            <gpxtpx:hr>99</gpxtpx:hr>
            <gpxtpx:cad>0</gpxtpx:cad>
          </gpxtpx:TrackPointExtension>
          <gpxx:TrackPointExtension>
            <gpxx:Temperature>28</gpxx:Temperature>
          </gpxx:TrackPointExtension>
        </extensions>
      </trkpt>
      <trkpt lat="42.762227989733219" lon="-0.507068010047078">
        <ele>1345.5999999999999</ele>
        <time>2026-07-08T07:58:56Z</time>
        <extensions>
          <gpxtpx:TrackPointExtension>
            <gpxtpx:atemp>28</gpxtpx:atemp>
            <gpxtpx:hr>100</gpxtpx:hr>
            <gpxtpx:cad>0</gpxtpx:cad>
          </gpxtpx:TrackPointExtension>
          <gpxx:TrackPointExtension>
            <gpxx:Temperature>28</gpxx:Temperature>
          </gpxx:TrackPointExtension>
        </extensions>
      </trkpt>
      <trkpt lat="42.762226983904839" lon="-0.507065998390317">
        <ele>1345.8</ele>
        <time>2026-07-08T07:59:04Z</time>
        <extensions>
          <gpxtpx:TrackPointExtension>
            <gpxtpx:atemp>28</gpxtpx:atemp>
            <gpxtpx:hr>104</gpxtpx:hr>
            <gpxtpx:cad>0</gpxtpx:cad>
          </gpxtpx:TrackPointExtension>
          <gpxx:TrackPointExtension>
            <gpxx:Temperature>28</gpxx:Temperature>
          </gpxx:TrackPointExtension>
        </extensions>
      </trkpt>
      <trkpt lat="42.762219021096826" lon="-0.507021993398666">
        <ele>1345.8</ele>
        <time>2026-07-08T07:59:07Z</time>
        <extensions>
          <gpxtpx:TrackPointExtension>
            <gpxtpx:atemp>28</gpxtpx:atemp>
            <gpxtpx:hr>107</gpxtpx:hr>
            <gpxtpx:cad>0</gpxtpx:cad>
          </gpxtpx:TrackPointExtension>
          <gpxx:TrackPointExtension>
            <gpxx:Temperature>28</gpxx:Temperature>
          </gpxx:TrackPointExtension>
        </extensions>
      </trkpt>
      <trkpt lat="42.7622099686414" lon="-0.507001038640738">
        <ele>1345.8</ele>
        <time>2026-07-08T07:59:09Z</time>
        <extensions>
          <gpxtpx:TrackPointExtension>
            <gpxtpx:atemp>28</gpxtpx:atemp>
            <gpxtpx:hr>110</gpxtpx:hr>
            <gpxtpx:cad>0</gpxtpx:cad>
          </gpxtpx:TrackPointExtension>
          <gpxx:TrackPointExtension>
            <gpxx:Temperature>28</gpxx:Temperature>
          </gpxx:TrackPointExtension>
        </extensions>
      </trkpt>
      <trkpt lat="42.762202005833387" lon="-0.506960973143578">
        <ele>1345.8</ele>
        <time>2026-07-08T07:59:11Z</time>
        <extensions>
          <gpxtpx:TrackPointExtension>
            <gpxtpx:atemp>28</gpxtpx:atemp>
            <gpxtpx:hr>112</gpxtpx:hr>
            <gpxtpx:cad>0</gpxtpx:cad>
          </gpxtpx:TrackPointExtension>
          <gpxx:TrackPointExtension>
            <gpxx:Temperature>28</gpxx:Temperature>
          </gpxx:TrackPointExtension>
        </extensions>
      </trkpt>
      <trkpt lat="42.762196976691484" lon="-0.506916968151927">
        <ele>1346.2</ele>
        <time>2026-07-08T07:59:15Z</time>
        <extensions>
          <gpxtpx:TrackPointExtension>
            <gpxtpx:atemp>28</gpxtpx:atemp>
            <gpxtpx:hr>115</gpxtpx:hr>
            <gpxtpx:cad>0</gpxtpx:cad>
          </gpxtpx:TrackPointExtension>
          <gpxx:TrackPointExtension>
            <gpxx:Temperature>28</gpxx:Temperature>
          </gpxx:TrackPointExtension>
        </extensions>
      </trkpt>
      <trkpt lat="42.762219021096826" lon="-0.506925014778972">
        <ele>1362.2</ele>
        <time>2026-07-08T08:06:42Z</time>
        <extensions>
          <gpxtpx:TrackPointExtension>
            <gpxtpx:atemp>30</gpxtpx:atemp>
            <gpxtpx:hr>116</gpxtpx:hr>
            <gpxtpx:cad>0</gpxtpx:cad>
          </gpxtpx:TrackPointExtension>
          <gpxx:TrackPointExtension>
            <gpxx:Temperature>30</gpxx:Temperature>
          </gpxx:TrackPointExtension>
        </extensions>
      </trkpt>
      <trkpt lat="42.762219021096826" lon="-0.506924008950591">
        <ele>1362.4000000000001</ele>
        <time>2026-07-08T08:06:44Z</time>
        <extensions>
          <gpxtpx:TrackPointExtension>
            <gpxtpx:atemp>30</gpxtpx:atemp>
            <gpxtpx:hr>118</gpxtpx:hr>
            <gpxtpx:cad>0</gpxtpx:cad>
          </gpxtpx:TrackPointExtension>
          <gpxx:TrackPointExtension>
            <gpxx:Temperature>30</gpxx:Temperature>
          </gpxx:TrackPointExtension>
        </extensions>
      </trkpt>
      <trkpt lat="42.762221032753587" lon="-0.506918979808688">
        <ele>1363.5999999999999</ele>
        <time>2026-07-08T08:06:50Z</time>
        <extensions>
          <gpxtpx:TrackPointExtension>
            <gpxtpx:atemp>30</gpxtpx:atemp>
            <gpxtpx:hr>118</gpxtpx:hr>
            <gpxtpx:cad>0</gpxtpx:cad>
          </gpxtpx:TrackPointExtension>
          <gpxx:TrackPointExtension>
            <gpxx:Temperature>30</gpxx:Temperature>
          </gpxx:TrackPointExtension>
        </extensions>
      </trkpt>
      <trkpt lat="42.762221032753587" lon="-0.506907999515533">
        <ele>1364.5999999999999</ele>
        <time>2026-07-08T08:06:55Z</time>
        <extensions>
          <gpxtpx:TrackPointExtension>
            <gpxtpx:atemp>30</gpxtpx:atemp>
            <gpxtpx:hr>120</gpxtpx:hr>
            <gpxtpx:cad>0</gpxtpx:cad>
          </gpxtpx:TrackPointExtension>
          <gpxx:TrackPointExtension>
            <gpxx:Temperature>30</gpxx:Temperature>
          </gpxx:TrackPointExtension>
        </extensions>
      </trkpt>
      <trkpt lat="42.762222038581967" lon="-0.506904982030392">
        <ele>1365.8</ele>
        <time>2026-07-08T08:07:13Z</time>
        <extensions>
          <gpxtpx:TrackPointExtension>
            <gpxtpx:atemp>30</gpxtpx:atemp>
            <gpxtpx:hr>121</gpxtpx:hr>
            <gpxtpx:cad>0</gpxtpx:cad>
          </gpxtpx:TrackPointExtension>
          <gpxx:TrackPointExtension>
            <gpxx:Temperature>30</gpxx:Temperature>
          </gpxx:TrackPointExtension>
        </extensions>
      </trkpt>
      <trkpt lat="42.762226983904839" lon="-0.506904982030392">
        <ele>1366.8</ele>
        <time>2026-07-08T08:07:18Z</time>
        <extensions>
          <gpxtpx:TrackPointExtension>
            <gpxtpx:atemp>30</gpxtpx:atemp>
            <gpxtpx:hr>120</gpxtpx:hr>
            <gpxtpx:cad>0</gpxtpx:cad>
          </gpxtpx:TrackPointExtension>
          <gpxx:TrackPointExtension>
            <gpxx:Temperature>30</gpxx:Temperature>
          </gpxx:TrackPointExtension>
        </extensions>
      </trkpt>
      <trkpt lat="42.762232013046741" lon="-0.506902970373631">
        <ele>1367</ele>
        <time>2026-07-08T08:07:30Z</time>
        <extensions>
          <gpxtpx:TrackPointExtension>
            <gpxtpx:atemp>30</gpxtpx:atemp>
            <gpxtpx:hr>117</gpxtpx:hr>
            <gpxtpx:cad>0</gpxtpx:cad>
          </gpxtpx:TrackPointExtension>
          <gpxx:TrackPointExtension>
            <gpxx:Temperature>30</gpxx:Temperature>
          </gpxx:TrackPointExtension>
        </extensions>
      </trkpt>
      <trkpt lat="42.762234024703503" lon="-0.506897019222379">
        <ele>1367</ele>
        <time>2026-07-08T08:07:40Z</time>
        <extensions>
          <gpxtpx:TrackPointExtension>
            <gpxtpx:atemp>30</gpxtpx:atemp>
            <gpxtpx:hr>120</gpxtpx:hr>
            <gpxtpx:cad>0</gpxtpx:cad>
          </gpxtpx:TrackPointExtension>
          <gpxx:TrackPointExtension>
            <gpxx:Temperature>30</gpxx:Temperature>
          </gpxx:TrackPointExtension>
        </extensions>
      </trkpt>
      <trkpt lat="42.762235030531883" lon="-0.506887966766953">
        <ele>1367.4000000000001</ele>
        <time>2026-07-08T08:07:55Z</time>
        <extensions>
          <gpxtpx:TrackPointExtension>
            <gpxtpx:atemp>30</gpxtpx:atemp>
            <gpxtpx:hr>118</gpxtpx:hr>
            <gpxtpx:cad>0</gpxtpx:cad>
          </gpxtpx:TrackPointExtension>
          <gpxx:TrackPointExtension>
            <gpxx:Temperature>30</gpxx:Temperature>
          </gpxx:TrackPointExtension>
        </extensions>
      </trkpt>
      <trkpt lat="42.762235030531883" lon="-0.506884027272463">
        <ele>1367.8</ele>
        <time>2026-07-08T08:08:03Z</time>
        <extensions>
          <gpxtpx:TrackPointExtension>
            <gpxtpx:atemp>30</gpxtpx:atemp>
            <gpxtpx:hr>118</gpxtpx:hr>
            <gpxtpx:cad>0</gpxtpx:cad>
          </gpxtpx:TrackPointExtension>
          <gpxx:TrackPointExtension>
            <gpxx:Temperature>30</gpxx:Temperature>
          </gpxx:TrackPointExtension>
        </extensions>
      </trkpt>
      <trkpt lat="42.762236036360264" lon="-0.506884027272463">
        <ele>1368.8</ele>
        <time>2026-07-08T08:08:10Z</time>
        <extensions>
          <gpxtpx:TrackPointExtension>
            <gpxtpx:atemp>30</gpxtpx:atemp>
            <gpxtpx:hr>115</gpxtpx:hr>
            <gpxtpx:cad>0</gpxtpx:cad>
          </gpxtpx:TrackPointExtension>
          <gpxx:TrackPointExtension>
            <gpxx:Temperature>30</gpxx:Temperature>
          </gpxx:TrackPointExtension>
        </extensions>
      </trkpt>
      <trkpt lat="42.762236036360264" lon="-0.506884027272463">
        <ele>1369</ele>
        <time>2026-07-08T08:08:11Z</time>
        <extensions>
          <gpxtpx:TrackPointExtension>
            <gpxtpx:atemp>30</gpxtpx:atemp>
            <gpxtpx:hr>114</gpxtpx:hr>
            <gpxtpx:cad>0</gpxtpx:cad>
          </gpxtpx:TrackPointExtension>
          <gpxx:TrackPointExtension>
            <gpxx:Temperature>30</gpxx:Temperature>
          </gpxx:TrackPointExtension>
        </extensions>
      </trkpt>
      <trkpt lat="42.762236036360264" lon="-0.506889978423715">
        <ele>1369.2</ele>
        <time>2026-07-08T08:08:14Z</time>
        <extensions>
          <gpxtpx:TrackPointExtension>
            <gpxtpx:atemp>30</gpxtpx:atemp>
            <gpxtpx:hr>111</gpxtpx:hr>
            <gpxtpx:cad>0</gpxtpx:cad>
          </gpxtpx:TrackPointExtension>
          <gpxx:TrackPointExtension>
            <gpxx:Temperature>30</gpxx:Temperature>
          </gpxx:TrackPointExtension>
        </extensions>
      </trkpt>
      <trkpt lat="42.762232013046741" lon="-0.506895007565618">
        <ele>1369.8</ele>
        <time>2026-07-08T08:08:26Z</time>
        <extensions>
          <gpxtpx:TrackPointExtension>
            <gpxtpx:atemp>30</gpxtpx:atemp>
            <gpxtpx:hr>114</gpxtpx:hr>
            <gpxtpx:cad>0</gpxtpx:cad>
          </gpxtpx:TrackPointExtension>
          <gpxx:TrackPointExtension>
            <gpxx:Temperature>30</gpxx:Temperature>
          </gpxx:TrackPointExtension>
        </extensions>
      </trkpt>
      <trkpt lat="42.762231007218361" lon="-0.506895007565618">
        <ele>1370.2</ele>
        <time>2026-07-08T08:08:28Z</time>
        <extensions>
          <gpxtpx:TrackPointExtension>
            <gpxtpx:atemp>30</gpxtpx:atemp>
            <gpxtpx:hr>113</gpxtpx:hr>
            <gpxtpx:cad>0</gpxtpx:cad>
          </gpxtpx:TrackPointExtension>
          <gpxx:TrackPointExtension>
            <gpxx:Temperature>30</gpxx:Temperature>
          </gpxx:TrackPointExtension>
        </extensions>
      </trkpt>
      <trkpt lat="42.762227989733219" lon="-0.506892995908856">
        <ele>1371.2</ele>
        <time>2026-07-08T08:08:32Z</time>
        <extensions>
          <gpxtpx:TrackPointExtension>
            <gpxtpx:atemp>30</gpxtpx:atemp>
            <gpxtpx:hr>110</gpxtpx:hr>
            <gpxtpx:cad>0</gpxtpx:cad>
          </gpxtpx:TrackPointExtension>
          <gpxx:TrackPointExtension>
            <gpxx:Temperature>30</gpxx:Temperature>
          </gpxx:TrackPointExtension>
        </extensions>
      </trkpt>
      <trkpt lat="42.762227989733219" lon="-0.506891990080476">
        <ele>1371.4000000000001</ele>
        <time>2026-07-08T08:08:33Z</time>
        <extensions>
          <gpxtpx:TrackPointExtension>
            <gpxtpx:atemp>30</gpxtpx:atemp>
            <gpxtpx:hr>109</gpxtpx:hr>
            <gpxtpx:cad>0</gpxtpx:cad>
          </gpxtpx:TrackPointExtension>
          <gpxx:TrackPointExtension>
            <gpxx:Temperature>30</gpxx:Temperature>
          </gpxx:TrackPointExtension>
        </extensions>
      </trkpt>
      <trkpt lat="42.762217009440064" lon="-0.506857959553599">
        <ele>1372.5999999999999</ele>
        <time>2026-07-08T08:08:45Z</time>
        <extensions>
          <gpxtpx:TrackPointExtension>
            <gpxtpx:atemp>30</gpxtpx:atemp>
            <gpxtpx:hr>107</gpxtpx:hr>
            <gpxtpx:cad>52</gpxtpx:cad>
          </gpxtpx:TrackPointExtension>
          <gpxx:TrackPointExtension>
            <gpxx:Temperature>30</gpxx:Temperature>
          </gpxx:TrackPointExtension>
        </extensions>
      </trkpt>
      <trkpt lat="42.762214997783303" lon="-0.506845973432064">
        <ele>1373.5999999999999</ele>
        <time>2026-07-08T08:08:49Z</time>
        <extensions>
          <gpxtpx:TrackPointExtension>
            <gpxtpx:atemp>30</gpxtpx:atemp>
            <gpxtpx:hr>106</gpxtpx:hr>
            <gpxtpx:cad>0</gpxtpx:cad>
          </gpxtpx:TrackPointExtension>
          <gpxx:TrackPointExtension>
            <gpxx:Temperature>30</gpxx:Temperature>
          </gpxx:TrackPointExtension>
        </extensions>
      </trkpt>
      <trkpt lat="42.762211980298162" lon="-0.506828958168626">
        <ele>1373.8</ele>
        <time>2026-07-08T08:08:57Z</time>
        <extensions>
          <gpxtpx:TrackPointExtension>
            <gpxtpx:atemp>30</gpxtpx:atemp>
            <gpxtpx:hr>109</gpxtpx:hr>
            <gpxtpx:cad>0</gpxtpx:cad>
          </gpxtpx:TrackPointExtension>
          <gpxx:TrackPointExtension>
            <gpxx:Temperature>30</gpxx:Temperature>
          </gpxx:TrackPointExtension>
        </extensions>
      </trkpt>
      <trkpt lat="42.762210974469781" lon="-0.506825018674135">
        <ele>1373.5999999999999</ele>
        <time>2026-07-08T08:09:00Z</time>
        <extensions>
          <gpxtpx:TrackPointExtension>
            <gpxtpx:atemp>30</gpxtpx:atemp>
            <gpxtpx:hr>113</gpxtpx:hr>
            <gpxtpx:cad>0</gpxtpx:cad>
          </gpxtpx:TrackPointExtension>
          <gpxx:TrackPointExtension>
            <gpxx:Temperature>30</gpxx:Temperature>
          </gpxx:TrackPointExtension>
        </extensions>
      </trkpt>
      <trkpt lat="42.7622099686414" lon="-0.506822001188993">
        <ele>1373.5999999999999</ele>
        <time>2026-07-08T08:09:02Z</time>
        <extensions>
          <gpxtpx:TrackPointExtension>
            <gpxtpx:atemp>30</gpxtpx:atemp>
            <gpxtpx:hr>117</gpxtpx:hr>
            <gpxtpx:cad>0</gpxtpx:cad>
          </gpxtpx:TrackPointExtension>
          <gpxx:TrackPointExtension>
            <gpxx:Temperature>30</gpxx:Temperature>
          </gpxx:TrackPointExtension>
        </extensions>
      </trkpt>
      <trkpt lat="42.76220896281302" lon="-0.506819989532232">
        <ele>1373.5999999999999</ele>
        <time>2026-07-08T08:09:05Z</time>
        <extensions>
          <gpxtpx:TrackPointExtension>
            <gpxtpx:atemp>30</gpxtpx:atemp>
            <gpxtpx:hr>114</gpxtpx:hr>
            <gpxtpx:cad>0</gpxtpx:cad>
          </gpxtpx:TrackPointExtension>
          <gpxx:TrackPointExtension>
            <gpxx:Temperature>30</gpxx:Temperature>
          </gpxx:TrackPointExtension>
        </extensions>
      </trkpt>
      <trkpt lat="42.762208040803671" lon="-0.506816972047091">
        <ele>1374.8</ele>
        <time>2026-07-08T08:09:10Z</time>
        <extensions>
          <gpxtpx:TrackPointExtension>
            <gpxtpx:atemp>30</gpxtpx:atemp>
            <gpxtpx:hr>114</gpxtpx:hr>
            <gpxtpx:cad>0</gpxtpx:cad>
          </gpxtpx:TrackPointExtension>
          <gpxx:TrackPointExtension>
            <gpxx:Temperature>30</gpxx:Temperature>
          </gpxx:TrackPointExtension>
        </extensions>
      </trkpt>
      <trkpt lat="42.76220703497529" lon="-0.506816972047091">
        <ele>1376.2</ele>
        <time>2026-07-08T08:09:14Z</time>
        <extensions>
          <gpxtpx:TrackPointExtension>
            <gpxtpx:atemp>30</gpxtpx:atemp>
            <gpxtpx:hr>115</gpxtpx:hr>
            <gpxtpx:cad>0</gpxtpx:cad>
          </gpxtpx:TrackPointExtension>
          <gpxx:TrackPointExtension>
            <gpxx:Temperature>30</gpxx:Temperature>
          </gpxx:TrackPointExtension>
        </extensions>
      </trkpt>
      <trkpt lat="42.76220602914691" lon="-0.506816972047091">
        <ele>1377</ele>
        <time>2026-07-08T08:09:27Z</time>
        <extensions>
          <gpxtpx:TrackPointExtension>
            <gpxtpx:atemp>30</gpxtpx:atemp>
            <gpxtpx:hr>112</gpxtpx:hr>
            <gpxtpx:cad>0</gpxtpx:cad>
          </gpxtpx:TrackPointExtension>
          <gpxx:TrackPointExtension>
            <gpxx:Temperature>30</gpxx:Temperature>
          </gpxx:TrackPointExtension>
        </extensions>
      </trkpt>
      <trkpt lat="42.76220602914691" lon="-0.506817977875471">
        <ele>1377.2</ele>
        <time>2026-07-08T08:09:29Z</time>
        <extensions>
          <gpxtpx:TrackPointExtension>
            <gpxtpx:atemp>30</gpxtpx:atemp>
            <gpxtpx:hr>108</gpxtpx:hr>
            <gpxtpx:cad>0</gpxtpx:cad>
          </gpxtpx:TrackPointExtension>
          <gpxx:TrackPointExtension>
            <gpxx:Temperature>30</gpxx:Temperature>
          </gpxx:TrackPointExtension>
        </extensions>
      </trkpt>
      <trkpt lat="42.76220602914691" lon="-0.506816972047091">
        <ele>1377.2</ele>
        <time>2026-07-08T08:09:31Z</time>
        <extensions>
          <gpxtpx:TrackPointExtension>
            <gpxtpx:atemp>30</gpxtpx:atemp>
            <gpxtpx:hr>108</gpxtpx:hr>
            <gpxtpx:cad>0</gpxtpx:cad>
          </gpxtpx:TrackPointExtension>
          <gpxx:TrackPointExtension>
            <gpxx:Temperature>30</gpxx:Temperature>
          </gpxx:TrackPointExtension>
        </extensions>
      </trkpt>
      <trkpt lat="42.762205023318529" lon="-0.506818983703852">
        <ele>1378.4000000000001</ele>
        <time>2026-07-08T08:09:42Z</time>
        <extensions>
          <gpxtpx:TrackPointExtension>
            <gpxtpx:atemp>30</gpxtpx:atemp>
            <gpxtpx:hr>105</gpxtpx:hr>
            <gpxtpx:cad>0</gpxtpx:cad>
          </gpxtpx:TrackPointExtension>
          <gpxx:TrackPointExtension>
            <gpxx:Temperature>30</gpxx:Temperature>
          </gpxx:TrackPointExtension>
        </extensions>
      </trkpt>
      <trkpt lat="42.762204017490149" lon="-0.506819989532232">
        <ele>1379.5999999999999</ele>
        <time>2026-07-08T08:09:54Z</time>
        <extensions>
          <gpxtpx:TrackPointExtension>
            <gpxtpx:atemp>30</gpxtpx:atemp>
            <gpxtpx:hr>105</gpxtpx:hr>
            <gpxtpx:cad>0</gpxtpx:cad>
          </gpxtpx:TrackPointExtension>
          <gpxx:TrackPointExtension>
            <gpxx:Temperature>30</gpxx:Temperature>
          </gpxx:TrackPointExtension>
        </extensions>
      </trkpt>
      <trkpt lat="42.762204017490149" lon="-0.506819989532232">
        <ele>1381</ele>
        <time>2026-07-08T08:09:58Z</time>
        <extensions>
          <gpxtpx:TrackPointExtension>
            <gpxtpx:atemp>30</gpxtpx:atemp>
            <gpxtpx:hr>105</gpxtpx:hr>
            <gpxtpx:cad>0</gpxtpx:cad>
          </gpxtpx:TrackPointExtension>
          <gpxx:TrackPointExtension>
            <gpxx:Temperature>30</gpxx:Temperature>
          </gpxx:TrackPointExtension>
        </extensions>
      </trkpt>
      <trkpt lat="42.762202005833387" lon="-0.506820995360613">
        <ele>1382</ele>
        <time>2026-07-08T08:10:11Z</time>
        <extensions>
          <gpxtpx:TrackPointExtension>
            <gpxtpx:atemp>30</gpxtpx:atemp>
            <gpxtpx:hr>104</gpxtpx:hr>
            <gpxtpx:cad>0</gpxtpx:cad>
          </gpxtpx:TrackPointExtension>
          <gpxx:TrackPointExtension>
            <gpxx:Temperature>30</gpxx:Temperature>
          </gpxx:TrackPointExtension>
        </extensions>
      </trkpt>
      <trkpt lat="42.762201000005007" lon="-0.506822001188993">
        <ele>1383.2</ele>
        <time>2026-07-08T08:10:18Z</time>
        <extensions>
          <gpxtpx:TrackPointExtension>
            <gpxtpx:atemp>30</gpxtpx:atemp>
            <gpxtpx:hr>105</gpxtpx:hr>
            <gpxtpx:cad>0</gpxtpx:cad>
          </gpxtpx:TrackPointExtension>
          <gpxx:TrackPointExtension>
            <gpxx:Temperature>30</gpxx:Temperature>
          </gpxx:TrackPointExtension>
        </extensions>
      </trkpt>
      <trkpt lat="42.762201000005007" lon="-0.506822001188993">
        <ele>1383.8</ele>
        <time>2026-07-08T08:10:20Z</time>
        <extensions>
          <gpxtpx:TrackPointExtension>
            <gpxtpx:atemp>30</gpxtpx:atemp>
            <gpxtpx:hr>109</gpxtpx:hr>
            <gpxtpx:cad>0</gpxtpx:cad>
          </gpxtpx:TrackPointExtension>
          <gpxx:TrackPointExtension>
            <gpxx:Temperature>30</gpxx:Temperature>
          </gpxx:TrackPointExtension>
        </extensions>
      </trkpt>
      <trkpt lat="42.762201000005007" lon="-0.506822001188993">
        <ele>1384.4000000000001</ele>
        <time>2026-07-08T08:10:24Z</time>
        <extensions>
          <gpxtpx:TrackPointExtension>
            <gpxtpx:atemp>30</gpxtpx:atemp>
            <gpxtpx:hr>111</gpxtpx:hr>
            <gpxtpx:cad>0</gpxtpx:cad>
          </gpxtpx:TrackPointExtension>
          <gpxx:TrackPointExtension>
            <gpxx:Temperature>30</gpxx:Temperature>
          </gpxx:TrackPointExtension>
        </extensions>
      </trkpt>
      <trkpt lat="42.762198988348246" lon="-0.506822001188993">
        <ele>1385.5999999999999</ele>
        <time>2026-07-08T08:10:41Z</time>
        <extensions>
          <gpxtpx:TrackPointExtension>
            <gpxtpx:atemp>30</gpxtpx:atemp>
            <gpxtpx:hr>112</gpxtpx:hr>
            <gpxtpx:cad>0</gpxtpx:cad>
          </gpxtpx:TrackPointExtension>
          <gpxx:TrackPointExtension>
            <gpxx:Temperature>30</gpxx:Temperature>
          </gpxx:TrackPointExtension>
        </extensions>
      </trkpt>
      <trkpt lat="42.762197982519865" lon="-0.506824012845755">
        <ele>1386</ele>
        <time>2026-07-08T08:10:49Z</time>
        <extensions>
          <gpxtpx:TrackPointExtension>
            <gpxtpx:atemp>30</gpxtpx:atemp>
            <gpxtpx:hr>115</gpxtpx:hr>
            <gpxtpx:cad>0</gpxtpx:cad>
          </gpxtpx:TrackPointExtension>
          <gpxx:TrackPointExtension>
            <gpxx:Temperature>30</gpxx:Temperature>
          </gpxx:TrackPointExtension>
        </extensions>
      </trkpt>
      <trkpt lat="42.762197982519865" lon="-0.506824012845755">
        <ele>1386.4000000000001</ele>
        <time>2026-07-08T08:10:59Z</time>
        <extensions>
          <gpxtpx:TrackPointExtension>
            <gpxtpx:atemp>30</gpxtpx:atemp>
            <gpxtpx:hr>112</gpxtpx:hr>
            <gpxtpx:cad>0</gpxtpx:cad>
          </gpxtpx:TrackPointExtension>
          <gpxx:TrackPointExtension>
            <gpxx:Temperature>30</gpxx:Temperature>
          </gpxx:TrackPointExtension>
        </extensions>
      </trkpt>
      <trkpt lat="42.762197982519865" lon="-0.506824012845755">
        <ele>1386.5999999999999</ele>
        <time>2026-07-08T08:11:01Z</time>
        <extensions>
          <gpxtpx:TrackPointExtension>
            <gpxtpx:atemp>30</gpxtpx:atemp>
            <gpxtpx:hr>110</gpxtpx:hr>
            <gpxtpx:cad>0</gpxtpx:cad>
          </gpxtpx:TrackPointExtension>
          <gpxx:TrackPointExtension>
            <gpxx:Temperature>30</gpxx:Temperature>
          </gpxx:TrackPointExtension>
        </extensions>
      </trkpt>
      <trkpt lat="42.762196976691484" lon="-0.506824012845755">
        <ele>1387.4000000000001</ele>
        <time>2026-07-08T08:11:05Z</time>
        <extensions>
          <gpxtpx:TrackPointExtension>
            <gpxtpx:atemp>30</gpxtpx:atemp>
            <gpxtpx:hr>107</gpxtpx:hr>
            <gpxtpx:cad>0</gpxtpx:cad>
          </gpxtpx:TrackPointExtension>
          <gpxx:TrackPointExtension>
            <gpxx:Temperature>30</gpxx:Temperature>
          </gpxx:TrackPointExtension>
        </extensions>
      </trkpt>
      <trkpt lat="42.762196976691484" lon="-0.506824012845755">
        <ele>1387.5999999999999</ele>
        <time>2026-07-08T08:11:08Z</time>
        <extensions>
          <gpxtpx:TrackPointExtension>
            <gpxtpx:atemp>30</gpxtpx:atemp>
            <gpxtpx:hr>104</gpxtpx:hr>
            <gpxtpx:cad>0</gpxtpx:cad>
          </gpxtpx:TrackPointExtension>
          <gpxx:TrackPointExtension>
            <gpxx:Temperature>30</gpxx:Temperature>
          </gpxx:TrackPointExtension>
        </extensions>
      </trkpt>
      <trkpt lat="42.762195970863104" lon="-0.506825018674135">
        <ele>1387.5999999999999</ele>
        <time>2026-07-08T08:11:21Z</time>
        <extensions>
          <gpxtpx:TrackPointExtension>
            <gpxtpx:atemp>30</gpxtpx:atemp>
            <gpxtpx:hr>101</gpxtpx:hr>
            <gpxtpx:cad>0</gpxtpx:cad>
          </gpxtpx:TrackPointExtension>
          <gpxx:TrackPointExtension>
            <gpxx:Temperature>30</gpxx:Temperature>
          </gpxx:TrackPointExtension>
        </extensions>
      </trkpt>
      <trkpt lat="42.762194965034723" lon="-0.506825018674135">
        <ele>1387.8</ele>
        <time>2026-07-08T08:11:29Z</time>
        <extensions>
          <gpxtpx:TrackPointExtension>
            <gpxtpx:atemp>30</gpxtpx:atemp>
            <gpxtpx:hr>99</gpxtpx:hr>
            <gpxtpx:cad>0</gpxtpx:cad>
          </gpxtpx:TrackPointExtension>
          <gpxx:TrackPointExtension>
            <gpxx:Temperature>30</gpxx:Temperature>
          </gpxx:TrackPointExtension>
        </extensions>
      </trkpt>
      <trkpt lat="42.762194965034723" lon="-0.506825018674135">
        <ele>1388.5999999999999</ele>
        <time>2026-07-08T08:11:34Z</time>
        <extensions>
          <gpxtpx:TrackPointExtension>
            <gpxtpx:atemp>30</gpxtpx:atemp>
            <gpxtpx:hr>102</gpxtpx:hr>
            <gpxtpx:cad>0</gpxtpx:cad>
          </gpxtpx:TrackPointExtension>
          <gpxx:TrackPointExtension>
            <gpxx:Temperature>30</gpxx:Temperature>
          </gpxx:TrackPointExtension>
        </extensions>
      </trkpt>
      <trkpt lat="42.762193959206343" lon="-0.506826024502516">
        <ele>1389</ele>
        <time>2026-07-08T08:11:36Z</time>
        <extensions>
          <gpxtpx:TrackPointExtension>
            <gpxtpx:atemp>30</gpxtpx:atemp>
            <gpxtpx:hr>103</gpxtpx:hr>
            <gpxtpx:cad>0</gpxtpx:cad>
          </gpxtpx:TrackPointExtension>
          <gpxx:TrackPointExtension>
            <gpxx:Temperature>30</gpxx:Temperature>
          </gpxx:TrackPointExtension>
        </extensions>
      </trkpt>
      <trkpt lat="42.762193037196994" lon="-0.506826024502516">
        <ele>1389.5999999999999</ele>
        <time>2026-07-08T08:11:45Z</time>
        <extensions>
          <gpxtpx:TrackPointExtension>
            <gpxtpx:atemp>30</gpxtpx:atemp>
            <gpxtpx:hr>100</gpxtpx:hr>
            <gpxtpx:cad>0</gpxtpx:cad>
          </gpxtpx:TrackPointExtension>
          <gpxx:TrackPointExtension>
            <gpxx:Temperature>30</gpxx:Temperature>
          </gpxx:TrackPointExtension>
        </extensions>
      </trkpt>
      <trkpt lat="42.762193037196994" lon="-0.506825018674135">
        <ele>1389.8</ele>
        <time>2026-07-08T08:11:49Z</time>
        <extensions>
          <gpxtpx:TrackPointExtension>
            <gpxtpx:atemp>30</gpxtpx:atemp>
            <gpxtpx:hr>97</gpxtpx:hr>
            <gpxtpx:cad>0</gpxtpx:cad>
          </gpxtpx:TrackPointExtension>
          <gpxx:TrackPointExtension>
            <gpxx:Temperature>30</gpxx:Temperature>
          </gpxx:TrackPointExtension>
        </extensions>
      </trkpt>
      <trkpt lat="42.762193037196994" lon="-0.506825018674135">
        <ele>1390</ele>
        <time>2026-07-08T08:11:52Z</time>
        <extensions>
          <gpxtpx:TrackPointExtension>
            <gpxtpx:atemp>30</gpxtpx:atemp>
            <gpxtpx:hr>96</gpxtpx:hr>
            <gpxtpx:cad>0</gpxtpx:cad>
          </gpxtpx:TrackPointExtension>
          <gpxx:TrackPointExtension>
            <gpxx:Temperature>30</gpxx:Temperature>
          </gpxx:TrackPointExtension>
        </extensions>
      </trkpt>
      <trkpt lat="42.762192031368613" lon="-0.506827030330896">
        <ele>1389.5999999999999</ele>
        <time>2026-07-08T08:12:06Z</time>
        <extensions>
          <gpxtpx:TrackPointExtension>
            <gpxtpx:atemp>30</gpxtpx:atemp>
            <gpxtpx:hr>93</gpxtpx:hr>
            <gpxtpx:cad>0</gpxtpx:cad>
          </gpxtpx:TrackPointExtension>
          <gpxx:TrackPointExtension>
            <gpxx:Temperature>30</gpxx:Temperature>
          </gpxx:TrackPointExtension>
        </extensions>
      </trkpt>
      <trkpt lat="42.762191025540233" lon="-0.506827030330896">
        <ele>1389.8</ele>
        <time>2026-07-08T08:12:14Z</time>
        <extensions>
          <gpxtpx:TrackPointExtension>
            <gpxtpx:atemp>30</gpxtpx:atemp>
            <gpxtpx:hr>96</gpxtpx:hr>
            <gpxtpx:cad>0</gpxtpx:cad>
          </gpxtpx:TrackPointExtension>
          <gpxx:TrackPointExtension>
            <gpxx:Temperature>30</gpxx:Temperature>
          </gpxx:TrackPointExtension>
        </extensions>
      </trkpt>
      <trkpt lat="42.762190019711852" lon="-0.506827030330896">
        <ele>1391</ele>
        <time>2026-07-08T08:12:30Z</time>
        <extensions>
          <gpxtpx:TrackPointExtension>
            <gpxtpx:atemp>30</gpxtpx:atemp>
            <gpxtpx:hr>97</gpxtpx:hr>
            <gpxtpx:cad>0</gpxtpx:cad>
          </gpxtpx:TrackPointExtension>
          <gpxx:TrackPointExtension>
            <gpxx:Temperature>30</gpxx:Temperature>
          </gpxx:TrackPointExtension>
        </extensions>
      </trkpt>
      <trkpt lat="42.762188008055091" lon="-0.506825018674135">
        <ele>1392</ele>
        <time>2026-07-08T08:12:54Z</time>
        <extensions>
          <gpxtpx:TrackPointExtension>
            <gpxtpx:atemp>30</gpxtpx:atemp>
            <gpxtpx:hr>99</gpxtpx:hr>
            <gpxtpx:cad>0</gpxtpx:cad>
          </gpxtpx:TrackPointExtension>
          <gpxx:TrackPointExtension>
            <gpxx:Temperature>30</gpxx:Temperature>
          </gpxx:TrackPointExtension>
        </extensions>
      </trkpt>
      <trkpt lat="42.76218700222671" lon="-0.506825018674135">
        <ele>1392.8</ele>
        <time>2026-07-08T08:12:59Z</time>
        <extensions>
          <gpxtpx:TrackPointExtension>
            <gpxtpx:atemp>30</gpxtpx:atemp>
            <gpxtpx:hr>102</gpxtpx:hr>
            <gpxtpx:cad>0</gpxtpx:cad>
          </gpxtpx:TrackPointExtension>
          <gpxx:TrackPointExtension>
            <gpxx:Temperature>30</gpxx:Temperature>
          </gpxx:TrackPointExtension>
        </extensions>
      </trkpt>
      <trkpt lat="42.76218700222671" lon="-0.506824012845755">
        <ele>1393.2</ele>
        <time>2026-07-08T08:13:02Z</time>
        <extensions>
          <gpxtpx:TrackPointExtension>
            <gpxtpx:atemp>30</gpxtpx:atemp>
            <gpxtpx:hr>103</gpxtpx:hr>
            <gpxtpx:cad>0</gpxtpx:cad>
          </gpxtpx:TrackPointExtension>
          <gpxx:TrackPointExtension>
            <gpxx:Temperature>30</gpxx:Temperature>
          </gpxx:TrackPointExtension>
        </extensions>
      </trkpt>
      <trkpt lat="42.76218599639833" lon="-0.506819989532232">
        <ele>1394</ele>
        <time>2026-07-08T08:13:22Z</time>
        <extensions>
          <gpxtpx:TrackPointExtension>
            <gpxtpx:atemp>30</gpxtpx:atemp>
            <gpxtpx:hr>107</gpxtpx:hr>
            <gpxtpx:cad>0</gpxtpx:cad>
          </gpxtpx:TrackPointExtension>
          <gpxx:TrackPointExtension>
            <gpxx:Temperature>30</gpxx:Temperature>
          </gpxx:TrackPointExtension>
        </extensions>
      </trkpt>
      <trkpt lat="42.76218599639833" lon="-0.506819989532232">
        <ele>1394</ele>
        <time>2026-07-08T08:13:25Z</time>
        <extensions>
          <gpxtpx:TrackPointExtension>
            <gpxtpx:atemp>30</gpxtpx:atemp>
            <gpxtpx:hr>110</gpxtpx:hr>
            <gpxtpx:cad>0</gpxtpx:cad>
          </gpxtpx:TrackPointExtension>
          <gpxx:TrackPointExtension>
            <gpxx:Temperature>30</gpxx:Temperature>
          </gpxx:TrackPointExtension>
        </extensions>
      </trkpt>
      <trkpt lat="42.76218700222671" lon="-0.50681596621871">
        <ele>1393.8</ele>
        <time>2026-07-08T08:13:46Z</time>
        <extensions>
          <gpxtpx:TrackPointExtension>
            <gpxtpx:atemp>30</gpxtpx:atemp>
            <gpxtpx:hr>113</gpxtpx:hr>
            <gpxtpx:cad>0</gpxtpx:cad>
          </gpxtpx:TrackPointExtension>
          <gpxx:TrackPointExtension>
            <gpxx:Temperature>30</gpxx:Temperature>
          </gpxx:TrackPointExtension>
        </extensions>
      </trkpt>
      <trkpt lat="42.76218599639833" lon="-0.506814960390329">
        <ele>1394.2</ele>
        <time>2026-07-08T08:13:56Z</time>
        <extensions>
          <gpxtpx:TrackPointExtension>
            <gpxtpx:atemp>30</gpxtpx:atemp>
            <gpxtpx:hr>114</gpxtpx:hr>
            <gpxtpx:cad>0</gpxtpx:cad>
          </gpxtpx:TrackPointExtension>
          <gpxx:TrackPointExtension>
            <gpxx:Temperature>30</gpxx:Temperature>
          </gpxx:TrackPointExtension>
        </extensions>
      </trkpt>
      <trkpt lat="42.76218599639833" lon="-0.506814960390329">
        <ele>1394.5999999999999</ele>
        <time>2026-07-08T08:13:58Z</time>
        <extensions>
          <gpxtpx:TrackPointExtension>
            <gpxtpx:atemp>30</gpxtpx:atemp>
            <gpxtpx:hr>111</gpxtpx:hr>
            <gpxtpx:cad>0</gpxtpx:cad>
          </gpxtpx:TrackPointExtension>
          <gpxx:TrackPointExtension>
            <gpxx:Temperature>30</gpxx:Temperature>
          </gpxx:TrackPointExtension>
        </extensions>
      </trkpt>
      <trkpt lat="42.762184990569949" lon="-0.506814960390329">
        <ele>1395.2</ele>
        <time>2026-07-08T08:14:01Z</time>
        <extensions>
          <gpxtpx:TrackPointExtension>
            <gpxtpx:atemp>30</gpxtpx:atemp>
            <gpxtpx:hr>109</gpxtpx:hr>
            <gpxtpx:cad>0</gpxtpx:cad>
          </gpxtpx:TrackPointExtension>
          <gpxx:TrackPointExtension>
            <gpxx:Temperature>30</gpxx:Temperature>
          </gpxx:TrackPointExtension>
        </extensions>
      </trkpt>
      <trkpt lat="42.762183984741569" lon="-0.506814960390329">
        <ele>1395.8</ele>
        <time>2026-07-08T08:14:07Z</time>
        <extensions>
          <gpxtpx:TrackPointExtension>
            <gpxtpx:atemp>30</gpxtpx:atemp>
            <gpxtpx:hr>106</gpxtpx:hr>
            <gpxtpx:cad>0</gpxtpx:cad>
          </gpxtpx:TrackPointExtension>
          <gpxx:TrackPointExtension>
            <gpxx:Temperature>30</gpxx:Temperature>
          </gpxx:TrackPointExtension>
        </extensions>
      </trkpt>
      <trkpt lat="42.762182978913188" lon="-0.50681403838098">
        <ele>1396</ele>
        <time>2026-07-08T08:14:18Z</time>
        <extensions>
          <gpxtpx:TrackPointExtension>
            <gpxtpx:atemp>30</gpxtpx:atemp>
            <gpxtpx:hr>103</gpxtpx:hr>
            <gpxtpx:cad>0</gpxtpx:cad>
          </gpxtpx:TrackPointExtension>
          <gpxx:TrackPointExtension>
            <gpxx:Temperature>30</gpxx:Temperature>
          </gpxx:TrackPointExtension>
        </extensions>
      </trkpt>
      <trkpt lat="42.762182978913188" lon="-0.5068130325526">
        <ele>1396.4000000000001</ele>
        <time>2026-07-08T08:14:22Z</time>
        <extensions>
          <gpxtpx:TrackPointExtension>
            <gpxtpx:atemp>30</gpxtpx:atemp>
            <gpxtpx:hr>102</gpxtpx:hr>
            <gpxtpx:cad>0</gpxtpx:cad>
          </gpxtpx:TrackPointExtension>
          <gpxx:TrackPointExtension>
            <gpxx:Temperature>30</gpxx:Temperature>
          </gpxx:TrackPointExtension>
        </extensions>
      </trkpt>
      <trkpt lat="42.762181973084807" lon="-0.5068130325526">
        <ele>1396.5999999999999</ele>
        <time>2026-07-08T08:14:33Z</time>
        <extensions>
          <gpxtpx:TrackPointExtension>
            <gpxtpx:atemp>30</gpxtpx:atemp>
            <gpxtpx:hr>105</gpxtpx:hr>
            <gpxtpx:cad>0</gpxtpx:cad>
          </gpxtpx:TrackPointExtension>
          <gpxx:TrackPointExtension>
            <gpxx:Temperature>30</gpxx:Temperature>
          </gpxx:TrackPointExtension>
        </extensions>
      </trkpt>
      <trkpt lat="42.762181973084807" lon="-0.5068130325526">
        <ele>1396.8</ele>
        <time>2026-07-08T08:14:34Z</time>
        <extensions>
          <gpxtpx:TrackPointExtension>
            <gpxtpx:atemp>30</gpxtpx:atemp>
            <gpxtpx:hr>105</gpxtpx:hr>
            <gpxtpx:cad>0</gpxtpx:cad>
          </gpxtpx:TrackPointExtension>
          <gpxx:TrackPointExtension>
            <gpxx:Temperature>30</gpxx:Temperature>
          </gpxx:TrackPointExtension>
        </extensions>
      </trkpt>
      <trkpt lat="42.762181973084807" lon="-0.506812026724219">
        <ele>1397.4000000000001</ele>
        <time>2026-07-08T08:14:40Z</time>
        <extensions>
          <gpxtpx:TrackPointExtension>
            <gpxtpx:atemp>30</gpxtpx:atemp>
            <gpxtpx:hr>106</gpxtpx:hr>
            <gpxtpx:cad>0</gpxtpx:cad>
          </gpxtpx:TrackPointExtension>
          <gpxx:TrackPointExtension>
            <gpxx:Temperature>30</gpxx:Temperature>
          </gpxx:TrackPointExtension>
        </extensions>
      </trkpt>
      <trkpt lat="42.762181973084807" lon="-0.506811020895839">
        <ele>1398</ele>
        <time>2026-07-08T08:14:50Z</time>
        <extensions>
          <gpxtpx:TrackPointExtension>
            <gpxtpx:atemp>30</gpxtpx:atemp>
            <gpxtpx:hr>103</gpxtpx:hr>
            <gpxtpx:cad>0</gpxtpx:cad>
          </gpxtpx:TrackPointExtension>
          <gpxx:TrackPointExtension>
            <gpxx:Temperature>30</gpxx:Temperature>
          </gpxx:TrackPointExtension>
        </extensions>
      </trkpt>
      <trkpt lat="42.762181973084807" lon="-0.506810015067458">
        <ele>1398.4000000000001</ele>
        <time>2026-07-08T08:14:53Z</time>
        <extensions>
          <gpxtpx:TrackPointExtension>
            <gpxtpx:atemp>30</gpxtpx:atemp>
            <gpxtpx:hr>103</gpxtpx:hr>
            <gpxtpx:cad>0</gpxtpx:cad>
          </gpxtpx:TrackPointExtension>
          <gpxx:TrackPointExtension>
            <gpxx:Temperature>30</gpxx:Temperature>
          </gpxx:TrackPointExtension>
        </extensions>
      </trkpt>
      <trkpt lat="42.762179961428046" lon="-0.506805991753936">
        <ele>1399.5999999999999</ele>
        <time>2026-07-08T08:15:11Z</time>
        <extensions>
          <gpxtpx:TrackPointExtension>
            <gpxtpx:atemp>30</gpxtpx:atemp>
            <gpxtpx:hr>106</gpxtpx:hr>
            <gpxtpx:cad>0</gpxtpx:cad>
          </gpxtpx:TrackPointExtension>
          <gpxx:TrackPointExtension>
            <gpxx:Temperature>30</gpxx:Temperature>
          </gpxx:TrackPointExtension>
        </extensions>
      </trkpt>
      <trkpt lat="42.762179961428046" lon="-0.506805991753936">
        <ele>1399.8</ele>
        <time>2026-07-08T08:15:15Z</time>
        <extensions>
          <gpxtpx:TrackPointExtension>
            <gpxtpx:atemp>30</gpxtpx:atemp>
            <gpxtpx:hr>109</gpxtpx:hr>
            <gpxtpx:cad>0</gpxtpx:cad>
          </gpxtpx:TrackPointExtension>
          <gpxx:TrackPointExtension>
            <gpxx:Temperature>30</gpxx:Temperature>
          </gpxx:TrackPointExtension>
        </extensions>
      </trkpt>
      <trkpt lat="42.762179961428046" lon="-0.506805991753936">
        <ele>1400.5999999999999</ele>
        <time>2026-07-08T08:15:18Z</time>
        <extensions>
          <gpxtpx:TrackPointExtension>
            <gpxtpx:atemp>30</gpxtpx:atemp>
            <gpxtpx:hr>109</gpxtpx:hr>
            <gpxtpx:cad>0</gpxtpx:cad>
          </gpxtpx:TrackPointExtension>
          <gpxx:TrackPointExtension>
            <gpxx:Temperature>30</gpxx:Temperature>
          </gpxx:TrackPointExtension>
        </extensions>
      </trkpt>
      <trkpt lat="42.762179039418697" lon="-0.506804985925555">
        <ele>1401</ele>
        <time>2026-07-08T08:15:28Z</time>
        <extensions>
          <gpxtpx:TrackPointExtension>
            <gpxtpx:atemp>30</gpxtpx:atemp>
            <gpxtpx:hr>106</gpxtpx:hr>
            <gpxtpx:cad>0</gpxtpx:cad>
          </gpxtpx:TrackPointExtension>
          <gpxx:TrackPointExtension>
            <gpxx:Temperature>30</gpxx:Temperature>
          </gpxx:TrackPointExtension>
        </extensions>
      </trkpt>
      <trkpt lat="42.762177027761936" lon="-0.506802974268794">
        <ele>1401.5999999999999</ele>
        <time>2026-07-08T08:15:40Z</time>
        <extensions>
          <gpxtpx:TrackPointExtension>
            <gpxtpx:atemp>30</gpxtpx:atemp>
            <gpxtpx:hr>106</gpxtpx:hr>
            <gpxtpx:cad>0</gpxtpx:cad>
          </gpxtpx:TrackPointExtension>
          <gpxx:TrackPointExtension>
            <gpxx:Temperature>30</gpxx:Temperature>
          </gpxx:TrackPointExtension>
        </extensions>
      </trkpt>
      <trkpt lat="42.762176021933556" lon="-0.506802974268794">
        <ele>1402.5999999999999</ele>
        <time>2026-07-08T08:15:45Z</time>
        <extensions>
          <gpxtpx:TrackPointExtension>
            <gpxtpx:atemp>30</gpxtpx:atemp>
            <gpxtpx:hr>109</gpxtpx:hr>
            <gpxtpx:cad>0</gpxtpx:cad>
          </gpxtpx:TrackPointExtension>
          <gpxx:TrackPointExtension>
            <gpxx:Temperature>30</gpxx:Temperature>
          </gpxx:TrackPointExtension>
        </extensions>
      </trkpt>
      <trkpt lat="42.762176021933556" lon="-0.506801968440413">
        <ele>1402.8</ele>
        <time>2026-07-08T08:15:47Z</time>
        <extensions>
          <gpxtpx:TrackPointExtension>
            <gpxtpx:atemp>30</gpxtpx:atemp>
            <gpxtpx:hr>108</gpxtpx:hr>
            <gpxtpx:cad>0</gpxtpx:cad>
          </gpxtpx:TrackPointExtension>
          <gpxx:TrackPointExtension>
            <gpxx:Temperature>30</gpxx:Temperature>
          </gpxx:TrackPointExtension>
        </extensions>
      </trkpt>
      <trkpt lat="42.762167975306511" lon="-0.506798028945923">
        <ele>1403.8</ele>
        <time>2026-07-08T08:16:23Z</time>
        <extensions>
          <gpxtpx:TrackPointExtension>
            <gpxtpx:atemp>31</gpxtpx:atemp>
            <gpxtpx:hr>107</gpxtpx:hr>
            <gpxtpx:cad>0</gpxtpx:cad>
          </gpxtpx:TrackPointExtension>
          <gpxx:TrackPointExtension>
            <gpxx:Temperature>31</gpxx:Temperature>
          </gpxx:TrackPointExtension>
        </extensions>
      </trkpt>
      <trkpt lat="42.76216596364975" lon="-0.506795011460781">
        <ele>1404.4000000000001</ele>
        <time>2026-07-08T08:16:47Z</time>
        <extensions>
          <gpxtpx:TrackPointExtension>
            <gpxtpx:atemp>31</gpxtpx:atemp>
            <gpxtpx:hr>104</gpxtpx:hr>
            <gpxtpx:cad>0</gpxtpx:cad>
          </gpxtpx:TrackPointExtension>
          <gpxx:TrackPointExtension>
            <gpxx:Temperature>31</gpxx:Temperature>
          </gpxx:TrackPointExtension>
        </extensions>
      </trkpt>
      <trkpt lat="42.762165041640401" lon="-0.50679299980402">
        <ele>1404.4000000000001</ele>
        <time>2026-07-08T08:16:59Z</time>
        <extensions>
          <gpxtpx:TrackPointExtension>
            <gpxtpx:atemp>31</gpxtpx:atemp>
            <gpxtpx:hr>107</gpxtpx:hr>
            <gpxtpx:cad>0</gpxtpx:cad>
          </gpxtpx:TrackPointExtension>
          <gpxx:TrackPointExtension>
            <gpxx:Temperature>31</gpxx:Temperature>
          </gpxx:TrackPointExtension>
        </extensions>
      </trkpt>
      <trkpt lat="42.76216403581202" lon="-0.506791993975639">
        <ele>1405</ele>
        <time>2026-07-08T08:17:04Z</time>
        <extensions>
          <gpxtpx:TrackPointExtension>
            <gpxtpx:atemp>31</gpxtpx:atemp>
            <gpxtpx:hr>108</gpxtpx:hr>
            <gpxtpx:cad>0</gpxtpx:cad>
          </gpxtpx:TrackPointExtension>
          <gpxx:TrackPointExtension>
            <gpxx:Temperature>31</gpxx:Temperature>
          </gpxx:TrackPointExtension>
        </extensions>
      </trkpt>
      <trkpt lat="42.76216403581202" lon="-0.506791993975639">
        <ele>1406.2</ele>
        <time>2026-07-08T08:17:10Z</time>
        <extensions>
          <gpxtpx:TrackPointExtension>
            <gpxtpx:atemp>31</gpxtpx:atemp>
            <gpxtpx:hr>107</gpxtpx:hr>
            <gpxtpx:cad>0</gpxtpx:cad>
          </gpxtpx:TrackPointExtension>
          <gpxx:TrackPointExtension>
            <gpxx:Temperature>31</gpxx:Temperature>
          </gpxx:TrackPointExtension>
        </extensions>
      </trkpt>
      <trkpt lat="42.762162024155259" lon="-0.506791993975639">
        <ele>1406.2</ele>
        <time>2026-07-08T08:17:19Z</time>
        <extensions>
          <gpxtpx:TrackPointExtension>
            <gpxtpx:atemp>31</gpxtpx:atemp>
            <gpxtpx:hr>110</gpxtpx:hr>
            <gpxtpx:cad>0</gpxtpx:cad>
          </gpxtpx:TrackPointExtension>
          <gpxx:TrackPointExtension>
            <gpxx:Temperature>31</gpxx:Temperature>
          </gpxx:TrackPointExtension>
        </extensions>
      </trkpt>
      <trkpt lat="42.762162024155259" lon="-0.506791993975639">
        <ele>1406</ele>
        <time>2026-07-08T08:17:21Z</time>
        <extensions>
          <gpxtpx:TrackPointExtension>
            <gpxtpx:atemp>31</gpxtpx:atemp>
            <gpxtpx:hr>115</gpxtpx:hr>
            <gpxtpx:cad>0</gpxtpx:cad>
          </gpxtpx:TrackPointExtension>
          <gpxx:TrackPointExtension>
            <gpxx:Temperature>31</gpxx:Temperature>
          </gpxx:TrackPointExtension>
        </extensions>
      </trkpt>
      <trkpt lat="42.762161018326879" lon="-0.506791993975639">
        <ele>1406</ele>
        <time>2026-07-08T08:17:23Z</time>
        <extensions>
          <gpxtpx:TrackPointExtension>
            <gpxtpx:atemp>31</gpxtpx:atemp>
            <gpxtpx:hr>119</gpxtpx:hr>
            <gpxtpx:cad>0</gpxtpx:cad>
          </gpxtpx:TrackPointExtension>
          <gpxx:TrackPointExtension>
            <gpxx:Temperature>31</gpxx:Temperature>
          </gpxx:TrackPointExtension>
        </extensions>
      </trkpt>
      <trkpt lat="42.762161018326879" lon="-0.506790988147259">
        <ele>1406</ele>
        <time>2026-07-08T08:17:25Z</time>
        <extensions>
          <gpxtpx:TrackPointExtension>
            <gpxtpx:atemp>31</gpxtpx:atemp>
            <gpxtpx:hr>123</gpxtpx:hr>
            <gpxtpx:cad>0</gpxtpx:cad>
          </gpxtpx:TrackPointExtension>
          <gpxx:TrackPointExtension>
            <gpxx:Temperature>31</gpxx:Temperature>
          </gpxx:TrackPointExtension>
        </extensions>
      </trkpt>
      <trkpt lat="42.762160012498498" lon="-0.506788976490498">
        <ele>1407.2</ele>
        <time>2026-07-08T08:17:34Z</time>
        <extensions>
          <gpxtpx:TrackPointExtension>
            <gpxtpx:atemp>31</gpxtpx:atemp>
            <gpxtpx:hr>124</gpxtpx:hr>
            <gpxtpx:cad>0</gpxtpx:cad>
          </gpxtpx:TrackPointExtension>
          <gpxx:TrackPointExtension>
            <gpxx:Temperature>31</gpxx:Temperature>
          </gpxx:TrackPointExtension>
        </extensions>
      </trkpt>
      <trkpt lat="42.76212397031486" lon="-0.506712030619383">
        <ele>1407.8</ele>
        <time>2026-07-08T08:17:42Z</time>
        <extensions>
          <gpxtpx:TrackPointExtension>
            <gpxtpx:atemp>31</gpxtpx:atemp>
            <gpxtpx:hr>124</gpxtpx:hr>
            <gpxtpx:cad>0</gpxtpx:cad>
          </gpxtpx:TrackPointExtension>
          <gpxx:TrackPointExtension>
            <gpxx:Temperature>31</gpxx:Temperature>
          </gpxx:TrackPointExtension>
        </extensions>
      </trkpt>
      <trkpt lat="42.762098992243409" lon="-0.506651010364294">
        <ele>1407.5999999999999</ele>
        <time>2026-07-08T08:17:47Z</time>
        <extensions>
          <gpxtpx:TrackPointExtension>
            <gpxtpx:atemp>31</gpxtpx:atemp>
            <gpxtpx:hr>123</gpxtpx:hr>
            <gpxtpx:cad>0</gpxtpx:cad>
          </gpxtpx:TrackPointExtension>
          <gpxx:TrackPointExtension>
            <gpxx:Temperature>31</gpxx:Temperature>
          </gpxx:TrackPointExtension>
        </extensions>
      </trkpt>
      <trkpt lat="42.762076025828719" lon="-0.506603987887502">
        <ele>1407.5999999999999</ele>
        <time>2026-07-08T08:17:53Z</time>
        <extensions>
          <gpxtpx:TrackPointExtension>
            <gpxtpx:atemp>30</gpxtpx:atemp>
            <gpxtpx:hr>119</gpxtpx:hr>
            <gpxtpx:cad>0</gpxtpx:cad>
          </gpxtpx:TrackPointExtension>
          <gpxx:TrackPointExtension>
            <gpxx:Temperature>30</gpxx:Temperature>
          </gpxx:TrackPointExtension>
        </extensions>
      </trkpt>
      <trkpt lat="42.762062028050423" lon="-0.506605999544263">
        <ele>1408</ele>
        <time>2026-07-08T08:18:13Z</time>
        <extensions>
          <gpxtpx:TrackPointExtension>
            <gpxtpx:atemp>31</gpxtpx:atemp>
            <gpxtpx:hr>116</gpxtpx:hr>
            <gpxtpx:cad>0</gpxtpx:cad>
          </gpxtpx:TrackPointExtension>
          <gpxx:TrackPointExtension>
            <gpxx:Temperature>31</gpxx:Temperature>
          </gpxx:TrackPointExtension>
        </extensions>
      </trkpt>
      <trkpt lat="42.762060016393661" lon="-0.506608011201024">
        <ele>1408.4000000000001</ele>
        <time>2026-07-08T08:18:19Z</time>
        <extensions>
          <gpxtpx:TrackPointExtension>
            <gpxtpx:atemp>31</gpxtpx:atemp>
            <gpxtpx:hr>116</gpxtpx:hr>
            <gpxtpx:cad>0</gpxtpx:cad>
          </gpxtpx:TrackPointExtension>
          <gpxx:TrackPointExtension>
            <gpxx:Temperature>31</gpxx:Temperature>
          </gpxx:TrackPointExtension>
        </extensions>
      </trkpt>
      <trkpt lat="42.762059010565281" lon="-0.506608011201024">
        <ele>1409.4000000000001</ele>
        <time>2026-07-08T08:18:27Z</time>
        <extensions>
          <gpxtpx:TrackPointExtension>
            <gpxtpx:atemp>31</gpxtpx:atemp>
            <gpxtpx:hr>117</gpxtpx:hr>
            <gpxtpx:cad>0</gpxtpx:cad>
          </gpxtpx:TrackPointExtension>
          <gpxx:TrackPointExtension>
            <gpxx:Temperature>31</gpxx:Temperature>
          </gpxx:TrackPointExtension>
        </extensions>
      </trkpt>
      <trkpt lat="42.76205699890852" lon="-0.506607005372643">
        <ele>1409.4000000000001</ele>
        <time>2026-07-08T08:18:33Z</time>
        <extensions>
          <gpxtpx:TrackPointExtension>
            <gpxtpx:atemp>31</gpxtpx:atemp>
            <gpxtpx:hr>114</gpxtpx:hr>
            <gpxtpx:cad>0</gpxtpx:cad>
          </gpxtpx:TrackPointExtension>
          <gpxx:TrackPointExtension>
            <gpxx:Temperature>31</gpxx:Temperature>
          </gpxx:TrackPointExtension>
        </extensions>
      </trkpt>
      <trkpt lat="42.7620580047369" lon="-0.506596025079489">
        <ele>1409.5999999999999</ele>
        <time>2026-07-08T08:18:41Z</time>
        <extensions>
          <gpxtpx:TrackPointExtension>
            <gpxtpx:atemp>31</gpxtpx:atemp>
            <gpxtpx:hr>118</gpxtpx:hr>
            <gpxtpx:cad>0</gpxtpx:cad>
          </gpxtpx:TrackPointExtension>
          <gpxx:TrackPointExtension>
            <gpxx:Temperature>31</gpxx:Temperature>
          </gpxx:TrackPointExtension>
        </extensions>
      </trkpt>
      <trkpt lat="42.76205699890852" lon="-0.506592001765966">
        <ele>1409.2</ele>
        <time>2026-07-08T08:18:52Z</time>
        <extensions>
          <gpxtpx:TrackPointExtension>
            <gpxtpx:atemp>31</gpxtpx:atemp>
            <gpxtpx:hr>115</gpxtpx:hr>
            <gpxtpx:cad>0</gpxtpx:cad>
          </gpxtpx:TrackPointExtension>
          <gpxx:TrackPointExtension>
            <gpxx:Temperature>31</gpxx:Temperature>
          </gpxx:TrackPointExtension>
        </extensions>
      </trkpt>
      <trkpt lat="42.7620580047369" lon="-0.506592001765966">
        <ele>1409.2</ele>
        <time>2026-07-08T08:18:57Z</time>
        <extensions>
          <gpxtpx:TrackPointExtension>
            <gpxtpx:atemp>31</gpxtpx:atemp>
            <gpxtpx:hr>112</gpxtpx:hr>
            <gpxtpx:cad>0</gpxtpx:cad>
          </gpxtpx:TrackPointExtension>
          <gpxx:TrackPointExtension>
            <gpxx:Temperature>31</gpxx:Temperature>
          </gpxx:TrackPointExtension>
        </extensions>
      </trkpt>
      <trkpt lat="42.762046018615365" lon="-0.506666013970971">
        <ele>1408.8</ele>
        <time>2026-07-08T08:19:33Z</time>
        <extensions>
          <gpxtpx:TrackPointExtension>
            <gpxtpx:atemp>31</gpxtpx:atemp>
            <gpxtpx:hr>109</gpxtpx:hr>
            <gpxtpx:cad>0</gpxtpx:cad>
          </gpxtpx:TrackPointExtension>
          <gpxx:TrackPointExtension>
            <gpxx:Temperature>31</gpxx:Temperature>
          </gpxx:TrackPointExtension>
        </extensions>
      </trkpt>
      <trkpt lat="42.762046018615365" lon="-0.506667019799352">
        <ele>1408.8</ele>
        <time>2026-07-08T08:19:34Z</time>
        <extensions>
          <gpxtpx:TrackPointExtension>
            <gpxtpx:atemp>31</gpxtpx:atemp>
            <gpxtpx:hr>106</gpxtpx:hr>
            <gpxtpx:cad>0</gpxtpx:cad>
          </gpxtpx:TrackPointExtension>
          <gpxx:TrackPointExtension>
            <gpxx:Temperature>31</gpxx:Temperature>
          </gpxx:TrackPointExtension>
        </extensions>
      </trkpt>
      <trkpt lat="42.762047024443746" lon="-0.506667019799352">
        <ele>1408.8</ele>
        <time>2026-07-08T08:19:38Z</time>
        <extensions>
          <gpxtpx:TrackPointExtension>
            <gpxtpx:atemp>31</gpxtpx:atemp>
            <gpxtpx:hr>103</gpxtpx:hr>
            <gpxtpx:cad>0</gpxtpx:cad>
          </gpxtpx:TrackPointExtension>
          <gpxx:TrackPointExtension>
            <gpxx:Temperature>31</gpxx:Temperature>
          </gpxx:TrackPointExtension>
        </extensions>
      </trkpt>
      <trkpt lat="42.762047024443746" lon="-0.506666013970971">
        <ele>1409.2</ele>
        <time>2026-07-08T08:19:48Z</time>
        <extensions>
          <gpxtpx:TrackPointExtension>
            <gpxtpx:atemp>31</gpxtpx:atemp>
            <gpxtpx:hr>99</gpxtpx:hr>
            <gpxtpx:cad>0</gpxtpx:cad>
          </gpxtpx:TrackPointExtension>
          <gpxx:TrackPointExtension>
            <gpxx:Temperature>31</gpxx:Temperature>
          </gpxx:TrackPointExtension>
        </extensions>
      </trkpt>
      <trkpt lat="42.762045012786984" lon="-0.506665008142591">
        <ele>1409.2</ele>
        <time>2026-07-08T08:19:55Z</time>
        <extensions>
          <gpxtpx:TrackPointExtension>
            <gpxtpx:atemp>31</gpxtpx:atemp>
            <gpxtpx:hr>94</gpxtpx:hr>
            <gpxtpx:cad>0</gpxtpx:cad>
          </gpxtpx:TrackPointExtension>
          <gpxx:TrackPointExtension>
            <gpxx:Temperature>31</gpxx:Temperature>
          </gpxx:TrackPointExtension>
        </extensions>
      </trkpt>
      <trkpt lat="42.762044006958604" lon="-0.50666400231421">
        <ele>1409.2</ele>
        <time>2026-07-08T08:19:57Z</time>
        <extensions>
          <gpxtpx:TrackPointExtension>
            <gpxtpx:atemp>31</gpxtpx:atemp>
            <gpxtpx:hr>90</gpxtpx:hr>
            <gpxtpx:cad>0</gpxtpx:cad>
          </gpxtpx:TrackPointExtension>
          <gpxx:TrackPointExtension>
            <gpxx:Temperature>31</gpxx:Temperature>
          </gpxx:TrackPointExtension>
        </extensions>
      </trkpt>
      <trkpt lat="42.762043001130223" lon="-0.506661990657449">
        <ele>1409</ele>
        <time>2026-07-08T08:20:01Z</time>
        <extensions>
          <gpxtpx:TrackPointExtension>
            <gpxtpx:atemp>31</gpxtpx:atemp>
            <gpxtpx:hr>87</gpxtpx:hr>
            <gpxtpx:cad>0</gpxtpx:cad>
          </gpxtpx:TrackPointExtension>
          <gpxx:TrackPointExtension>
            <gpxx:Temperature>31</gpxx:Temperature>
          </gpxx:TrackPointExtension>
        </extensions>
      </trkpt>
      <trkpt lat="42.762043001130223" lon="-0.506656961515546">
        <ele>1408.8</ele>
        <time>2026-07-08T08:20:07Z</time>
        <extensions>
          <gpxtpx:TrackPointExtension>
            <gpxtpx:atemp>31</gpxtpx:atemp>
            <gpxtpx:hr>90</gpxtpx:hr>
            <gpxtpx:cad>0</gpxtpx:cad>
          </gpxtpx:TrackPointExtension>
          <gpxx:TrackPointExtension>
            <gpxx:Temperature>31</gpxx:Temperature>
          </gpxx:TrackPointExtension>
        </extensions>
      </trkpt>
      <trkpt lat="42.762043001130223" lon="-0.506655033677816">
        <ele>1408.8</ele>
        <time>2026-07-08T08:20:13Z</time>
        <extensions>
          <gpxtpx:TrackPointExtension>
            <gpxtpx:atemp>31</gpxtpx:atemp>
            <gpxtpx:hr>93</gpxtpx:hr>
            <gpxtpx:cad>0</gpxtpx:cad>
          </gpxtpx:TrackPointExtension>
          <gpxx:TrackPointExtension>
            <gpxx:Temperature>31</gpxx:Temperature>
          </gpxx:TrackPointExtension>
        </extensions>
      </trkpt>
      <trkpt lat="42.762043001130223" lon="-0.506654027849436">
        <ele>1408.8</ele>
        <time>2026-07-08T08:20:17Z</time>
        <extensions>
          <gpxtpx:TrackPointExtension>
            <gpxtpx:atemp>31</gpxtpx:atemp>
            <gpxtpx:hr>96</gpxtpx:hr>
            <gpxtpx:cad>0</gpxtpx:cad>
          </gpxtpx:TrackPointExtension>
          <gpxx:TrackPointExtension>
            <gpxx:Temperature>31</gpxx:Temperature>
          </gpxx:TrackPointExtension>
        </extensions>
      </trkpt>
      <trkpt lat="42.762044006958604" lon="-0.506652016192675">
        <ele>1408.4000000000001</ele>
        <time>2026-07-08T08:20:22Z</time>
        <extensions>
          <gpxtpx:TrackPointExtension>
            <gpxtpx:atemp>31</gpxtpx:atemp>
            <gpxtpx:hr>97</gpxtpx:hr>
            <gpxtpx:cad>0</gpxtpx:cad>
          </gpxtpx:TrackPointExtension>
          <gpxx:TrackPointExtension>
            <gpxx:Temperature>31</gpxx:Temperature>
          </gpxx:TrackPointExtension>
        </extensions>
      </trkpt>
      <trkpt lat="42.762048030272126" lon="-0.506647992879152">
        <ele>1408</ele>
        <time>2026-07-08T08:20:48Z</time>
        <extensions>
          <gpxtpx:TrackPointExtension>
            <gpxtpx:atemp>31</gpxtpx:atemp>
            <gpxtpx:hr>94</gpxtpx:hr>
            <gpxtpx:cad>0</gpxtpx:cad>
          </gpxtpx:TrackPointExtension>
          <gpxx:TrackPointExtension>
            <gpxx:Temperature>31</gpxx:Temperature>
          </gpxx:TrackPointExtension>
        </extensions>
      </trkpt>
      <trkpt lat="42.762049036100507" lon="-0.506648998707533">
        <ele>1407.8</ele>
        <time>2026-07-08T08:20:51Z</time>
        <extensions>
          <gpxtpx:TrackPointExtension>
            <gpxtpx:atemp>31</gpxtpx:atemp>
            <gpxtpx:hr>91</gpxtpx:hr>
            <gpxtpx:cad>0</gpxtpx:cad>
          </gpxtpx:TrackPointExtension>
          <gpxx:TrackPointExtension>
            <gpxx:Temperature>31</gpxx:Temperature>
          </gpxx:TrackPointExtension>
        </extensions>
      </trkpt>
      <trkpt lat="42.762051969766617" lon="-0.506651010364294">
        <ele>1407.5999999999999</ele>
        <time>2026-07-08T08:21:11Z</time>
        <extensions>
          <gpxtpx:TrackPointExtension>
            <gpxtpx:atemp>31</gpxtpx:atemp>
            <gpxtpx:hr>94</gpxtpx:hr>
            <gpxtpx:cad>0</gpxtpx:cad>
          </gpxtpx:TrackPointExtension>
          <gpxx:TrackPointExtension>
            <gpxx:Temperature>31</gpxx:Temperature>
          </gpxx:TrackPointExtension>
        </extensions>
      </trkpt>
      <trkpt lat="42.762047024443746" lon="-0.506656961515546">
        <ele>1407.5999999999999</ele>
        <time>2026-07-08T08:21:43Z</time>
        <extensions>
          <gpxtpx:TrackPointExtension>
            <gpxtpx:atemp>31</gpxtpx:atemp>
            <gpxtpx:hr>91</gpxtpx:hr>
            <gpxtpx:cad>0</gpxtpx:cad>
          </gpxtpx:TrackPointExtension>
          <gpxx:TrackPointExtension>
            <gpxx:Temperature>31</gpxx:Temperature>
          </gpxx:TrackPointExtension>
        </extensions>
      </trkpt>
      <trkpt lat="42.762047024443746" lon="-0.506656961515546">
        <ele>1407.5999999999999</ele>
        <time>2026-07-08T08:21:45Z</time>
        <extensions>
          <gpxtpx:TrackPointExtension>
            <gpxtpx:atemp>31</gpxtpx:atemp>
            <gpxtpx:hr>86</gpxtpx:hr>
            <gpxtpx:cad>0</gpxtpx:cad>
          </gpxtpx:TrackPointExtension>
          <gpxx:TrackPointExtension>
            <gpxx:Temperature>31</gpxx:Temperature>
          </gpxx:TrackPointExtension>
        </extensions>
      </trkpt>
      <trkpt lat="42.762047024443746" lon="-0.506656961515546">
        <ele>1407.4000000000001</ele>
        <time>2026-07-08T08:21:46Z</time>
        <extensions>
          <gpxtpx:TrackPointExtension>
            <gpxtpx:atemp>30</gpxtpx:atemp>
            <gpxtpx:hr>84</gpxtpx:hr>
            <gpxtpx:cad>0</gpxtpx:cad>
          </gpxtpx:TrackPointExtension>
          <gpxx:TrackPointExtension>
            <gpxx:Temperature>30</gpxx:Temperature>
          </gpxx:TrackPointExtension>
        </extensions>
      </trkpt>
      <trkpt lat="42.762052975594997" lon="-0.506683029234409">
        <ele>1407.5999999999999</ele>
        <time>2026-07-08T08:22:13Z</time>
        <extensions>
          <gpxtpx:TrackPointExtension>
            <gpxtpx:atemp>30</gpxtpx:atemp>
            <gpxtpx:hr>84</gpxtpx:hr>
            <gpxtpx:cad>0</gpxtpx:cad>
          </gpxtpx:TrackPointExtension>
          <gpxx:TrackPointExtension>
            <gpxx:Temperature>30</gpxx:Temperature>
          </gpxx:TrackPointExtension>
        </extensions>
      </trkpt>
      <trkpt lat="42.7620580047369" lon="-0.506690992042422">
        <ele>1407.8</ele>
        <time>2026-07-08T08:22:19Z</time>
        <extensions>
          <gpxtpx:TrackPointExtension>
            <gpxtpx:atemp>30</gpxtpx:atemp>
            <gpxtpx:hr>81</gpxtpx:hr>
            <gpxtpx:cad>0</gpxtpx:cad>
          </gpxtpx:TrackPointExtension>
          <gpxx:TrackPointExtension>
            <gpxx:Temperature>30</gpxx:Temperature>
          </gpxx:TrackPointExtension>
        </extensions>
      </trkpt>
      <trkpt lat="42.7620580047369" lon="-0.506690992042422">
        <ele>1407.8</ele>
        <time>2026-07-08T08:22:20Z</time>
        <extensions>
          <gpxtpx:TrackPointExtension>
            <gpxtpx:atemp>30</gpxtpx:atemp>
            <gpxtpx:hr>84</gpxtpx:hr>
            <gpxtpx:cad>0</gpxtpx:cad>
          </gpxtpx:TrackPointExtension>
          <gpxx:TrackPointExtension>
            <gpxx:Temperature>30</gpxx:Temperature>
          </gpxx:TrackPointExtension>
        </extensions>
      </trkpt>
      <trkpt lat="42.762067979201674" lon="-0.506711024791002">
        <ele>1407.8</ele>
        <time>2026-07-08T08:22:25Z</time>
        <extensions>
          <gpxtpx:TrackPointExtension>
            <gpxtpx:atemp>30</gpxtpx:atemp>
            <gpxtpx:hr>85</gpxtpx:hr>
            <gpxtpx:cad>0</gpxtpx:cad>
          </gpxtpx:TrackPointExtension>
          <gpxx:TrackPointExtension>
            <gpxx:Temperature>30</gpxx:Temperature>
          </gpxx:TrackPointExtension>
        </extensions>
      </trkpt>
      <trkpt lat="42.762067979201674" lon="-0.506713958457112">
        <ele>1407.8</ele>
        <time>2026-07-08T08:22:33Z</time>
        <extensions>
          <gpxtpx:TrackPointExtension>
            <gpxtpx:atemp>30</gpxtpx:atemp>
            <gpxtpx:hr>88</gpxtpx:hr>
            <gpxtpx:cad>0</gpxtpx:cad>
          </gpxtpx:TrackPointExtension>
          <gpxx:TrackPointExtension>
            <gpxx:Temperature>30</gpxx:Temperature>
          </gpxx:TrackPointExtension>
        </extensions>
      </trkpt>
      <trkpt lat="42.762074014171958" lon="-0.506719993427396">
        <ele>1407.8</ele>
        <time>2026-07-08T08:22:55Z</time>
        <extensions>
          <gpxtpx:TrackPointExtension>
            <gpxtpx:atemp>30</gpxtpx:atemp>
            <gpxtpx:hr>85</gpxtpx:hr>
            <gpxtpx:cad>0</gpxtpx:cad>
          </gpxtpx:TrackPointExtension>
          <gpxx:TrackPointExtension>
            <gpxx:Temperature>30</gpxx:Temperature>
          </gpxx:TrackPointExtension>
        </extensions>
      </trkpt>
      <trkpt lat="42.762076025828719" lon="-0.506719993427396">
        <ele>1407.8</ele>
        <time>2026-07-08T08:22:56Z</time>
        <extensions>
          <gpxtpx:TrackPointExtension>
            <gpxtpx:atemp>30</gpxtpx:atemp>
            <gpxtpx:hr>82</gpxtpx:hr>
            <gpxtpx:cad>0</gpxtpx:cad>
          </gpxtpx:TrackPointExtension>
          <gpxx:TrackPointExtension>
            <gpxx:Temperature>30</gpxx:Temperature>
          </gpxx:TrackPointExtension>
        </extensions>
      </trkpt>
      <trkpt lat="42.76208097115159" lon="-0.506722005084157">
        <ele>1407.5999999999999</ele>
        <time>2026-07-08T08:22:59Z</time>
        <extensions>
          <gpxtpx:TrackPointExtension>
            <gpxtpx:atemp>30</gpxtpx:atemp>
            <gpxtpx:hr>79</gpxtpx:hr>
            <gpxtpx:cad>0</gpxtpx:cad>
          </gpxtpx:TrackPointExtension>
          <gpxx:TrackPointExtension>
            <gpxx:Temperature>30</gpxx:Temperature>
          </gpxx:TrackPointExtension>
        </extensions>
      </trkpt>
      <trkpt lat="42.762081976979971" lon="-0.506726028397679">
        <ele>1407.4000000000001</ele>
        <time>2026-07-08T08:23:07Z</time>
        <extensions>
          <gpxtpx:TrackPointExtension>
            <gpxtpx:atemp>30</gpxtpx:atemp>
            <gpxtpx:hr>83</gpxtpx:hr>
            <gpxtpx:cad>0</gpxtpx:cad>
          </gpxtpx:TrackPointExtension>
          <gpxx:TrackPointExtension>
            <gpxx:Temperature>30</gpxx:Temperature>
          </gpxx:TrackPointExtension>
        </extensions>
      </trkpt>
      <trkpt lat="42.762082982808352" lon="-0.50672703422606">
        <ele>1407.4000000000001</ele>
        <time>2026-07-08T08:23:10Z</time>
        <extensions>
          <gpxtpx:TrackPointExtension>
            <gpxtpx:atemp>30</gpxtpx:atemp>
            <gpxtpx:hr>86</gpxtpx:hr>
            <gpxtpx:cad>0</gpxtpx:cad>
          </gpxtpx:TrackPointExtension>
          <gpxx:TrackPointExtension>
            <gpxx:Temperature>30</gpxx:Temperature>
          </gpxx:TrackPointExtension>
        </extensions>
      </trkpt>
      <trkpt lat="42.762083988636732" lon="-0.50672996789217">
        <ele>1407.5999999999999</ele>
        <time>2026-07-08T08:23:15Z</time>
        <extensions>
          <gpxtpx:TrackPointExtension>
            <gpxtpx:atemp>30</gpxtpx:atemp>
            <gpxtpx:hr>89</gpxtpx:hr>
            <gpxtpx:cad>0</gpxtpx:cad>
          </gpxtpx:TrackPointExtension>
          <gpxx:TrackPointExtension>
            <gpxx:Temperature>30</gpxx:Temperature>
          </gpxx:TrackPointExtension>
        </extensions>
      </trkpt>
      <trkpt lat="42.762084994465113" lon="-0.506734997034073">
        <ele>1407.8</ele>
        <time>2026-07-08T08:23:24Z</time>
        <extensions>
          <gpxtpx:TrackPointExtension>
            <gpxtpx:atemp>30</gpxtpx:atemp>
            <gpxtpx:hr>92</gpxtpx:hr>
            <gpxtpx:cad>0</gpxtpx:cad>
          </gpxtpx:TrackPointExtension>
          <gpxx:TrackPointExtension>
            <gpxx:Temperature>30</gpxx:Temperature>
          </gpxx:TrackPointExtension>
        </extensions>
      </trkpt>
      <trkpt lat="42.762089017778635" lon="-0.506753018125892">
        <ele>1408</ele>
        <time>2026-07-08T08:23:37Z</time>
        <extensions>
          <gpxtpx:TrackPointExtension>
            <gpxtpx:atemp>30</gpxtpx:atemp>
            <gpxtpx:hr>89</gpxtpx:hr>
            <gpxtpx:cad>0</gpxtpx:cad>
          </gpxtpx:TrackPointExtension>
          <gpxx:TrackPointExtension>
            <gpxx:Temperature>30</gpxx:Temperature>
          </gpxx:TrackPointExtension>
        </extensions>
      </trkpt>
      <trkpt lat="42.762090023607016" lon="-0.506756035611033">
        <ele>1407.8</ele>
        <time>2026-07-08T08:23:47Z</time>
        <extensions>
          <gpxtpx:TrackPointExtension>
            <gpxtpx:atemp>30</gpxtpx:atemp>
            <gpxtpx:hr>86</gpxtpx:hr>
            <gpxtpx:cad>0</gpxtpx:cad>
          </gpxtpx:TrackPointExtension>
          <gpxx:TrackPointExtension>
            <gpxx:Temperature>30</gpxx:Temperature>
          </gpxx:TrackPointExtension>
        </extensions>
      </trkpt>
      <trkpt lat="42.762090023607016" lon="-0.506757963448763">
        <ele>1407.8</ele>
        <time>2026-07-08T08:23:53Z</time>
        <extensions>
          <gpxtpx:TrackPointExtension>
            <gpxtpx:atemp>30</gpxtpx:atemp>
            <gpxtpx:hr>83</gpxtpx:hr>
            <gpxtpx:cad>0</gpxtpx:cad>
          </gpxtpx:TrackPointExtension>
          <gpxx:TrackPointExtension>
            <gpxx:Temperature>30</gpxx:Temperature>
          </gpxx:TrackPointExtension>
        </extensions>
      </trkpt>
      <trkpt lat="42.762076025828719" lon="-0.506757041439414">
        <ele>1407.5999999999999</ele>
        <time>2026-07-08T08:25:02Z</time>
        <extensions>
          <gpxtpx:TrackPointExtension>
            <gpxtpx:atemp>30</gpxtpx:atemp>
            <gpxtpx:hr>78</gpxtpx:hr>
            <gpxtpx:cad>0</gpxtpx:cad>
          </gpxtpx:TrackPointExtension>
          <gpxx:TrackPointExtension>
            <gpxx:Temperature>30</gpxx:Temperature>
          </gpxx:TrackPointExtension>
        </extensions>
      </trkpt>
      <trkpt lat="42.762076025828719" lon="-0.506756035611033">
        <ele>1407.5999999999999</ele>
        <time>2026-07-08T08:25:03Z</time>
        <extensions>
          <gpxtpx:TrackPointExtension>
            <gpxtpx:atemp>30</gpxtpx:atemp>
            <gpxtpx:hr>75</gpxtpx:hr>
            <gpxtpx:cad>0</gpxtpx:cad>
          </gpxtpx:TrackPointExtension>
          <gpxx:TrackPointExtension>
            <gpxx:Temperature>30</gpxx:Temperature>
          </gpxx:TrackPointExtension>
        </extensions>
      </trkpt>
      <trkpt lat="42.762075020000339" lon="-0.506754023954272">
        <ele>1407.4000000000001</ele>
        <time>2026-07-08T08:25:08Z</time>
        <extensions>
          <gpxtpx:TrackPointExtension>
            <gpxtpx:atemp>30</gpxtpx:atemp>
            <gpxtpx:hr>78</gpxtpx:hr>
            <gpxtpx:cad>0</gpxtpx:cad>
          </gpxtpx:TrackPointExtension>
          <gpxx:TrackPointExtension>
            <gpxx:Temperature>30</gpxx:Temperature>
          </gpxx:TrackPointExtension>
        </extensions>
      </trkpt>
      <trkpt lat="42.762073008343577" lon="-0.506751006469131">
        <ele>1407.4000000000001</ele>
        <time>2026-07-08T08:25:10Z</time>
        <extensions>
          <gpxtpx:TrackPointExtension>
            <gpxtpx:atemp>30</gpxtpx:atemp>
            <gpxtpx:hr>82</gpxtpx:hr>
            <gpxtpx:cad>0</gpxtpx:cad>
          </gpxtpx:TrackPointExtension>
          <gpxx:TrackPointExtension>
            <gpxx:Temperature>30</gpxx:Temperature>
          </gpxx:TrackPointExtension>
        </extensions>
      </trkpt>
      <trkpt lat="42.762049036100507" lon="-0.506751006469131">
        <ele>1466.5999999999999</ele>
        <time>2026-07-08T08:58:54Z</time>
        <extensions>
          <gpxtpx:TrackPointExtension>
            <gpxtpx:atemp>31</gpxtpx:atemp>
            <gpxtpx:hr>117</gpxtpx:hr>
            <gpxtpx:cad>0</gpxtpx:cad>
          </gpxtpx:TrackPointExtension>
          <gpxx:TrackPointExtension>
            <gpxx:Temperature>31</gpxx:Temperature>
          </gpxx:TrackPointExtension>
        </extensions>
      </trkpt>
      <trkpt lat="42.76203503832221" lon="-0.506747988983989">
        <ele>1467.5999999999999</ele>
        <time>2026-07-08T08:59:11Z</time>
        <extensions>
          <gpxtpx:TrackPointExtension>
            <gpxtpx:atemp>31</gpxtpx:atemp>
            <gpxtpx:hr>114</gpxtpx:hr>
            <gpxtpx:cad>0</gpxtpx:cad>
          </gpxtpx:TrackPointExtension>
          <gpxx:TrackPointExtension>
            <gpxx:Temperature>31</gpxx:Temperature>
          </gpxx:TrackPointExtension>
        </extensions>
      </trkpt>
      <trkpt lat="42.762033026665449" lon="-0.506747988983989">
        <ele>1467.5999999999999</ele>
        <time>2026-07-08T08:59:13Z</time>
        <extensions>
          <gpxtpx:TrackPointExtension>
            <gpxtpx:atemp>31</gpxtpx:atemp>
            <gpxtpx:hr>111</gpxtpx:hr>
            <gpxtpx:cad>0</gpxtpx:cad>
          </gpxtpx:TrackPointExtension>
          <gpxx:TrackPointExtension>
            <gpxx:Temperature>31</gpxx:Temperature>
          </gpxx:TrackPointExtension>
        </extensions>
      </trkpt>
      <trkpt lat="42.762031015008688" lon="-0.506745977327228">
        <ele>1467.8</ele>
        <time>2026-07-08T08:59:38Z</time>
        <extensions>
          <gpxtpx:TrackPointExtension>
            <gpxtpx:atemp>31</gpxtpx:atemp>
            <gpxtpx:hr>108</gpxtpx:hr>
            <gpxtpx:cad>0</gpxtpx:cad>
          </gpxtpx:TrackPointExtension>
          <gpxx:TrackPointExtension>
            <gpxx:Temperature>31</gpxx:Temperature>
          </gpxx:TrackPointExtension>
        </extensions>
      </trkpt>
      <trkpt lat="42.762023974210024" lon="-0.506733991205692">
        <ele>1468.8</ele>
        <time>2026-07-08T08:59:54Z</time>
        <extensions>
          <gpxtpx:TrackPointExtension>
            <gpxtpx:atemp>31</gpxtpx:atemp>
            <gpxtpx:hr>110</gpxtpx:hr>
            <gpxtpx:cad>0</gpxtpx:cad>
          </gpxtpx:TrackPointExtension>
          <gpxx:TrackPointExtension>
            <gpxx:Temperature>31</gpxx:Temperature>
          </gpxx:TrackPointExtension>
        </extensions>
      </trkpt>
      <trkpt lat="42.762022968381643" lon="-0.506732985377312">
        <ele>1469.8</ele>
        <time>2026-07-08T08:59:58Z</time>
        <extensions>
          <gpxtpx:TrackPointExtension>
            <gpxtpx:atemp>31</gpxtpx:atemp>
            <gpxtpx:hr>111</gpxtpx:hr>
            <gpxtpx:cad>0</gpxtpx:cad>
          </gpxtpx:TrackPointExtension>
          <gpxx:TrackPointExtension>
            <gpxx:Temperature>31</gpxx:Temperature>
          </gpxx:TrackPointExtension>
        </extensions>
      </trkpt>
      <trkpt lat="42.762019028887153" lon="-0.506723010912538">
        <ele>1470</ele>
        <time>2026-07-08T09:00:09Z</time>
        <extensions>
          <gpxtpx:TrackPointExtension>
            <gpxtpx:atemp>31</gpxtpx:atemp>
            <gpxtpx:hr>114</gpxtpx:hr>
            <gpxtpx:cad>0</gpxtpx:cad>
          </gpxtpx:TrackPointExtension>
          <gpxx:TrackPointExtension>
            <gpxx:Temperature>31</gpxx:Temperature>
          </gpxx:TrackPointExtension>
        </extensions>
      </trkpt>
      <trkpt lat="42.762006958946586" lon="-0.506697027012706">
        <ele>1471</ele>
        <time>2026-07-08T09:00:25Z</time>
        <extensions>
          <gpxtpx:TrackPointExtension>
            <gpxtpx:atemp>31</gpxtpx:atemp>
            <gpxtpx:hr>114</gpxtpx:hr>
            <gpxtpx:cad>0</gpxtpx:cad>
          </gpxtpx:TrackPointExtension>
          <gpxx:TrackPointExtension>
            <gpxx:Temperature>31</gpxx:Temperature>
          </gpxx:TrackPointExtension>
        </extensions>
      </trkpt>
      <trkpt lat="42.762006036937237" lon="-0.506695015355945">
        <ele>1471.5999999999999</ele>
        <time>2026-07-08T09:00:28Z</time>
        <extensions>
          <gpxtpx:TrackPointExtension>
            <gpxtpx:atemp>31</gpxtpx:atemp>
            <gpxtpx:hr>117</gpxtpx:hr>
            <gpxtpx:cad>0</gpxtpx:cad>
          </gpxtpx:TrackPointExtension>
          <gpxx:TrackPointExtension>
            <gpxx:Temperature>31</gpxx:Temperature>
          </gpxx:TrackPointExtension>
        </extensions>
      </trkpt>
      <trkpt lat="42.762005031108856" lon="-0.506694009527564">
        <ele>1471.8</ele>
        <time>2026-07-08T09:00:31Z</time>
        <extensions>
          <gpxtpx:TrackPointExtension>
            <gpxtpx:atemp>31</gpxtpx:atemp>
            <gpxtpx:hr>120</gpxtpx:hr>
            <gpxtpx:cad>0</gpxtpx:cad>
          </gpxtpx:TrackPointExtension>
          <gpxx:TrackPointExtension>
            <gpxx:Temperature>31</gpxx:Temperature>
          </gpxx:TrackPointExtension>
        </extensions>
      </trkpt>
      <trkpt lat="42.762005031108856" lon="-0.506691997870803">
        <ele>1472</ele>
        <time>2026-07-08T09:00:34Z</time>
        <extensions>
          <gpxtpx:TrackPointExtension>
            <gpxtpx:atemp>31</gpxtpx:atemp>
            <gpxtpx:hr>119</gpxtpx:hr>
            <gpxtpx:cad>0</gpxtpx:cad>
          </gpxtpx:TrackPointExtension>
          <gpxx:TrackPointExtension>
            <gpxx:Temperature>31</gpxx:Temperature>
          </gpxx:TrackPointExtension>
        </extensions>
      </trkpt>
      <trkpt lat="42.762005031108856" lon="-0.506690992042422">
        <ele>1472</ele>
        <time>2026-07-08T09:00:36Z</time>
        <extensions>
          <gpxtpx:TrackPointExtension>
            <gpxtpx:atemp>31</gpxtpx:atemp>
            <gpxtpx:hr>117</gpxtpx:hr>
            <gpxtpx:cad>0</gpxtpx:cad>
          </gpxtpx:TrackPointExtension>
          <gpxx:TrackPointExtension>
            <gpxx:Temperature>31</gpxx:Temperature>
          </gpxx:TrackPointExtension>
        </extensions>
      </trkpt>
      <trkpt lat="42.762004025280476" lon="-0.506688980385661">
        <ele>1473.2</ele>
        <time>2026-07-08T09:00:49Z</time>
        <extensions>
          <gpxtpx:TrackPointExtension>
            <gpxtpx:atemp>32</gpxtpx:atemp>
            <gpxtpx:hr>116</gpxtpx:hr>
            <gpxtpx:cad>0</gpxtpx:cad>
          </gpxtpx:TrackPointExtension>
          <gpxx:TrackPointExtension>
            <gpxx:Temperature>32</gpxx:Temperature>
          </gpxx:TrackPointExtension>
        </extensions>
      </trkpt>
      <trkpt lat="42.762002013623714" lon="-0.506687974557281">
        <ele>1473</ele>
        <time>2026-07-08T09:01:07Z</time>
        <extensions>
          <gpxtpx:TrackPointExtension>
            <gpxtpx:atemp>32</gpxtpx:atemp>
            <gpxtpx:hr>121</gpxtpx:hr>
            <gpxtpx:cad>0</gpxtpx:cad>
          </gpxtpx:TrackPointExtension>
          <gpxx:TrackPointExtension>
            <gpxx:Temperature>32</gpxx:Temperature>
          </gpxx:TrackPointExtension>
        </extensions>
      </trkpt>
      <trkpt lat="42.762002013623714" lon="-0.5066869687289">
        <ele>1473</ele>
        <time>2026-07-08T09:01:11Z</time>
        <extensions>
          <gpxtpx:TrackPointExtension>
            <gpxtpx:atemp>32</gpxtpx:atemp>
            <gpxtpx:hr>118</gpxtpx:hr>
            <gpxtpx:cad>0</gpxtpx:cad>
          </gpxtpx:TrackPointExtension>
          <gpxx:TrackPointExtension>
            <gpxx:Temperature>32</gpxx:Temperature>
          </gpxx:TrackPointExtension>
        </extensions>
      </trkpt>
      <trkpt lat="42.762001007795334" lon="-0.5066869687289">
        <ele>1472.8</ele>
        <time>2026-07-08T09:01:16Z</time>
        <extensions>
          <gpxtpx:TrackPointExtension>
            <gpxtpx:atemp>32</gpxtpx:atemp>
            <gpxtpx:hr>118</gpxtpx:hr>
            <gpxtpx:cad>0</gpxtpx:cad>
          </gpxtpx:TrackPointExtension>
          <gpxx:TrackPointExtension>
            <gpxx:Temperature>32</gpxx:Temperature>
          </gpxx:TrackPointExtension>
        </extensions>
      </trkpt>
      <trkpt lat="42.761998996138573" lon="-0.506685962900519">
        <ele>1472.4000000000001</ele>
        <time>2026-07-08T09:01:28Z</time>
        <extensions>
          <gpxtpx:TrackPointExtension>
            <gpxtpx:atemp>32</gpxtpx:atemp>
            <gpxtpx:hr>114</gpxtpx:hr>
            <gpxtpx:cad>0</gpxtpx:cad>
          </gpxtpx:TrackPointExtension>
          <gpxx:TrackPointExtension>
            <gpxx:Temperature>32</gpxx:Temperature>
          </gpxx:TrackPointExtension>
        </extensions>
      </trkpt>
      <trkpt lat="42.761997990310192" lon="-0.506685040891171">
        <ele>1472</ele>
        <time>2026-07-08T09:01:36Z</time>
        <extensions>
          <gpxtpx:TrackPointExtension>
            <gpxtpx:atemp>32</gpxtpx:atemp>
            <gpxtpx:hr>111</gpxtpx:hr>
            <gpxtpx:cad>0</gpxtpx:cad>
          </gpxtpx:TrackPointExtension>
          <gpxx:TrackPointExtension>
            <gpxx:Temperature>32</gpxx:Temperature>
          </gpxx:TrackPointExtension>
        </extensions>
      </trkpt>
      <trkpt lat="42.761995978653431" lon="-0.50668403506279">
        <ele>1471.8</ele>
        <time>2026-07-08T09:01:50Z</time>
        <extensions>
          <gpxtpx:TrackPointExtension>
            <gpxtpx:atemp>33</gpxtpx:atemp>
            <gpxtpx:hr>108</gpxtpx:hr>
            <gpxtpx:cad>0</gpxtpx:cad>
          </gpxtpx:TrackPointExtension>
          <gpxx:TrackPointExtension>
            <gpxx:Temperature>33</gpxx:Temperature>
          </gpxx:TrackPointExtension>
        </extensions>
      </trkpt>
      <trkpt lat="42.761995978653431" lon="-0.506683029234409">
        <ele>1471.8</ele>
        <time>2026-07-08T09:01:52Z</time>
        <extensions>
          <gpxtpx:TrackPointExtension>
            <gpxtpx:atemp>33</gpxtpx:atemp>
            <gpxtpx:hr>104</gpxtpx:hr>
            <gpxtpx:cad>0</gpxtpx:cad>
          </gpxtpx:TrackPointExtension>
          <gpxx:TrackPointExtension>
            <gpxx:Temperature>33</gpxx:Temperature>
          </gpxx:TrackPointExtension>
        </extensions>
      </trkpt>
      <trkpt lat="42.761995978653431" lon="-0.506683029234409">
        <ele>1471.5999999999999</ele>
        <time>2026-07-08T09:01:54Z</time>
        <extensions>
          <gpxtpx:TrackPointExtension>
            <gpxtpx:atemp>33</gpxtpx:atemp>
            <gpxtpx:hr>101</gpxtpx:hr>
            <gpxtpx:cad>0</gpxtpx:cad>
          </gpxtpx:TrackPointExtension>
          <gpxx:TrackPointExtension>
            <gpxx:Temperature>33</gpxx:Temperature>
          </gpxx:TrackPointExtension>
        </extensions>
      </trkpt>
      <trkpt lat="42.76199497282505" lon="-0.506681017577648">
        <ele>1471.5999999999999</ele>
        <time>2026-07-08T09:02:07Z</time>
        <extensions>
          <gpxtpx:TrackPointExtension>
            <gpxtpx:atemp>33</gpxtpx:atemp>
            <gpxtpx:hr>98</gpxtpx:hr>
            <gpxtpx:cad>0</gpxtpx:cad>
          </gpxtpx:TrackPointExtension>
          <gpxx:TrackPointExtension>
            <gpxx:Temperature>33</gpxx:Temperature>
          </gpxx:TrackPointExtension>
        </extensions>
      </trkpt>
      <trkpt lat="42.76199497282505" lon="-0.506681017577648">
        <ele>1471.5999999999999</ele>
        <time>2026-07-08T09:02:08Z</time>
        <extensions>
          <gpxtpx:TrackPointExtension>
            <gpxtpx:atemp>33</gpxtpx:atemp>
            <gpxtpx:hr>96</gpxtpx:hr>
            <gpxtpx:cad>0</gpxtpx:cad>
          </gpxtpx:TrackPointExtension>
          <gpxx:TrackPointExtension>
            <gpxx:Temperature>33</gpxx:Temperature>
          </gpxx:TrackPointExtension>
        </extensions>
      </trkpt>
      <trkpt lat="42.76199203915894" lon="-0.506679005920887">
        <ele>1470.8</ele>
        <time>2026-07-08T09:02:24Z</time>
        <extensions>
          <gpxtpx:TrackPointExtension>
            <gpxtpx:atemp>33</gpxtpx:atemp>
            <gpxtpx:hr>96</gpxtpx:hr>
            <gpxtpx:cad>0</gpxtpx:cad>
          </gpxtpx:TrackPointExtension>
          <gpxx:TrackPointExtension>
            <gpxx:Temperature>33</gpxx:Temperature>
          </gpxx:TrackPointExtension>
        </extensions>
      </trkpt>
      <trkpt lat="42.76199103333056" lon="-0.506679005920887">
        <ele>1469.8</ele>
        <time>2026-07-08T09:02:31Z</time>
        <extensions>
          <gpxtpx:TrackPointExtension>
            <gpxtpx:atemp>33</gpxtpx:atemp>
            <gpxtpx:hr>98</gpxtpx:hr>
            <gpxtpx:cad>0</gpxtpx:cad>
          </gpxtpx:TrackPointExtension>
          <gpxx:TrackPointExtension>
            <gpxx:Temperature>33</gpxx:Temperature>
          </gpxx:TrackPointExtension>
        </extensions>
      </trkpt>
      <trkpt lat="42.761990027502179" lon="-0.506679005920887">
        <ele>1468.5999999999999</ele>
        <time>2026-07-08T09:02:37Z</time>
        <extensions>
          <gpxtpx:TrackPointExtension>
            <gpxtpx:atemp>33</gpxtpx:atemp>
            <gpxtpx:hr>96</gpxtpx:hr>
            <gpxtpx:cad>69</gpxtpx:cad>
          </gpxtpx:TrackPointExtension>
          <gpxx:TrackPointExtension>
            <gpxx:Temperature>33</gpxx:Temperature>
          </gpxx:TrackPointExtension>
        </extensions>
      </trkpt>
      <trkpt lat="42.761988015845418" lon="-0.506679005920887">
        <ele>1467.4000000000001</ele>
        <time>2026-07-08T09:02:44Z</time>
        <extensions>
          <gpxtpx:TrackPointExtension>
            <gpxtpx:atemp>33</gpxtpx:atemp>
            <gpxtpx:hr>97</gpxtpx:hr>
            <gpxtpx:cad>70</gpxtpx:cad>
          </gpxtpx:TrackPointExtension>
          <gpxx:TrackPointExtension>
            <gpxx:Temperature>33</gpxx:Temperature>
          </gpxx:TrackPointExtension>
        </extensions>
      </trkpt>
      <trkpt lat="42.761986004188657" lon="-0.506679005920887">
        <ele>1467.2</ele>
        <time>2026-07-08T09:02:51Z</time>
        <extensions>
          <gpxtpx:TrackPointExtension>
            <gpxtpx:atemp>33</gpxtpx:atemp>
            <gpxtpx:hr>101</gpxtpx:hr>
            <gpxtpx:cad>0</gpxtpx:cad>
          </gpxtpx:TrackPointExtension>
          <gpxx:TrackPointExtension>
            <gpxx:Temperature>33</gpxx:Temperature>
          </gpxx:TrackPointExtension>
        </extensions>
      </trkpt>
      <trkpt lat="42.761986004188657" lon="-0.506679005920887">
        <ele>1467</ele>
        <time>2026-07-08T09:02:52Z</time>
        <extensions>
          <gpxtpx:TrackPointExtension>
            <gpxtpx:atemp>33</gpxtpx:atemp>
            <gpxtpx:hr>98</gpxtpx:hr>
            <gpxtpx:cad>0</gpxtpx:cad>
          </gpxtpx:TrackPointExtension>
          <gpxx:TrackPointExtension>
            <gpxx:Temperature>33</gpxx:Temperature>
          </gpxx:TrackPointExtension>
        </extensions>
      </trkpt>
      <trkpt lat="42.761981980875134" lon="-0.506679005920887">
        <ele>1466.8</ele>
        <time>2026-07-08T09:03:03Z</time>
        <extensions>
          <gpxtpx:TrackPointExtension>
            <gpxtpx:atemp>33</gpxtpx:atemp>
            <gpxtpx:hr>95</gpxtpx:hr>
            <gpxtpx:cad>0</gpxtpx:cad>
          </gpxtpx:TrackPointExtension>
          <gpxx:TrackPointExtension>
            <gpxx:Temperature>33</gpxx:Temperature>
          </gpxx:TrackPointExtension>
        </extensions>
      </trkpt>
      <trkpt lat="42.761980975046754" lon="-0.506679005920887">
        <ele>1467</ele>
        <time>2026-07-08T09:03:08Z</time>
        <extensions>
          <gpxtpx:TrackPointExtension>
            <gpxtpx:atemp>33</gpxtpx:atemp>
            <gpxtpx:hr>92</gpxtpx:hr>
            <gpxtpx:cad>0</gpxtpx:cad>
          </gpxtpx:TrackPointExtension>
          <gpxx:TrackPointExtension>
            <gpxx:Temperature>33</gpxx:Temperature>
          </gpxx:TrackPointExtension>
        </extensions>
      </trkpt>
      <trkpt lat="42.761978963389993" lon="-0.506680011749268">
        <ele>1468</ele>
        <time>2026-07-08T09:03:15Z</time>
        <extensions>
          <gpxtpx:TrackPointExtension>
            <gpxtpx:atemp>33</gpxtpx:atemp>
            <gpxtpx:hr>89</gpxtpx:hr>
            <gpxtpx:cad>0</gpxtpx:cad>
          </gpxtpx:TrackPointExtension>
          <gpxx:TrackPointExtension>
            <gpxx:Temperature>33</gpxx:Temperature>
          </gpxx:TrackPointExtension>
        </extensions>
      </trkpt>
      <trkpt lat="42.761978041380644" lon="-0.506679005920887">
        <ele>1467.5999999999999</ele>
        <time>2026-07-08T09:03:19Z</time>
        <extensions>
          <gpxtpx:TrackPointExtension>
            <gpxtpx:atemp>33</gpxtpx:atemp>
            <gpxtpx:hr>92</gpxtpx:hr>
            <gpxtpx:cad>0</gpxtpx:cad>
          </gpxtpx:TrackPointExtension>
          <gpxx:TrackPointExtension>
            <gpxx:Temperature>33</gpxx:Temperature>
          </gpxx:TrackPointExtension>
        </extensions>
      </trkpt>
      <trkpt lat="42.761976029723883" lon="-0.506679005920887">
        <ele>1467.8</ele>
        <time>2026-07-08T09:03:29Z</time>
        <extensions>
          <gpxtpx:TrackPointExtension>
            <gpxtpx:atemp>33</gpxtpx:atemp>
            <gpxtpx:hr>89</gpxtpx:hr>
            <gpxtpx:cad>0</gpxtpx:cad>
          </gpxtpx:TrackPointExtension>
          <gpxx:TrackPointExtension>
            <gpxx:Temperature>33</gpxx:Temperature>
          </gpxx:TrackPointExtension>
        </extensions>
      </trkpt>
      <trkpt lat="42.761975023895502" lon="-0.506679005920887">
        <ele>1467.8</ele>
        <time>2026-07-08T09:03:34Z</time>
        <extensions>
          <gpxtpx:TrackPointExtension>
            <gpxtpx:atemp>33</gpxtpx:atemp>
            <gpxtpx:hr>86</gpxtpx:hr>
            <gpxtpx:cad>0</gpxtpx:cad>
          </gpxtpx:TrackPointExtension>
          <gpxx:TrackPointExtension>
            <gpxx:Temperature>33</gpxx:Temperature>
          </gpxx:TrackPointExtension>
        </extensions>
      </trkpt>
      <trkpt lat="42.761973012238741" lon="-0.506679005920887">
        <ele>1467.8</ele>
        <time>2026-07-08T09:03:41Z</time>
        <extensions>
          <gpxtpx:TrackPointExtension>
            <gpxtpx:atemp>33</gpxtpx:atemp>
            <gpxtpx:hr>83</gpxtpx:hr>
            <gpxtpx:cad>0</gpxtpx:cad>
          </gpxtpx:TrackPointExtension>
          <gpxx:TrackPointExtension>
            <gpxx:Temperature>33</gpxx:Temperature>
          </gpxx:TrackPointExtension>
        </extensions>
      </trkpt>
      <trkpt lat="42.76197100058198" lon="-0.506678000092506">
        <ele>1468</ele>
        <time>2026-07-08T09:03:50Z</time>
        <extensions>
          <gpxtpx:TrackPointExtension>
            <gpxtpx:atemp>33</gpxtpx:atemp>
            <gpxtpx:hr>80</gpxtpx:hr>
            <gpxtpx:cad>0</gpxtpx:cad>
          </gpxtpx:TrackPointExtension>
          <gpxx:TrackPointExtension>
            <gpxx:Temperature>33</gpxx:Temperature>
          </gpxx:TrackPointExtension>
        </extensions>
      </trkpt>
      <trkpt lat="42.761968988925219" lon="-0.506678000092506">
        <ele>1468</ele>
        <time>2026-07-08T09:03:58Z</time>
        <extensions>
          <gpxtpx:TrackPointExtension>
            <gpxtpx:atemp>33</gpxtpx:atemp>
            <gpxtpx:hr>77</gpxtpx:hr>
            <gpxtpx:cad>0</gpxtpx:cad>
          </gpxtpx:TrackPointExtension>
          <gpxx:TrackPointExtension>
            <gpxx:Temperature>33</gpxx:Temperature>
          </gpxx:TrackPointExtension>
        </extensions>
      </trkpt>
      <trkpt lat="42.761966977268457" lon="-0.506678000092506">
        <ele>1468.2</ele>
        <time>2026-07-08T09:04:11Z</time>
        <extensions>
          <gpxtpx:TrackPointExtension>
            <gpxtpx:atemp>33</gpxtpx:atemp>
            <gpxtpx:hr>74</gpxtpx:hr>
            <gpxtpx:cad>0</gpxtpx:cad>
          </gpxtpx:TrackPointExtension>
          <gpxx:TrackPointExtension>
            <gpxx:Temperature>33</gpxx:Temperature>
          </gpxx:TrackPointExtension>
        </extensions>
      </trkpt>
      <trkpt lat="42.761963959783316" lon="-0.506678000092506">
        <ele>1468</ele>
        <time>2026-07-08T09:04:20Z</time>
        <extensions>
          <gpxtpx:TrackPointExtension>
            <gpxtpx:atemp>33</gpxtpx:atemp>
            <gpxtpx:hr>71</gpxtpx:hr>
            <gpxtpx:cad>0</gpxtpx:cad>
          </gpxtpx:TrackPointExtension>
          <gpxx:TrackPointExtension>
            <gpxx:Temperature>33</gpxx:Temperature>
          </gpxx:TrackPointExtension>
        </extensions>
      </trkpt>
      <trkpt lat="42.761963959783316" lon="-0.506678000092506">
        <ele>1468</ele>
        <time>2026-07-08T09:04:23Z</time>
        <extensions>
          <gpxtpx:TrackPointExtension>
            <gpxtpx:atemp>33</gpxtpx:atemp>
            <gpxtpx:hr>68</gpxtpx:hr>
            <gpxtpx:cad>0</gpxtpx:cad>
          </gpxtpx:TrackPointExtension>
          <gpxx:TrackPointExtension>
            <gpxx:Temperature>33</gpxx:Temperature>
          </gpxx:TrackPointExtension>
        </extensions>
      </trkpt>
      <trkpt lat="42.761963037773967" lon="-0.506676994264126">
        <ele>1468.2</ele>
        <time>2026-07-08T09:04:29Z</time>
        <extensions>
          <gpxtpx:TrackPointExtension>
            <gpxtpx:atemp>33</gpxtpx:atemp>
            <gpxtpx:hr>71</gpxtpx:hr>
            <gpxtpx:cad>0</gpxtpx:cad>
          </gpxtpx:TrackPointExtension>
          <gpxx:TrackPointExtension>
            <gpxx:Temperature>33</gpxx:Temperature>
          </gpxx:TrackPointExtension>
        </extensions>
      </trkpt>
      <trkpt lat="42.761960020288825" lon="-0.506676994264126">
        <ele>1468.4000000000001</ele>
        <time>2026-07-08T09:04:41Z</time>
        <extensions>
          <gpxtpx:TrackPointExtension>
            <gpxtpx:atemp>33</gpxtpx:atemp>
            <gpxtpx:hr>72</gpxtpx:hr>
            <gpxtpx:cad>0</gpxtpx:cad>
          </gpxtpx:TrackPointExtension>
          <gpxx:TrackPointExtension>
            <gpxx:Temperature>33</gpxx:Temperature>
          </gpxx:TrackPointExtension>
        </extensions>
      </trkpt>
      <trkpt lat="42.76195197366178" lon="-0.506676994264126">
        <ele>1469.2</ele>
        <time>2026-07-08T09:05:21Z</time>
        <extensions>
          <gpxtpx:TrackPointExtension>
            <gpxtpx:atemp>33</gpxtpx:atemp>
            <gpxtpx:hr>75</gpxtpx:hr>
            <gpxtpx:cad>0</gpxtpx:cad>
          </gpxtpx:TrackPointExtension>
          <gpxx:TrackPointExtension>
            <gpxx:Temperature>33</gpxx:Temperature>
          </gpxx:TrackPointExtension>
        </extensions>
      </trkpt>
      <trkpt lat="42.76194903999567" lon="-0.506678000092506">
        <ele>1469.4000000000001</ele>
        <time>2026-07-08T09:05:37Z</time>
        <extensions>
          <gpxtpx:TrackPointExtension>
            <gpxtpx:atemp>33</gpxtpx:atemp>
            <gpxtpx:hr>72</gpxtpx:hr>
            <gpxtpx:cad>0</gpxtpx:cad>
          </gpxtpx:TrackPointExtension>
          <gpxx:TrackPointExtension>
            <gpxx:Temperature>33</gpxx:Temperature>
          </gpxx:TrackPointExtension>
        </extensions>
      </trkpt>
      <trkpt lat="42.76194903999567" lon="-0.506678000092506">
        <ele>1469.4000000000001</ele>
        <time>2026-07-08T09:05:38Z</time>
        <extensions>
          <gpxtpx:TrackPointExtension>
            <gpxtpx:atemp>33</gpxtpx:atemp>
            <gpxtpx:hr>71</gpxtpx:hr>
            <gpxtpx:cad>0</gpxtpx:cad>
          </gpxtpx:TrackPointExtension>
          <gpxx:TrackPointExtension>
            <gpxx:Temperature>33</gpxx:Temperature>
          </gpxx:TrackPointExtension>
        </extensions>
      </trkpt>
      <trkpt lat="42.761945016682148" lon="-0.506676994264126">
        <ele>1469.8</ele>
        <time>2026-07-08T09:06:06Z</time>
        <extensions>
          <gpxtpx:TrackPointExtension>
            <gpxtpx:atemp>33</gpxtpx:atemp>
            <gpxtpx:hr>74</gpxtpx:hr>
            <gpxtpx:cad>0</gpxtpx:cad>
          </gpxtpx:TrackPointExtension>
          <gpxx:TrackPointExtension>
            <gpxx:Temperature>33</gpxx:Temperature>
          </gpxx:TrackPointExtension>
        </extensions>
      </trkpt>
      <trkpt lat="42.761944010853767" lon="-0.506676994264126">
        <ele>1469.8</ele>
        <time>2026-07-08T09:06:08Z</time>
        <extensions>
          <gpxtpx:TrackPointExtension>
            <gpxtpx:atemp>33</gpxtpx:atemp>
            <gpxtpx:hr>78</gpxtpx:hr>
            <gpxtpx:cad>0</gpxtpx:cad>
          </gpxtpx:TrackPointExtension>
          <gpxx:TrackPointExtension>
            <gpxx:Temperature>33</gpxx:Temperature>
          </gpxx:TrackPointExtension>
        </extensions>
      </trkpt>
      <trkpt lat="42.761944010853767" lon="-0.506676994264126">
        <ele>1469.8</ele>
        <time>2026-07-08T09:06:13Z</time>
        <extensions>
          <gpxtpx:TrackPointExtension>
            <gpxtpx:atemp>33</gpxtpx:atemp>
            <gpxtpx:hr>81</gpxtpx:hr>
            <gpxtpx:cad>0</gpxtpx:cad>
          </gpxtpx:TrackPointExtension>
          <gpxx:TrackPointExtension>
            <gpxx:Temperature>33</gpxx:Temperature>
          </gpxx:TrackPointExtension>
        </extensions>
      </trkpt>
      <trkpt lat="42.761941999197006" lon="-0.506676994264126">
        <ele>1469.8</ele>
        <time>2026-07-08T09:06:22Z</time>
        <extensions>
          <gpxtpx:TrackPointExtension>
            <gpxtpx:atemp>33</gpxtpx:atemp>
            <gpxtpx:hr>78</gpxtpx:hr>
            <gpxtpx:cad>0</gpxtpx:cad>
          </gpxtpx:TrackPointExtension>
          <gpxx:TrackPointExtension>
            <gpxx:Temperature>33</gpxx:Temperature>
          </gpxx:TrackPointExtension>
        </extensions>
      </trkpt>
      <trkpt lat="42.761941999197006" lon="-0.506676994264126">
        <ele>1470</ele>
        <time>2026-07-08T09:06:24Z</time>
        <extensions>
          <gpxtpx:TrackPointExtension>
            <gpxtpx:atemp>33</gpxtpx:atemp>
            <gpxtpx:hr>74</gpxtpx:hr>
            <gpxtpx:cad>0</gpxtpx:cad>
          </gpxtpx:TrackPointExtension>
          <gpxx:TrackPointExtension>
            <gpxx:Temperature>33</gpxx:Temperature>
          </gpxx:TrackPointExtension>
        </extensions>
      </trkpt>
      <trkpt lat="42.761941999197006" lon="-0.506676994264126">
        <ele>1470</ele>
        <time>2026-07-08T09:06:25Z</time>
        <extensions>
          <gpxtpx:TrackPointExtension>
            <gpxtpx:atemp>33</gpxtpx:atemp>
            <gpxtpx:hr>71</gpxtpx:hr>
            <gpxtpx:cad>0</gpxtpx:cad>
          </gpxtpx:TrackPointExtension>
          <gpxx:TrackPointExtension>
            <gpxx:Temperature>33</gpxx:Temperature>
          </gpxx:TrackPointExtension>
        </extensions>
      </trkpt>
      <trkpt lat="42.761940993368626" lon="-0.506676994264126">
        <ele>1470</ele>
        <time>2026-07-08T09:06:31Z</time>
        <extensions>
          <gpxtpx:TrackPointExtension>
            <gpxtpx:atemp>33</gpxtpx:atemp>
            <gpxtpx:hr>74</gpxtpx:hr>
            <gpxtpx:cad>0</gpxtpx:cad>
          </gpxtpx:TrackPointExtension>
          <gpxx:TrackPointExtension>
            <gpxx:Temperature>33</gpxx:Temperature>
          </gpxx:TrackPointExtension>
        </extensions>
      </trkpt>
      <trkpt lat="42.761939987540245" lon="-0.506676994264126">
        <ele>1470</ele>
        <time>2026-07-08T09:06:37Z</time>
        <extensions>
          <gpxtpx:TrackPointExtension>
            <gpxtpx:atemp>33</gpxtpx:atemp>
            <gpxtpx:hr>71</gpxtpx:hr>
            <gpxtpx:cad>0</gpxtpx:cad>
          </gpxtpx:TrackPointExtension>
          <gpxx:TrackPointExtension>
            <gpxx:Temperature>33</gpxx:Temperature>
          </gpxx:TrackPointExtension>
        </extensions>
      </trkpt>
      <trkpt lat="42.761939987540245" lon="-0.506676994264126">
        <ele>1470.4000000000001</ele>
        <time>2026-07-08T09:06:42Z</time>
        <extensions>
          <gpxtpx:TrackPointExtension>
            <gpxtpx:atemp>33</gpxtpx:atemp>
            <gpxtpx:hr>70</gpxtpx:hr>
            <gpxtpx:cad>0</gpxtpx:cad>
          </gpxtpx:TrackPointExtension>
          <gpxx:TrackPointExtension>
            <gpxx:Temperature>33</gpxx:Temperature>
          </gpxx:TrackPointExtension>
        </extensions>
      </trkpt>
      <trkpt lat="42.761936970055103" lon="-0.506675988435745">
        <ele>1471</ele>
        <time>2026-07-08T09:07:01Z</time>
        <extensions>
          <gpxtpx:TrackPointExtension>
            <gpxtpx:atemp>33</gpxtpx:atemp>
            <gpxtpx:hr>73</gpxtpx:hr>
            <gpxtpx:cad>0</gpxtpx:cad>
          </gpxtpx:TrackPointExtension>
          <gpxx:TrackPointExtension>
            <gpxx:Temperature>33</gpxx:Temperature>
          </gpxx:TrackPointExtension>
        </extensions>
      </trkpt>
      <trkpt lat="42.761935964226723" lon="-0.506675988435745">
        <ele>1471.2</ele>
        <time>2026-07-08T09:07:06Z</time>
        <extensions>
          <gpxtpx:TrackPointExtension>
            <gpxtpx:atemp>33</gpxtpx:atemp>
            <gpxtpx:hr>76</gpxtpx:hr>
            <gpxtpx:cad>0</gpxtpx:cad>
          </gpxtpx:TrackPointExtension>
          <gpxx:TrackPointExtension>
            <gpxx:Temperature>33</gpxx:Temperature>
          </gpxx:TrackPointExtension>
        </extensions>
      </trkpt>
      <trkpt lat="42.761935964226723" lon="-0.506675988435745">
        <ele>1471.2</ele>
        <time>2026-07-08T09:07:08Z</time>
        <extensions>
          <gpxtpx:TrackPointExtension>
            <gpxtpx:atemp>33</gpxtpx:atemp>
            <gpxtpx:hr>79</gpxtpx:hr>
            <gpxtpx:cad>0</gpxtpx:cad>
          </gpxtpx:TrackPointExtension>
          <gpxx:TrackPointExtension>
            <gpxx:Temperature>33</gpxx:Temperature>
          </gpxx:TrackPointExtension>
        </extensions>
      </trkpt>
      <trkpt lat="42.761934958398342" lon="-0.506675988435745">
        <ele>1471</ele>
        <time>2026-07-08T09:07:14Z</time>
        <extensions>
          <gpxtpx:TrackPointExtension>
            <gpxtpx:atemp>33</gpxtpx:atemp>
            <gpxtpx:hr>82</gpxtpx:hr>
            <gpxtpx:cad>0</gpxtpx:cad>
          </gpxtpx:TrackPointExtension>
          <gpxx:TrackPointExtension>
            <gpxx:Temperature>33</gpxx:Temperature>
          </gpxx:TrackPointExtension>
        </extensions>
      </trkpt>
      <trkpt lat="42.761934036388993" lon="-0.506675988435745">
        <ele>1471</ele>
        <time>2026-07-08T09:07:19Z</time>
        <extensions>
          <gpxtpx:TrackPointExtension>
            <gpxtpx:atemp>33</gpxtpx:atemp>
            <gpxtpx:hr>85</gpxtpx:hr>
            <gpxtpx:cad>0</gpxtpx:cad>
          </gpxtpx:TrackPointExtension>
          <gpxx:TrackPointExtension>
            <gpxx:Temperature>33</gpxx:Temperature>
          </gpxx:TrackPointExtension>
        </extensions>
      </trkpt>
      <trkpt lat="42.761934036388993" lon="-0.506675988435745">
        <ele>1471.2</ele>
        <time>2026-07-08T09:07:21Z</time>
        <extensions>
          <gpxtpx:TrackPointExtension>
            <gpxtpx:atemp>33</gpxtpx:atemp>
            <gpxtpx:hr>88</gpxtpx:hr>
            <gpxtpx:cad>0</gpxtpx:cad>
          </gpxtpx:TrackPointExtension>
          <gpxx:TrackPointExtension>
            <gpxx:Temperature>33</gpxx:Temperature>
          </gpxx:TrackPointExtension>
        </extensions>
      </trkpt>
      <trkpt lat="42.761933030560613" lon="-0.506675988435745">
        <ele>1471.4000000000001</ele>
        <time>2026-07-08T09:07:31Z</time>
        <extensions>
          <gpxtpx:TrackPointExtension>
            <gpxtpx:atemp>33</gpxtpx:atemp>
            <gpxtpx:hr>91</gpxtpx:hr>
            <gpxtpx:cad>0</gpxtpx:cad>
          </gpxtpx:TrackPointExtension>
          <gpxx:TrackPointExtension>
            <gpxx:Temperature>33</gpxx:Temperature>
          </gpxx:TrackPointExtension>
        </extensions>
      </trkpt>
      <trkpt lat="42.761931018903852" lon="-0.506675988435745">
        <ele>1471</ele>
        <time>2026-07-08T09:07:46Z</time>
        <extensions>
          <gpxtpx:TrackPointExtension>
            <gpxtpx:atemp>33</gpxtpx:atemp>
            <gpxtpx:hr>88</gpxtpx:hr>
            <gpxtpx:cad>0</gpxtpx:cad>
          </gpxtpx:TrackPointExtension>
          <gpxx:TrackPointExtension>
            <gpxx:Temperature>33</gpxx:Temperature>
          </gpxx:TrackPointExtension>
        </extensions>
      </trkpt>
      <trkpt lat="42.76192900724709" lon="-0.506675988435745">
        <ele>1471.2</ele>
        <time>2026-07-08T09:07:54Z</time>
        <extensions>
          <gpxtpx:TrackPointExtension>
            <gpxtpx:atemp>33</gpxtpx:atemp>
            <gpxtpx:hr>85</gpxtpx:hr>
            <gpxtpx:cad>0</gpxtpx:cad>
          </gpxtpx:TrackPointExtension>
          <gpxx:TrackPointExtension>
            <gpxx:Temperature>33</gpxx:Temperature>
          </gpxx:TrackPointExtension>
        </extensions>
      </trkpt>
      <trkpt lat="42.76192900724709" lon="-0.506675988435745">
        <ele>1471.2</ele>
        <time>2026-07-08T09:07:56Z</time>
        <extensions>
          <gpxtpx:TrackPointExtension>
            <gpxtpx:atemp>33</gpxtpx:atemp>
            <gpxtpx:hr>82</gpxtpx:hr>
            <gpxtpx:cad>0</gpxtpx:cad>
          </gpxtpx:TrackPointExtension>
          <gpxx:TrackPointExtension>
            <gpxx:Temperature>33</gpxx:Temperature>
          </gpxx:TrackPointExtension>
        </extensions>
      </trkpt>
      <trkpt lat="42.76192900724709" lon="-0.506675988435745">
        <ele>1471.2</ele>
        <time>2026-07-08T09:07:58Z</time>
        <extensions>
          <gpxtpx:TrackPointExtension>
            <gpxtpx:atemp>33</gpxtpx:atemp>
            <gpxtpx:hr>77</gpxtpx:hr>
            <gpxtpx:cad>0</gpxtpx:cad>
          </gpxtpx:TrackPointExtension>
          <gpxx:TrackPointExtension>
            <gpxx:Temperature>33</gpxx:Temperature>
          </gpxx:TrackPointExtension>
        </extensions>
      </trkpt>
      <trkpt lat="42.76192900724709" lon="-0.506675988435745">
        <ele>1471.2</ele>
        <time>2026-07-08T09:08:00Z</time>
        <extensions>
          <gpxtpx:TrackPointExtension>
            <gpxtpx:atemp>33</gpxtpx:atemp>
            <gpxtpx:hr>74</gpxtpx:hr>
            <gpxtpx:cad>0</gpxtpx:cad>
          </gpxtpx:TrackPointExtension>
          <gpxx:TrackPointExtension>
            <gpxx:Temperature>33</gpxx:Temperature>
          </gpxx:TrackPointExtension>
        </extensions>
      </trkpt>
      <trkpt lat="42.76192800141871" lon="-0.506675988435745">
        <ele>1471.4000000000001</ele>
        <time>2026-07-08T09:08:05Z</time>
        <extensions>
          <gpxtpx:TrackPointExtension>
            <gpxtpx:atemp>33</gpxtpx:atemp>
            <gpxtpx:hr>71</gpxtpx:hr>
            <gpxtpx:cad>0</gpxtpx:cad>
          </gpxtpx:TrackPointExtension>
          <gpxx:TrackPointExtension>
            <gpxx:Temperature>33</gpxx:Temperature>
          </gpxx:TrackPointExtension>
        </extensions>
      </trkpt>
      <trkpt lat="42.761924983933568" lon="-0.506674982607365">
        <ele>1471.4000000000001</ele>
        <time>2026-07-08T09:08:27Z</time>
        <extensions>
          <gpxtpx:TrackPointExtension>
            <gpxtpx:atemp>33</gpxtpx:atemp>
            <gpxtpx:hr>74</gpxtpx:hr>
            <gpxtpx:cad>0</gpxtpx:cad>
          </gpxtpx:TrackPointExtension>
          <gpxx:TrackPointExtension>
            <gpxx:Temperature>33</gpxx:Temperature>
          </gpxx:TrackPointExtension>
        </extensions>
      </trkpt>
      <trkpt lat="42.761924983933568" lon="-0.506674982607365">
        <ele>1471.4000000000001</ele>
        <time>2026-07-08T09:08:29Z</time>
        <extensions>
          <gpxtpx:TrackPointExtension>
            <gpxtpx:atemp>33</gpxtpx:atemp>
            <gpxtpx:hr>74</gpxtpx:hr>
            <gpxtpx:cad>0</gpxtpx:cad>
          </gpxtpx:TrackPointExtension>
          <gpxx:TrackPointExtension>
            <gpxx:Temperature>33</gpxx:Temperature>
          </gpxx:TrackPointExtension>
        </extensions>
      </trkpt>
      <trkpt lat="42.761920038610697" lon="-0.506675988435745">
        <ele>1471.8</ele>
        <time>2026-07-08T09:09:01Z</time>
        <extensions>
          <gpxtpx:TrackPointExtension>
            <gpxtpx:atemp>33</gpxtpx:atemp>
            <gpxtpx:hr>71</gpxtpx:hr>
            <gpxtpx:cad>0</gpxtpx:cad>
          </gpxtpx:TrackPointExtension>
          <gpxx:TrackPointExtension>
            <gpxx:Temperature>33</gpxx:Temperature>
          </gpxx:TrackPointExtension>
        </extensions>
      </trkpt>
      <trkpt lat="42.761920038610697" lon="-0.506675988435745">
        <ele>1471.8</ele>
        <time>2026-07-08T09:09:04Z</time>
        <extensions>
          <gpxtpx:TrackPointExtension>
            <gpxtpx:atemp>33</gpxtpx:atemp>
            <gpxtpx:hr>68</gpxtpx:hr>
            <gpxtpx:cad>0</gpxtpx:cad>
          </gpxtpx:TrackPointExtension>
          <gpxx:TrackPointExtension>
            <gpxx:Temperature>33</gpxx:Temperature>
          </gpxx:TrackPointExtension>
        </extensions>
      </trkpt>
      <trkpt lat="42.761918026953936" lon="-0.506675988435745">
        <ele>1472</ele>
        <time>2026-07-08T09:09:17Z</time>
        <extensions>
          <gpxtpx:TrackPointExtension>
            <gpxtpx:atemp>33</gpxtpx:atemp>
            <gpxtpx:hr>65</gpxtpx:hr>
            <gpxtpx:cad>0</gpxtpx:cad>
          </gpxtpx:TrackPointExtension>
          <gpxx:TrackPointExtension>
            <gpxx:Temperature>33</gpxx:Temperature>
          </gpxx:TrackPointExtension>
        </extensions>
      </trkpt>
      <trkpt lat="42.761915009468794" lon="-0.506675988435745">
        <ele>1472</ele>
        <time>2026-07-08T09:09:46Z</time>
        <extensions>
          <gpxtpx:TrackPointExtension>
            <gpxtpx:atemp>33</gpxtpx:atemp>
            <gpxtpx:hr>68</gpxtpx:hr>
            <gpxtpx:cad>0</gpxtpx:cad>
          </gpxtpx:TrackPointExtension>
          <gpxx:TrackPointExtension>
            <gpxx:Temperature>33</gpxx:Temperature>
          </gpxx:TrackPointExtension>
        </extensions>
      </trkpt>
      <trkpt lat="42.761910986155272" lon="-0.506675988435745">
        <ele>1472.2</ele>
        <time>2026-07-08T09:10:21Z</time>
        <extensions>
          <gpxtpx:TrackPointExtension>
            <gpxtpx:atemp>33</gpxtpx:atemp>
            <gpxtpx:hr>65</gpxtpx:hr>
            <gpxtpx:cad>0</gpxtpx:cad>
          </gpxtpx:TrackPointExtension>
          <gpxx:TrackPointExtension>
            <gpxx:Temperature>33</gpxx:Temperature>
          </gpxx:TrackPointExtension>
        </extensions>
      </trkpt>
      <trkpt lat="42.761909980326891" lon="-0.506675988435745">
        <ele>1472.4000000000001</ele>
        <time>2026-07-08T09:10:25Z</time>
        <extensions>
          <gpxtpx:TrackPointExtension>
            <gpxtpx:atemp>33</gpxtpx:atemp>
            <gpxtpx:hr>68</gpxtpx:hr>
            <gpxtpx:cad>0</gpxtpx:cad>
          </gpxtpx:TrackPointExtension>
          <gpxx:TrackPointExtension>
            <gpxx:Temperature>33</gpxx:Temperature>
          </gpxx:TrackPointExtension>
        </extensions>
      </trkpt>
      <trkpt lat="42.761909980326891" lon="-0.506675988435745">
        <ele>1472.5999999999999</ele>
        <time>2026-07-08T09:10:27Z</time>
        <extensions>
          <gpxtpx:TrackPointExtension>
            <gpxtpx:atemp>33</gpxtpx:atemp>
            <gpxtpx:hr>70</gpxtpx:hr>
            <gpxtpx:cad>0</gpxtpx:cad>
          </gpxtpx:TrackPointExtension>
          <gpxx:TrackPointExtension>
            <gpxx:Temperature>33</gpxx:Temperature>
          </gpxx:TrackPointExtension>
        </extensions>
      </trkpt>
      <trkpt lat="42.761909980326891" lon="-0.506675988435745">
        <ele>1472.5999999999999</ele>
        <time>2026-07-08T09:10:30Z</time>
        <extensions>
          <gpxtpx:TrackPointExtension>
            <gpxtpx:atemp>33</gpxtpx:atemp>
            <gpxtpx:hr>73</gpxtpx:hr>
            <gpxtpx:cad>0</gpxtpx:cad>
          </gpxtpx:TrackPointExtension>
          <gpxx:TrackPointExtension>
            <gpxx:Temperature>33</gpxx:Temperature>
          </gpxx:TrackPointExtension>
        </extensions>
      </trkpt>
      <trkpt lat="42.76190897449851" lon="-0.506674982607365">
        <ele>1472.5999999999999</ele>
        <time>2026-07-08T09:10:36Z</time>
        <extensions>
          <gpxtpx:TrackPointExtension>
            <gpxtpx:atemp>33</gpxtpx:atemp>
            <gpxtpx:hr>70</gpxtpx:hr>
            <gpxtpx:cad>0</gpxtpx:cad>
          </gpxtpx:TrackPointExtension>
          <gpxx:TrackPointExtension>
            <gpxx:Temperature>33</gpxx:Temperature>
          </gpxx:TrackPointExtension>
        </extensions>
      </trkpt>
      <trkpt lat="42.76190897449851" lon="-0.506674982607365">
        <ele>1472.5999999999999</ele>
        <time>2026-07-08T09:10:38Z</time>
        <extensions>
          <gpxtpx:TrackPointExtension>
            <gpxtpx:atemp>33</gpxtpx:atemp>
            <gpxtpx:hr>65</gpxtpx:hr>
            <gpxtpx:cad>0</gpxtpx:cad>
          </gpxtpx:TrackPointExtension>
          <gpxx:TrackPointExtension>
            <gpxx:Temperature>33</gpxx:Temperature>
          </gpxx:TrackPointExtension>
        </extensions>
      </trkpt>
      <trkpt lat="42.76190897449851" lon="-0.506674982607365">
        <ele>1472.8</ele>
        <time>2026-07-08T09:10:40Z</time>
        <extensions>
          <gpxtpx:TrackPointExtension>
            <gpxtpx:atemp>33</gpxtpx:atemp>
            <gpxtpx:hr>62</gpxtpx:hr>
            <gpxtpx:cad>0</gpxtpx:cad>
          </gpxtpx:TrackPointExtension>
          <gpxx:TrackPointExtension>
            <gpxx:Temperature>33</gpxx:Temperature>
          </gpxx:TrackPointExtension>
        </extensions>
      </trkpt>
      <trkpt lat="42.76190796867013" lon="-0.506674982607365">
        <ele>1473</ele>
        <time>2026-07-08T09:10:50Z</time>
        <extensions>
          <gpxtpx:TrackPointExtension>
            <gpxtpx:atemp>33</gpxtpx:atemp>
            <gpxtpx:hr>65</gpxtpx:hr>
            <gpxtpx:cad>0</gpxtpx:cad>
          </gpxtpx:TrackPointExtension>
          <gpxx:TrackPointExtension>
            <gpxx:Temperature>33</gpxx:Temperature>
          </gpxx:TrackPointExtension>
        </extensions>
      </trkpt>
      <trkpt lat="42.761906962841749" lon="-0.506674982607365">
        <ele>1473</ele>
        <time>2026-07-08T09:10:56Z</time>
        <extensions>
          <gpxtpx:TrackPointExtension>
            <gpxtpx:atemp>33</gpxtpx:atemp>
            <gpxtpx:hr>68</gpxtpx:hr>
            <gpxtpx:cad>0</gpxtpx:cad>
          </gpxtpx:TrackPointExtension>
          <gpxx:TrackPointExtension>
            <gpxx:Temperature>33</gpxx:Temperature>
          </gpxx:TrackPointExtension>
        </extensions>
      </trkpt>
      <trkpt lat="42.76190503500402" lon="-0.506674982607365">
        <ele>1472.8</ele>
        <time>2026-07-08T09:11:14Z</time>
        <extensions>
          <gpxtpx:TrackPointExtension>
            <gpxtpx:atemp>33</gpxtpx:atemp>
            <gpxtpx:hr>71</gpxtpx:hr>
            <gpxtpx:cad>0</gpxtpx:cad>
          </gpxtpx:TrackPointExtension>
          <gpxx:TrackPointExtension>
            <gpxx:Temperature>33</gpxx:Temperature>
          </gpxx:TrackPointExtension>
        </extensions>
      </trkpt>
      <trkpt lat="42.761901011690497" lon="-0.506674982607365">
        <ele>1473</ele>
        <time>2026-07-08T09:11:56Z</time>
        <extensions>
          <gpxtpx:TrackPointExtension>
            <gpxtpx:atemp>33</gpxtpx:atemp>
            <gpxtpx:hr>74</gpxtpx:hr>
            <gpxtpx:cad>0</gpxtpx:cad>
          </gpxtpx:TrackPointExtension>
          <gpxx:TrackPointExtension>
            <gpxx:Temperature>33</gpxx:Temperature>
          </gpxx:TrackPointExtension>
        </extensions>
      </trkpt>
      <trkpt lat="42.761900005862117" lon="-0.506674982607365">
        <ele>1473</ele>
        <time>2026-07-08T09:12:02Z</time>
        <extensions>
          <gpxtpx:TrackPointExtension>
            <gpxtpx:atemp>33</gpxtpx:atemp>
            <gpxtpx:hr>70</gpxtpx:hr>
            <gpxtpx:cad>0</gpxtpx:cad>
          </gpxtpx:TrackPointExtension>
          <gpxx:TrackPointExtension>
            <gpxx:Temperature>33</gpxx:Temperature>
          </gpxx:TrackPointExtension>
        </extensions>
      </trkpt>
      <trkpt lat="42.761897994205356" lon="-0.506675988435745">
        <ele>1473.5999999999999</ele>
        <time>2026-07-08T09:12:31Z</time>
        <extensions>
          <gpxtpx:TrackPointExtension>
            <gpxtpx:atemp>33</gpxtpx:atemp>
            <gpxtpx:hr>70</gpxtpx:hr>
            <gpxtpx:cad>0</gpxtpx:cad>
          </gpxtpx:TrackPointExtension>
          <gpxx:TrackPointExtension>
            <gpxx:Temperature>33</gpxx:Temperature>
          </gpxx:TrackPointExtension>
        </extensions>
      </trkpt>
      <trkpt lat="42.761895982548594" lon="-0.506676994264126">
        <ele>1473.8</ele>
        <time>2026-07-08T09:12:51Z</time>
        <extensions>
          <gpxtpx:TrackPointExtension>
            <gpxtpx:atemp>32</gpxtpx:atemp>
            <gpxtpx:hr>73</gpxtpx:hr>
            <gpxtpx:cad>0</gpxtpx:cad>
          </gpxtpx:TrackPointExtension>
          <gpxx:TrackPointExtension>
            <gpxx:Temperature>32</gpxx:Temperature>
          </gpxx:TrackPointExtension>
        </extensions>
      </trkpt>
      <trkpt lat="42.761893970891833" lon="-0.506676994264126">
        <ele>1474</ele>
        <time>2026-07-08T09:13:16Z</time>
        <extensions>
          <gpxtpx:TrackPointExtension>
            <gpxtpx:atemp>32</gpxtpx:atemp>
            <gpxtpx:hr>72</gpxtpx:hr>
            <gpxtpx:cad>0</gpxtpx:cad>
          </gpxtpx:TrackPointExtension>
          <gpxx:TrackPointExtension>
            <gpxx:Temperature>32</gpxx:Temperature>
          </gpxx:TrackPointExtension>
        </extensions>
      </trkpt>
      <trkpt lat="42.761891959235072" lon="-0.506679005920887">
        <ele>1474.4000000000001</ele>
        <time>2026-07-08T09:13:39Z</time>
        <extensions>
          <gpxtpx:TrackPointExtension>
            <gpxtpx:atemp>32</gpxtpx:atemp>
            <gpxtpx:hr>69</gpxtpx:hr>
            <gpxtpx:cad>0</gpxtpx:cad>
          </gpxtpx:TrackPointExtension>
          <gpxx:TrackPointExtension>
            <gpxx:Temperature>32</gpxx:Temperature>
          </gpxx:TrackPointExtension>
        </extensions>
      </trkpt>
      <trkpt lat="42.761891037225723" lon="-0.506679005920887">
        <ele>1474.4000000000001</ele>
        <time>2026-07-08T09:13:48Z</time>
        <extensions>
          <gpxtpx:TrackPointExtension>
            <gpxtpx:atemp>32</gpxtpx:atemp>
            <gpxtpx:hr>72</gpxtpx:hr>
            <gpxtpx:cad>0</gpxtpx:cad>
          </gpxtpx:TrackPointExtension>
          <gpxx:TrackPointExtension>
            <gpxx:Temperature>32</gpxx:Temperature>
          </gpxx:TrackPointExtension>
        </extensions>
      </trkpt>
      <trkpt lat="42.761891037225723" lon="-0.506679005920887">
        <ele>1474.4000000000001</ele>
        <time>2026-07-08T09:13:51Z</time>
        <extensions>
          <gpxtpx:TrackPointExtension>
            <gpxtpx:atemp>32</gpxtpx:atemp>
            <gpxtpx:hr>69</gpxtpx:hr>
            <gpxtpx:cad>0</gpxtpx:cad>
          </gpxtpx:TrackPointExtension>
          <gpxx:TrackPointExtension>
            <gpxx:Temperature>32</gpxx:Temperature>
          </gpxx:TrackPointExtension>
        </extensions>
      </trkpt>
      <trkpt lat="42.761891037225723" lon="-0.506679005920887">
        <ele>1474.4000000000001</ele>
        <time>2026-07-08T09:13:54Z</time>
        <extensions>
          <gpxtpx:TrackPointExtension>
            <gpxtpx:atemp>32</gpxtpx:atemp>
            <gpxtpx:hr>64</gpxtpx:hr>
            <gpxtpx:cad>0</gpxtpx:cad>
          </gpxtpx:TrackPointExtension>
          <gpxx:TrackPointExtension>
            <gpxx:Temperature>32</gpxx:Temperature>
          </gpxx:TrackPointExtension>
        </extensions>
      </trkpt>
      <trkpt lat="42.761890031397343" lon="-0.506679005920887">
        <ele>1474.5999999999999</ele>
        <time>2026-07-08T09:14:04Z</time>
        <extensions>
          <gpxtpx:TrackPointExtension>
            <gpxtpx:atemp>32</gpxtpx:atemp>
            <gpxtpx:hr>68</gpxtpx:hr>
            <gpxtpx:cad>0</gpxtpx:cad>
          </gpxtpx:TrackPointExtension>
          <gpxx:TrackPointExtension>
            <gpxx:Temperature>32</gpxx:Temperature>
          </gpxx:TrackPointExtension>
        </extensions>
      </trkpt>
      <trkpt lat="42.761890031397343" lon="-0.506679005920887">
        <ele>1474.5999999999999</ele>
        <time>2026-07-08T09:14:05Z</time>
        <extensions>
          <gpxtpx:TrackPointExtension>
            <gpxtpx:atemp>32</gpxtpx:atemp>
            <gpxtpx:hr>65</gpxtpx:hr>
            <gpxtpx:cad>0</gpxtpx:cad>
          </gpxtpx:TrackPointExtension>
          <gpxx:TrackPointExtension>
            <gpxx:Temperature>32</gpxx:Temperature>
          </gpxx:TrackPointExtension>
        </extensions>
      </trkpt>
      <trkpt lat="42.761889025568962" lon="-0.506679005920887">
        <ele>1474.4000000000001</ele>
        <time>2026-07-08T09:14:13Z</time>
        <extensions>
          <gpxtpx:TrackPointExtension>
            <gpxtpx:atemp>32</gpxtpx:atemp>
            <gpxtpx:hr>68</gpxtpx:hr>
            <gpxtpx:cad>0</gpxtpx:cad>
          </gpxtpx:TrackPointExtension>
          <gpxx:TrackPointExtension>
            <gpxx:Temperature>32</gpxx:Temperature>
          </gpxx:TrackPointExtension>
        </extensions>
      </trkpt>
      <trkpt lat="42.761889025568962" lon="-0.506679005920887">
        <ele>1474.8</ele>
        <time>2026-07-08T09:14:16Z</time>
        <extensions>
          <gpxtpx:TrackPointExtension>
            <gpxtpx:atemp>32</gpxtpx:atemp>
            <gpxtpx:hr>68</gpxtpx:hr>
            <gpxtpx:cad>0</gpxtpx:cad>
          </gpxtpx:TrackPointExtension>
          <gpxx:TrackPointExtension>
            <gpxx:Temperature>32</gpxx:Temperature>
          </gpxx:TrackPointExtension>
        </extensions>
      </trkpt>
      <trkpt lat="42.761888019740582" lon="-0.506678000092506">
        <ele>1475.5999999999999</ele>
        <time>2026-07-08T09:14:25Z</time>
        <extensions>
          <gpxtpx:TrackPointExtension>
            <gpxtpx:atemp>32</gpxtpx:atemp>
            <gpxtpx:hr>71</gpxtpx:hr>
            <gpxtpx:cad>0</gpxtpx:cad>
          </gpxtpx:TrackPointExtension>
          <gpxx:TrackPointExtension>
            <gpxx:Temperature>32</gpxx:Temperature>
          </gpxx:TrackPointExtension>
        </extensions>
      </trkpt>
      <trkpt lat="42.761888019740582" lon="-0.506678000092506">
        <ele>1475.5999999999999</ele>
        <time>2026-07-08T09:14:30Z</time>
        <extensions>
          <gpxtpx:TrackPointExtension>
            <gpxtpx:atemp>32</gpxtpx:atemp>
            <gpxtpx:hr>68</gpxtpx:hr>
            <gpxtpx:cad>0</gpxtpx:cad>
          </gpxtpx:TrackPointExtension>
          <gpxx:TrackPointExtension>
            <gpxx:Temperature>32</gpxx:Temperature>
          </gpxx:TrackPointExtension>
        </extensions>
      </trkpt>
      <trkpt lat="42.761888019740582" lon="-0.506678000092506">
        <ele>1475.4000000000001</ele>
        <time>2026-07-08T09:14:36Z</time>
        <extensions>
          <gpxtpx:TrackPointExtension>
            <gpxtpx:atemp>32</gpxtpx:atemp>
            <gpxtpx:hr>65</gpxtpx:hr>
            <gpxtpx:cad>0</gpxtpx:cad>
          </gpxtpx:TrackPointExtension>
          <gpxx:TrackPointExtension>
            <gpxx:Temperature>32</gpxx:Temperature>
          </gpxx:TrackPointExtension>
        </extensions>
      </trkpt>
      <trkpt lat="42.761887013912201" lon="-0.506678000092506">
        <ele>1474.5999999999999</ele>
        <time>2026-07-08T09:14:49Z</time>
        <extensions>
          <gpxtpx:TrackPointExtension>
            <gpxtpx:atemp>32</gpxtpx:atemp>
            <gpxtpx:hr>62</gpxtpx:hr>
            <gpxtpx:cad>0</gpxtpx:cad>
          </gpxtpx:TrackPointExtension>
          <gpxx:TrackPointExtension>
            <gpxx:Temperature>32</gpxx:Temperature>
          </gpxx:TrackPointExtension>
        </extensions>
      </trkpt>
      <trkpt lat="42.76188600808382" lon="-0.506676994264126">
        <ele>1473.5999999999999</ele>
        <time>2026-07-08T09:14:56Z</time>
        <extensions>
          <gpxtpx:TrackPointExtension>
            <gpxtpx:atemp>32</gpxtpx:atemp>
            <gpxtpx:hr>63</gpxtpx:hr>
            <gpxtpx:cad>0</gpxtpx:cad>
          </gpxtpx:TrackPointExtension>
          <gpxx:TrackPointExtension>
            <gpxx:Temperature>32</gpxx:Temperature>
          </gpxx:TrackPointExtension>
        </extensions>
      </trkpt>
      <trkpt lat="42.761882990598679" lon="-0.506676994264126">
        <ele>1472.5999999999999</ele>
        <time>2026-07-08T09:15:28Z</time>
        <extensions>
          <gpxtpx:TrackPointExtension>
            <gpxtpx:atemp>32</gpxtpx:atemp>
            <gpxtpx:hr>64</gpxtpx:hr>
            <gpxtpx:cad>0</gpxtpx:cad>
          </gpxtpx:TrackPointExtension>
          <gpxx:TrackPointExtension>
            <gpxx:Temperature>32</gpxx:Temperature>
          </gpxx:TrackPointExtension>
        </extensions>
      </trkpt>
      <trkpt lat="42.761881984770298" lon="-0.506676994264126">
        <ele>1472</ele>
        <time>2026-07-08T09:15:30Z</time>
        <extensions>
          <gpxtpx:TrackPointExtension>
            <gpxtpx:atemp>32</gpxtpx:atemp>
            <gpxtpx:hr>61</gpxtpx:hr>
            <gpxtpx:cad>0</gpxtpx:cad>
          </gpxtpx:TrackPointExtension>
          <gpxx:TrackPointExtension>
            <gpxx:Temperature>32</gpxx:Temperature>
          </gpxx:TrackPointExtension>
        </extensions>
      </trkpt>
      <trkpt lat="42.761881984770298" lon="-0.506676994264126">
        <ele>1472</ele>
        <time>2026-07-08T09:15:32Z</time>
        <extensions>
          <gpxtpx:TrackPointExtension>
            <gpxtpx:atemp>32</gpxtpx:atemp>
            <gpxtpx:hr>66</gpxtpx:hr>
            <gpxtpx:cad>0</gpxtpx:cad>
          </gpxtpx:TrackPointExtension>
          <gpxx:TrackPointExtension>
            <gpxx:Temperature>32</gpxx:Temperature>
          </gpxx:TrackPointExtension>
        </extensions>
      </trkpt>
      <trkpt lat="42.761880978941917" lon="-0.506676994264126">
        <ele>1471.8</ele>
        <time>2026-07-08T09:15:39Z</time>
        <extensions>
          <gpxtpx:TrackPointExtension>
            <gpxtpx:atemp>32</gpxtpx:atemp>
            <gpxtpx:hr>61</gpxtpx:hr>
            <gpxtpx:cad>0</gpxtpx:cad>
          </gpxtpx:TrackPointExtension>
          <gpxx:TrackPointExtension>
            <gpxx:Temperature>32</gpxx:Temperature>
          </gpxx:TrackPointExtension>
        </extensions>
      </trkpt>
      <trkpt lat="42.761880978941917" lon="-0.506676994264126">
        <ele>1471.8</ele>
        <time>2026-07-08T09:15:40Z</time>
        <extensions>
          <gpxtpx:TrackPointExtension>
            <gpxtpx:atemp>33</gpxtpx:atemp>
            <gpxtpx:hr>66</gpxtpx:hr>
            <gpxtpx:cad>0</gpxtpx:cad>
          </gpxtpx:TrackPointExtension>
          <gpxx:TrackPointExtension>
            <gpxx:Temperature>33</gpxx:Temperature>
          </gpxx:TrackPointExtension>
        </extensions>
      </trkpt>
      <trkpt lat="42.761880978941917" lon="-0.506676994264126">
        <ele>1471.5999999999999</ele>
        <time>2026-07-08T09:15:45Z</time>
        <extensions>
          <gpxtpx:TrackPointExtension>
            <gpxtpx:atemp>33</gpxtpx:atemp>
            <gpxtpx:hr>67</gpxtpx:hr>
            <gpxtpx:cad>0</gpxtpx:cad>
          </gpxtpx:TrackPointExtension>
          <gpxx:TrackPointExtension>
            <gpxx:Temperature>33</gpxx:Temperature>
          </gpxx:TrackPointExtension>
        </extensions>
      </trkpt>
      <trkpt lat="42.761880978941917" lon="-0.506676994264126">
        <ele>1471.4000000000001</ele>
        <time>2026-07-08T09:15:48Z</time>
        <extensions>
          <gpxtpx:TrackPointExtension>
            <gpxtpx:atemp>33</gpxtpx:atemp>
            <gpxtpx:hr>71</gpxtpx:hr>
            <gpxtpx:cad>0</gpxtpx:cad>
          </gpxtpx:TrackPointExtension>
          <gpxx:TrackPointExtension>
            <gpxx:Temperature>33</gpxx:Temperature>
          </gpxx:TrackPointExtension>
        </extensions>
      </trkpt>
      <trkpt lat="42.761879973113537" lon="-0.506676994264126">
        <ele>1471.4000000000001</ele>
        <time>2026-07-08T09:15:50Z</time>
        <extensions>
          <gpxtpx:TrackPointExtension>
            <gpxtpx:atemp>33</gpxtpx:atemp>
            <gpxtpx:hr>68</gpxtpx:hr>
            <gpxtpx:cad>0</gpxtpx:cad>
          </gpxtpx:TrackPointExtension>
          <gpxx:TrackPointExtension>
            <gpxx:Temperature>33</gpxx:Temperature>
          </gpxx:TrackPointExtension>
        </extensions>
      </trkpt>
      <trkpt lat="42.761879973113537" lon="-0.506676994264126">
        <ele>1471.2</ele>
        <time>2026-07-08T09:15:52Z</time>
        <extensions>
          <gpxtpx:TrackPointExtension>
            <gpxtpx:atemp>33</gpxtpx:atemp>
            <gpxtpx:hr>69</gpxtpx:hr>
            <gpxtpx:cad>0</gpxtpx:cad>
          </gpxtpx:TrackPointExtension>
          <gpxx:TrackPointExtension>
            <gpxx:Temperature>33</gpxx:Temperature>
          </gpxx:TrackPointExtension>
        </extensions>
      </trkpt>
      <trkpt lat="42.761879973113537" lon="-0.506676994264126">
        <ele>1471.2</ele>
        <time>2026-07-08T09:15:56Z</time>
        <extensions>
          <gpxtpx:TrackPointExtension>
            <gpxtpx:atemp>33</gpxtpx:atemp>
            <gpxtpx:hr>66</gpxtpx:hr>
            <gpxtpx:cad>0</gpxtpx:cad>
          </gpxtpx:TrackPointExtension>
          <gpxx:TrackPointExtension>
            <gpxx:Temperature>33</gpxx:Temperature>
          </gpxx:TrackPointExtension>
        </extensions>
      </trkpt>
      <trkpt lat="42.761879973113537" lon="-0.506676994264126">
        <ele>1471.2</ele>
        <time>2026-07-08T09:15:57Z</time>
        <extensions>
          <gpxtpx:TrackPointExtension>
            <gpxtpx:atemp>33</gpxtpx:atemp>
            <gpxtpx:hr>69</gpxtpx:hr>
            <gpxtpx:cad>0</gpxtpx:cad>
          </gpxtpx:TrackPointExtension>
          <gpxx:TrackPointExtension>
            <gpxx:Temperature>33</gpxx:Temperature>
          </gpxx:TrackPointExtension>
        </extensions>
      </trkpt>
      <trkpt lat="42.761877961456776" lon="-0.506676994264126">
        <ele>1470.8</ele>
        <time>2026-07-08T09:16:12Z</time>
        <extensions>
          <gpxtpx:TrackPointExtension>
            <gpxtpx:atemp>33</gpxtpx:atemp>
            <gpxtpx:hr>66</gpxtpx:hr>
            <gpxtpx:cad>0</gpxtpx:cad>
          </gpxtpx:TrackPointExtension>
          <gpxx:TrackPointExtension>
            <gpxx:Temperature>33</gpxx:Temperature>
          </gpxx:TrackPointExtension>
        </extensions>
      </trkpt>
      <trkpt lat="42.761877039447427" lon="-0.506676994264126">
        <ele>1470.8</ele>
        <time>2026-07-08T09:16:21Z</time>
        <extensions>
          <gpxtpx:TrackPointExtension>
            <gpxtpx:atemp>33</gpxtpx:atemp>
            <gpxtpx:hr>62</gpxtpx:hr>
            <gpxtpx:cad>0</gpxtpx:cad>
          </gpxtpx:TrackPointExtension>
          <gpxx:TrackPointExtension>
            <gpxx:Temperature>33</gpxx:Temperature>
          </gpxx:TrackPointExtension>
        </extensions>
      </trkpt>
      <trkpt lat="42.761877039447427" lon="-0.506676994264126">
        <ele>1470.5999999999999</ele>
        <time>2026-07-08T09:16:24Z</time>
        <extensions>
          <gpxtpx:TrackPointExtension>
            <gpxtpx:atemp>33</gpxtpx:atemp>
            <gpxtpx:hr>63</gpxtpx:hr>
            <gpxtpx:cad>0</gpxtpx:cad>
          </gpxtpx:TrackPointExtension>
          <gpxx:TrackPointExtension>
            <gpxx:Temperature>33</gpxx:Temperature>
          </gpxx:TrackPointExtension>
        </extensions>
      </trkpt>
      <trkpt lat="42.761876033619046" lon="-0.506676994264126">
        <ele>1470.5999999999999</ele>
        <time>2026-07-08T09:16:26Z</time>
        <extensions>
          <gpxtpx:TrackPointExtension>
            <gpxtpx:atemp>33</gpxtpx:atemp>
            <gpxtpx:hr>63</gpxtpx:hr>
            <gpxtpx:cad>0</gpxtpx:cad>
          </gpxtpx:TrackPointExtension>
          <gpxx:TrackPointExtension>
            <gpxx:Temperature>33</gpxx:Temperature>
          </gpxx:TrackPointExtension>
        </extensions>
      </trkpt>
      <trkpt lat="42.761874021962285" lon="-0.506676994264126">
        <ele>1470.4000000000001</ele>
        <time>2026-07-08T09:16:46Z</time>
        <extensions>
          <gpxtpx:TrackPointExtension>
            <gpxtpx:atemp>33</gpxtpx:atemp>
            <gpxtpx:hr>66</gpxtpx:hr>
            <gpxtpx:cad>0</gpxtpx:cad>
          </gpxtpx:TrackPointExtension>
          <gpxx:TrackPointExtension>
            <gpxx:Temperature>33</gpxx:Temperature>
          </gpxx:TrackPointExtension>
        </extensions>
      </trkpt>
      <trkpt lat="42.761873016133904" lon="-0.506676994264126">
        <ele>1471</ele>
        <time>2026-07-08T09:16:55Z</time>
        <extensions>
          <gpxtpx:TrackPointExtension>
            <gpxtpx:atemp>33</gpxtpx:atemp>
            <gpxtpx:hr>69</gpxtpx:hr>
            <gpxtpx:cad>0</gpxtpx:cad>
          </gpxtpx:TrackPointExtension>
          <gpxx:TrackPointExtension>
            <gpxx:Temperature>33</gpxx:Temperature>
          </gpxx:TrackPointExtension>
        </extensions>
      </trkpt>
      <trkpt lat="42.761872010305524" lon="-0.506676994264126">
        <ele>1470.8</ele>
        <time>2026-07-08T09:17:05Z</time>
        <extensions>
          <gpxtpx:TrackPointExtension>
            <gpxtpx:atemp>33</gpxtpx:atemp>
            <gpxtpx:hr>72</gpxtpx:hr>
            <gpxtpx:cad>0</gpxtpx:cad>
          </gpxtpx:TrackPointExtension>
          <gpxx:TrackPointExtension>
            <gpxx:Temperature>33</gpxx:Temperature>
          </gpxx:TrackPointExtension>
        </extensions>
      </trkpt>
      <trkpt lat="42.761869998648763" lon="-0.506675988435745">
        <ele>1470.8</ele>
        <time>2026-07-08T09:17:24Z</time>
        <extensions>
          <gpxtpx:TrackPointExtension>
            <gpxtpx:atemp>34</gpxtpx:atemp>
            <gpxtpx:hr>69</gpxtpx:hr>
            <gpxtpx:cad>0</gpxtpx:cad>
          </gpxtpx:TrackPointExtension>
          <gpxx:TrackPointExtension>
            <gpxx:Temperature>34</gpxx:Temperature>
          </gpxx:TrackPointExtension>
        </extensions>
      </trkpt>
      <trkpt lat="42.761868992820382" lon="-0.506675988435745">
        <ele>1470.8</ele>
        <time>2026-07-08T09:17:27Z</time>
        <extensions>
          <gpxtpx:TrackPointExtension>
            <gpxtpx:atemp>34</gpxtpx:atemp>
            <gpxtpx:hr>66</gpxtpx:hr>
            <gpxtpx:cad>0</gpxtpx:cad>
          </gpxtpx:TrackPointExtension>
          <gpxx:TrackPointExtension>
            <gpxx:Temperature>34</gpxx:Temperature>
          </gpxx:TrackPointExtension>
        </extensions>
      </trkpt>
      <trkpt lat="42.761867986992002" lon="-0.506674982607365">
        <ele>1470.8</ele>
        <time>2026-07-08T09:17:38Z</time>
        <extensions>
          <gpxtpx:TrackPointExtension>
            <gpxtpx:atemp>34</gpxtpx:atemp>
            <gpxtpx:hr>63</gpxtpx:hr>
            <gpxtpx:cad>0</gpxtpx:cad>
          </gpxtpx:TrackPointExtension>
          <gpxx:TrackPointExtension>
            <gpxx:Temperature>34</gpxx:Temperature>
          </gpxx:TrackPointExtension>
        </extensions>
      </trkpt>
      <trkpt lat="42.76186597533524" lon="-0.506673976778984">
        <ele>1471</ele>
        <time>2026-07-08T09:17:51Z</time>
        <extensions>
          <gpxtpx:TrackPointExtension>
            <gpxtpx:atemp>34</gpxtpx:atemp>
            <gpxtpx:hr>66</gpxtpx:hr>
            <gpxtpx:cad>0</gpxtpx:cad>
          </gpxtpx:TrackPointExtension>
          <gpxx:TrackPointExtension>
            <gpxx:Temperature>34</gpxx:Temperature>
          </gpxx:TrackPointExtension>
        </extensions>
      </trkpt>
      <trkpt lat="42.76186597533524" lon="-0.506673976778984">
        <ele>1471</ele>
        <time>2026-07-08T09:17:52Z</time>
        <extensions>
          <gpxtpx:TrackPointExtension>
            <gpxtpx:atemp>34</gpxtpx:atemp>
            <gpxtpx:hr>69</gpxtpx:hr>
            <gpxtpx:cad>0</gpxtpx:cad>
          </gpxtpx:TrackPointExtension>
          <gpxx:TrackPointExtension>
            <gpxx:Temperature>34</gpxx:Temperature>
          </gpxx:TrackPointExtension>
        </extensions>
      </trkpt>
      <trkpt lat="42.76186597533524" lon="-0.506673976778984">
        <ele>1471.2</ele>
        <time>2026-07-08T09:17:53Z</time>
        <extensions>
          <gpxtpx:TrackPointExtension>
            <gpxtpx:atemp>34</gpxtpx:atemp>
            <gpxtpx:hr>65</gpxtpx:hr>
            <gpxtpx:cad>0</gpxtpx:cad>
          </gpxtpx:TrackPointExtension>
          <gpxx:TrackPointExtension>
            <gpxx:Temperature>34</gpxx:Temperature>
          </gpxx:TrackPointExtension>
        </extensions>
      </trkpt>
      <trkpt lat="42.76186304166913" lon="-0.506671965122223">
        <ele>1471.5999999999999</ele>
        <time>2026-07-08T09:18:07Z</time>
        <extensions>
          <gpxtpx:TrackPointExtension>
            <gpxtpx:atemp>33</gpxtpx:atemp>
            <gpxtpx:hr>65</gpxtpx:hr>
            <gpxtpx:cad>0</gpxtpx:cad>
          </gpxtpx:TrackPointExtension>
          <gpxx:TrackPointExtension>
            <gpxx:Temperature>33</gpxx:Temperature>
          </gpxx:TrackPointExtension>
        </extensions>
      </trkpt>
      <trkpt lat="42.76186203584075" lon="-0.506670959293842">
        <ele>1471.8</ele>
        <time>2026-07-08T09:18:13Z</time>
        <extensions>
          <gpxtpx:TrackPointExtension>
            <gpxtpx:atemp>33</gpxtpx:atemp>
            <gpxtpx:hr>62</gpxtpx:hr>
            <gpxtpx:cad>0</gpxtpx:cad>
          </gpxtpx:TrackPointExtension>
          <gpxx:TrackPointExtension>
            <gpxx:Temperature>33</gpxx:Temperature>
          </gpxx:TrackPointExtension>
        </extensions>
      </trkpt>
      <trkpt lat="42.761860024183989" lon="-0.506669031456113">
        <ele>1472</ele>
        <time>2026-07-08T09:18:23Z</time>
        <extensions>
          <gpxtpx:TrackPointExtension>
            <gpxtpx:atemp>33</gpxtpx:atemp>
            <gpxtpx:hr>66</gpxtpx:hr>
            <gpxtpx:cad>0</gpxtpx:cad>
          </gpxtpx:TrackPointExtension>
          <gpxx:TrackPointExtension>
            <gpxx:Temperature>33</gpxx:Temperature>
          </gpxx:TrackPointExtension>
        </extensions>
      </trkpt>
      <trkpt lat="42.761860024183989" lon="-0.506669031456113">
        <ele>1472</ele>
        <time>2026-07-08T09:18:24Z</time>
        <extensions>
          <gpxtpx:TrackPointExtension>
            <gpxtpx:atemp>33</gpxtpx:atemp>
            <gpxtpx:hr>63</gpxtpx:hr>
            <gpxtpx:cad>0</gpxtpx:cad>
          </gpxtpx:TrackPointExtension>
          <gpxx:TrackPointExtension>
            <gpxx:Temperature>33</gpxx:Temperature>
          </gpxx:TrackPointExtension>
        </extensions>
      </trkpt>
      <trkpt lat="42.761858012527227" lon="-0.506667019799352">
        <ele>1472.2</ele>
        <time>2026-07-08T09:18:36Z</time>
        <extensions>
          <gpxtpx:TrackPointExtension>
            <gpxtpx:atemp>33</gpxtpx:atemp>
            <gpxtpx:hr>67</gpxtpx:hr>
            <gpxtpx:cad>0</gpxtpx:cad>
          </gpxtpx:TrackPointExtension>
          <gpxx:TrackPointExtension>
            <gpxx:Temperature>33</gpxx:Temperature>
          </gpxx:TrackPointExtension>
        </extensions>
      </trkpt>
      <trkpt lat="42.761700013652444" lon="-0.506497034803033">
        <ele>1472.2</ele>
        <time>2026-07-08T09:18:45Z</time>
        <extensions>
          <gpxtpx:TrackPointExtension>
            <gpxtpx:atemp>33</gpxtpx:atemp>
            <gpxtpx:hr>67</gpxtpx:hr>
            <gpxtpx:cad>0</gpxtpx:cad>
          </gpxtpx:TrackPointExtension>
          <gpxx:TrackPointExtension>
            <gpxx:Temperature>33</gpxx:Temperature>
          </gpxx:TrackPointExtension>
        </extensions>
      </trkpt>
      <trkpt lat="42.761631030589342" lon="-0.506432997062802">
        <ele>1472.2</ele>
        <time>2026-07-08T09:18:47Z</time>
        <extensions>
          <gpxtpx:TrackPointExtension>
            <gpxtpx:atemp>33</gpxtpx:atemp>
            <gpxtpx:hr>67</gpxtpx:hr>
            <gpxtpx:cad>0</gpxtpx:cad>
          </gpxtpx:TrackPointExtension>
          <gpxx:TrackPointExtension>
            <gpxx:Temperature>33</gpxx:Temperature>
          </gpxx:TrackPointExtension>
        </extensions>
      </trkpt>
      <trkpt lat="42.761530028656125" lon="-0.506337024271488">
        <ele>1472.4000000000001</ele>
        <time>2026-07-08T09:18:55Z</time>
        <extensions>
          <gpxtpx:TrackPointExtension>
            <gpxtpx:atemp>33</gpxtpx:atemp>
            <gpxtpx:hr>67</gpxtpx:hr>
            <gpxtpx:cad>0</gpxtpx:cad>
          </gpxtpx:TrackPointExtension>
          <gpxx:TrackPointExtension>
            <gpxx:Temperature>33</gpxx:Temperature>
          </gpxx:TrackPointExtension>
        </extensions>
      </trkpt>
      <trkpt lat="42.761530028656125" lon="-0.506337024271488">
        <ele>1472.4000000000001</ele>
        <time>2026-07-08T09:18:58Z</time>
        <extensions>
          <gpxtpx:TrackPointExtension>
            <gpxtpx:atemp>33</gpxtpx:atemp>
            <gpxtpx:hr>71</gpxtpx:hr>
            <gpxtpx:cad>0</gpxtpx:cad>
          </gpxtpx:TrackPointExtension>
          <gpxx:TrackPointExtension>
            <gpxx:Temperature>33</gpxx:Temperature>
          </gpxx:TrackPointExtension>
        </extensions>
      </trkpt>
      <trkpt lat="42.761530028656125" lon="-0.506337024271488">
        <ele>1472.2</ele>
        <time>2026-07-08T09:19:00Z</time>
        <extensions>
          <gpxtpx:TrackPointExtension>
            <gpxtpx:atemp>33</gpxtpx:atemp>
            <gpxtpx:hr>77</gpxtpx:hr>
            <gpxtpx:cad>0</gpxtpx:cad>
          </gpxtpx:TrackPointExtension>
          <gpxx:TrackPointExtension>
            <gpxx:Temperature>33</gpxx:Temperature>
          </gpxx:TrackPointExtension>
        </extensions>
      </trkpt>
      <trkpt lat="42.761530028656125" lon="-0.506337024271488">
        <ele>1472.2</ele>
        <time>2026-07-08T09:19:01Z</time>
        <extensions>
          <gpxtpx:TrackPointExtension>
            <gpxtpx:atemp>33</gpxtpx:atemp>
            <gpxtpx:hr>76</gpxtpx:hr>
            <gpxtpx:cad>0</gpxtpx:cad>
          </gpxtpx:TrackPointExtension>
          <gpxx:TrackPointExtension>
            <gpxx:Temperature>33</gpxx:Temperature>
          </gpxx:TrackPointExtension>
        </extensions>
      </trkpt>
      <trkpt lat="42.761532040312886" lon="-0.506328977644444">
        <ele>1471.5999999999999</ele>
        <time>2026-07-08T09:19:21Z</time>
        <extensions>
          <gpxtpx:TrackPointExtension>
            <gpxtpx:atemp>34</gpxtpx:atemp>
            <gpxtpx:hr>73</gpxtpx:hr>
            <gpxtpx:cad>0</gpxtpx:cad>
          </gpxtpx:TrackPointExtension>
          <gpxx:TrackPointExtension>
            <gpxx:Temperature>34</gpxx:Temperature>
          </gpxx:TrackPointExtension>
        </extensions>
      </trkpt>
      <trkpt lat="42.761468002572656" lon="-0.506291007623076">
        <ele>1471.2</ele>
        <time>2026-07-08T09:20:10Z</time>
        <extensions>
          <gpxtpx:TrackPointExtension>
            <gpxtpx:atemp>34</gpxtpx:atemp>
            <gpxtpx:hr>77</gpxtpx:hr>
            <gpxtpx:cad>0</gpxtpx:cad>
          </gpxtpx:TrackPointExtension>
          <gpxx:TrackPointExtension>
            <gpxx:Temperature>34</gpxx:Temperature>
          </gpxx:TrackPointExtension>
        </extensions>
      </trkpt>
      <trkpt lat="42.761463979259133" lon="-0.506282960996032">
        <ele>1471.2</ele>
        <time>2026-07-08T09:20:12Z</time>
        <extensions>
          <gpxtpx:TrackPointExtension>
            <gpxtpx:atemp>34</gpxtpx:atemp>
            <gpxtpx:hr>73</gpxtpx:hr>
            <gpxtpx:cad>0</gpxtpx:cad>
          </gpxtpx:TrackPointExtension>
          <gpxx:TrackPointExtension>
            <gpxx:Temperature>34</gpxx:Temperature>
          </gpxx:TrackPointExtension>
        </extensions>
      </trkpt>
      <trkpt lat="42.761386027559638" lon="-0.506249014288187">
        <ele>1472.4000000000001</ele>
        <time>2026-07-08T09:20:56Z</time>
        <extensions>
          <gpxtpx:TrackPointExtension>
            <gpxtpx:atemp>33</gpxtpx:atemp>
            <gpxtpx:hr>77</gpxtpx:hr>
            <gpxtpx:cad>0</gpxtpx:cad>
          </gpxtpx:TrackPointExtension>
          <gpxx:TrackPointExtension>
            <gpxx:Temperature>33</gpxx:Temperature>
          </gpxx:TrackPointExtension>
        </extensions>
      </trkpt>
      <trkpt lat="42.761379992589355" lon="-0.506250020116568">
        <ele>1472.5999999999999</ele>
        <time>2026-07-08T09:20:58Z</time>
        <extensions>
          <gpxtpx:TrackPointExtension>
            <gpxtpx:atemp>33</gpxtpx:atemp>
            <gpxtpx:hr>75</gpxtpx:hr>
            <gpxtpx:cad>0</gpxtpx:cad>
          </gpxtpx:TrackPointExtension>
          <gpxx:TrackPointExtension>
            <gpxx:Temperature>33</gpxx:Temperature>
          </gpxx:TrackPointExtension>
        </extensions>
      </trkpt>
      <trkpt lat="42.761371023952961" lon="-0.506251025944948">
        <ele>1472.8</ele>
        <time>2026-07-08T09:21:02Z</time>
        <extensions>
          <gpxtpx:TrackPointExtension>
            <gpxtpx:atemp>33</gpxtpx:atemp>
            <gpxtpx:hr>78</gpxtpx:hr>
            <gpxtpx:cad>0</gpxtpx:cad>
          </gpxtpx:TrackPointExtension>
          <gpxx:TrackPointExtension>
            <gpxx:Temperature>33</gpxx:Temperature>
          </gpxx:TrackPointExtension>
        </extensions>
      </trkpt>
      <trkpt lat="42.7613690122962" lon="-0.506251025944948">
        <ele>1472.8</ele>
        <time>2026-07-08T09:21:05Z</time>
        <extensions>
          <gpxtpx:TrackPointExtension>
            <gpxtpx:atemp>33</gpxtpx:atemp>
            <gpxtpx:hr>81</gpxtpx:hr>
            <gpxtpx:cad>0</gpxtpx:cad>
          </gpxtpx:TrackPointExtension>
          <gpxx:TrackPointExtension>
            <gpxx:Temperature>33</gpxx:Temperature>
          </gpxx:TrackPointExtension>
        </extensions>
      </trkpt>
      <trkpt lat="42.761336993426085" lon="-0.506251025944948">
        <ele>1473.4000000000001</ele>
        <time>2026-07-08T09:21:15Z</time>
        <extensions>
          <gpxtpx:TrackPointExtension>
            <gpxtpx:atemp>33</gpxtpx:atemp>
            <gpxtpx:hr>82</gpxtpx:hr>
            <gpxtpx:cad>0</gpxtpx:cad>
          </gpxtpx:TrackPointExtension>
          <gpxx:TrackPointExtension>
            <gpxx:Temperature>33</gpxx:Temperature>
          </gpxx:TrackPointExtension>
        </extensions>
      </trkpt>
      <trkpt lat="42.761334981769323" lon="-0.506251025944948">
        <ele>1473.5999999999999</ele>
        <time>2026-07-08T09:21:16Z</time>
        <extensions>
          <gpxtpx:TrackPointExtension>
            <gpxtpx:atemp>33</gpxtpx:atemp>
            <gpxtpx:hr>81</gpxtpx:hr>
            <gpxtpx:cad>0</gpxtpx:cad>
          </gpxtpx:TrackPointExtension>
          <gpxx:TrackPointExtension>
            <gpxx:Temperature>33</gpxx:Temperature>
          </gpxx:TrackPointExtension>
        </extensions>
      </trkpt>
      <trkpt lat="42.761320983991027" lon="-0.506241973489523">
        <ele>1474.4000000000001</ele>
        <time>2026-07-08T09:21:27Z</time>
        <extensions>
          <gpxtpx:TrackPointExtension>
            <gpxtpx:atemp>33</gpxtpx:atemp>
            <gpxtpx:hr>86</gpxtpx:hr>
            <gpxtpx:cad>0</gpxtpx:cad>
          </gpxtpx:TrackPointExtension>
          <gpxx:TrackPointExtension>
            <gpxx:Temperature>33</gpxx:Temperature>
          </gpxx:TrackPointExtension>
        </extensions>
      </trkpt>
      <trkpt lat="42.761319978162646" lon="-0.506240967661142">
        <ele>1474.5999999999999</ele>
        <time>2026-07-08T09:21:28Z</time>
        <extensions>
          <gpxtpx:TrackPointExtension>
            <gpxtpx:atemp>33</gpxtpx:atemp>
            <gpxtpx:hr>83</gpxtpx:hr>
            <gpxtpx:cad>0</gpxtpx:cad>
          </gpxtpx:TrackPointExtension>
          <gpxx:TrackPointExtension>
            <gpxx:Temperature>33</gpxx:Temperature>
          </gpxx:TrackPointExtension>
        </extensions>
      </trkpt>
      <trkpt lat="42.761315032839775" lon="-0.506239039823413">
        <ele>1474.8</ele>
        <time>2026-07-08T09:21:30Z</time>
        <extensions>
          <gpxtpx:TrackPointExtension>
            <gpxtpx:atemp>32</gpxtpx:atemp>
            <gpxtpx:hr>83</gpxtpx:hr>
            <gpxtpx:cad>0</gpxtpx:cad>
          </gpxtpx:TrackPointExtension>
          <gpxx:TrackPointExtension>
            <gpxx:Temperature>32</gpxx:Temperature>
          </gpxx:TrackPointExtension>
        </extensions>
      </trkpt>
      <trkpt lat="42.761310003697872" lon="-0.506238033995032">
        <ele>1474.8</ele>
        <time>2026-07-08T09:21:32Z</time>
        <extensions>
          <gpxtpx:TrackPointExtension>
            <gpxtpx:atemp>32</gpxtpx:atemp>
            <gpxtpx:hr>88</gpxtpx:hr>
            <gpxtpx:cad>0</gpxtpx:cad>
          </gpxtpx:TrackPointExtension>
          <gpxx:TrackPointExtension>
            <gpxx:Temperature>32</gpxx:Temperature>
          </gpxx:TrackPointExtension>
        </extensions>
      </trkpt>
      <trkpt lat="42.761298017576337" lon="-0.506235016509891">
        <ele>1475.2</ele>
        <time>2026-07-08T09:21:36Z</time>
        <extensions>
          <gpxtpx:TrackPointExtension>
            <gpxtpx:atemp>32</gpxtpx:atemp>
            <gpxtpx:hr>91</gpxtpx:hr>
            <gpxtpx:cad>0</gpxtpx:cad>
          </gpxtpx:TrackPointExtension>
          <gpxx:TrackPointExtension>
            <gpxx:Temperature>32</gpxx:Temperature>
          </gpxx:TrackPointExtension>
        </extensions>
      </trkpt>
      <trkpt lat="42.761292988434434" lon="-0.506233004853129">
        <ele>1475.2</ele>
        <time>2026-07-08T09:21:38Z</time>
        <extensions>
          <gpxtpx:TrackPointExtension>
            <gpxtpx:atemp>32</gpxtpx:atemp>
            <gpxtpx:hr>92</gpxtpx:hr>
            <gpxtpx:cad>0</gpxtpx:cad>
          </gpxtpx:TrackPointExtension>
          <gpxx:TrackPointExtension>
            <gpxx:Temperature>32</gpxx:Temperature>
          </gpxx:TrackPointExtension>
        </extensions>
      </trkpt>
      <trkpt lat="42.761278990656137" lon="-0.506224958226085">
        <ele>1475.8</ele>
        <time>2026-07-08T09:21:47Z</time>
        <extensions>
          <gpxtpx:TrackPointExtension>
            <gpxtpx:atemp>32</gpxtpx:atemp>
            <gpxtpx:hr>91</gpxtpx:hr>
            <gpxtpx:cad>0</gpxtpx:cad>
          </gpxtpx:TrackPointExtension>
          <gpxx:TrackPointExtension>
            <gpxx:Temperature>32</gpxx:Temperature>
          </gpxx:TrackPointExtension>
        </extensions>
      </trkpt>
      <trkpt lat="42.76126298122108" lon="-0.506221018731594">
        <ele>1476.8</ele>
        <time>2026-07-08T09:22:03Z</time>
        <extensions>
          <gpxtpx:TrackPointExtension>
            <gpxtpx:atemp>32</gpxtpx:atemp>
            <gpxtpx:hr>88</gpxtpx:hr>
            <gpxtpx:cad>0</gpxtpx:cad>
          </gpxtpx:TrackPointExtension>
          <gpxx:TrackPointExtension>
            <gpxx:Temperature>32</gpxx:Temperature>
          </gpxx:TrackPointExtension>
        </extensions>
      </trkpt>
      <trkpt lat="42.761261975392699" lon="-0.506221018731594">
        <ele>1476.8</ele>
        <time>2026-07-08T09:22:04Z</time>
        <extensions>
          <gpxtpx:TrackPointExtension>
            <gpxtpx:atemp>32</gpxtpx:atemp>
            <gpxtpx:hr>89</gpxtpx:hr>
            <gpxtpx:cad>0</gpxtpx:cad>
          </gpxtpx:TrackPointExtension>
          <gpxx:TrackPointExtension>
            <gpxx:Temperature>32</gpxx:Temperature>
          </gpxx:TrackPointExtension>
        </extensions>
      </trkpt>
      <trkpt lat="42.761257030069828" lon="-0.506221018731594">
        <ele>1477</ele>
        <time>2026-07-08T09:22:10Z</time>
        <extensions>
          <gpxtpx:TrackPointExtension>
            <gpxtpx:atemp>32</gpxtpx:atemp>
            <gpxtpx:hr>89</gpxtpx:hr>
            <gpxtpx:cad>0</gpxtpx:cad>
          </gpxtpx:TrackPointExtension>
          <gpxx:TrackPointExtension>
            <gpxx:Temperature>32</gpxx:Temperature>
          </gpxx:TrackPointExtension>
        </extensions>
      </trkpt>
      <trkpt lat="42.761235991492867" lon="-0.506253037601709">
        <ele>1477.2</ele>
        <time>2026-07-08T09:22:22Z</time>
        <extensions>
          <gpxtpx:TrackPointExtension>
            <gpxtpx:atemp>32</gpxtpx:atemp>
            <gpxtpx:hr>89</gpxtpx:hr>
            <gpxtpx:cad>0</gpxtpx:cad>
          </gpxtpx:TrackPointExtension>
          <gpxx:TrackPointExtension>
            <gpxx:Temperature>32</gpxx:Temperature>
          </gpxx:TrackPointExtension>
        </extensions>
      </trkpt>
      <trkpt lat="42.76119701564312" lon="-0.506308022886515">
        <ele>1477.5999999999999</ele>
        <time>2026-07-08T09:22:27Z</time>
        <extensions>
          <gpxtpx:TrackPointExtension>
            <gpxtpx:atemp>32</gpxtpx:atemp>
            <gpxtpx:hr>88</gpxtpx:hr>
            <gpxtpx:cad>0</gpxtpx:cad>
          </gpxtpx:TrackPointExtension>
          <gpxx:TrackPointExtension>
            <gpxx:Temperature>32</gpxx:Temperature>
          </gpxx:TrackPointExtension>
        </extensions>
      </trkpt>
      <trkpt lat="42.761163990944624" lon="-0.506308022886515">
        <ele>1477.5999999999999</ele>
        <time>2026-07-08T09:22:31Z</time>
        <extensions>
          <gpxtpx:TrackPointExtension>
            <gpxtpx:atemp>32</gpxtpx:atemp>
            <gpxtpx:hr>88</gpxtpx:hr>
            <gpxtpx:cad>0</gpxtpx:cad>
          </gpxtpx:TrackPointExtension>
          <gpxx:TrackPointExtension>
            <gpxx:Temperature>32</gpxx:Temperature>
          </gpxx:TrackPointExtension>
        </extensions>
      </trkpt>
      <trkpt lat="42.761156028136611" lon="-0.506316991522908">
        <ele>1477.5999999999999</ele>
        <time>2026-07-08T09:22:38Z</time>
        <extensions>
          <gpxtpx:TrackPointExtension>
            <gpxtpx:atemp>32</gpxtpx:atemp>
            <gpxtpx:hr>90</gpxtpx:hr>
            <gpxtpx:cad>0</gpxtpx:cad>
          </gpxtpx:TrackPointExtension>
          <gpxx:TrackPointExtension>
            <gpxx:Temperature>32</gpxx:Temperature>
          </gpxx:TrackPointExtension>
        </extensions>
      </trkpt>
      <trkpt lat="42.761162985116243" lon="-0.506341969594359">
        <ele>1477.8</ele>
        <time>2026-07-08T09:22:40Z</time>
        <extensions>
          <gpxtpx:TrackPointExtension>
            <gpxtpx:atemp>32</gpxtpx:atemp>
            <gpxtpx:hr>90</gpxtpx:hr>
            <gpxtpx:cad>0</gpxtpx:cad>
          </gpxtpx:TrackPointExtension>
          <gpxx:TrackPointExtension>
            <gpxx:Temperature>32</gpxx:Temperature>
          </gpxx:TrackPointExtension>
        </extensions>
      </trkpt>
      <trkpt lat="42.761162985116243" lon="-0.506340963765979">
        <ele>1478.2</ele>
        <time>2026-07-08T09:22:43Z</time>
        <extensions>
          <gpxtpx:TrackPointExtension>
            <gpxtpx:atemp>32</gpxtpx:atemp>
            <gpxtpx:hr>90</gpxtpx:hr>
            <gpxtpx:cad>0</gpxtpx:cad>
          </gpxtpx:TrackPointExtension>
          <gpxx:TrackPointExtension>
            <gpxx:Temperature>32</gpxx:Temperature>
          </gpxx:TrackPointExtension>
        </extensions>
      </trkpt>
      <trkpt lat="42.761162985116243" lon="-0.506356973201036">
        <ele>1478.4000000000001</ele>
        <time>2026-07-08T09:22:51Z</time>
        <extensions>
          <gpxtpx:TrackPointExtension>
            <gpxtpx:atemp>32</gpxtpx:atemp>
            <gpxtpx:hr>90</gpxtpx:hr>
            <gpxtpx:cad>0</gpxtpx:cad>
          </gpxtpx:TrackPointExtension>
          <gpxx:TrackPointExtension>
            <gpxx:Temperature>32</gpxx:Temperature>
          </gpxx:TrackPointExtension>
        </extensions>
      </trkpt>
      <trkpt lat="42.761162985116243" lon="-0.506360996514559">
        <ele>1478.5999999999999</ele>
        <time>2026-07-08T09:22:55Z</time>
        <extensions>
          <gpxtpx:TrackPointExtension>
            <gpxtpx:atemp>32</gpxtpx:atemp>
            <gpxtpx:hr>90</gpxtpx:hr>
            <gpxtpx:cad>0</gpxtpx:cad>
          </gpxtpx:TrackPointExtension>
          <gpxx:TrackPointExtension>
            <gpxx:Temperature>32</gpxx:Temperature>
          </gpxx:TrackPointExtension>
        </extensions>
      </trkpt>
      <trkpt lat="42.761162985116243" lon="-0.506360996514559">
        <ele>1479</ele>
        <time>2026-07-08T09:23:03Z</time>
        <extensions>
          <gpxtpx:TrackPointExtension>
            <gpxtpx:atemp>32</gpxtpx:atemp>
            <gpxtpx:hr>89</gpxtpx:hr>
            <gpxtpx:cad>0</gpxtpx:cad>
          </gpxtpx:TrackPointExtension>
          <gpxx:TrackPointExtension>
            <gpxx:Temperature>32</gpxx:Temperature>
          </gpxx:TrackPointExtension>
        </extensions>
      </trkpt>
      <trkpt lat="42.761162985116243" lon="-0.5063830409199">
        <ele>1479.5999999999999</ele>
        <time>2026-07-08T09:23:16Z</time>
        <extensions>
          <gpxtpx:TrackPointExtension>
            <gpxtpx:atemp>32</gpxtpx:atemp>
            <gpxtpx:hr>92</gpxtpx:hr>
            <gpxtpx:cad>0</gpxtpx:cad>
          </gpxtpx:TrackPointExtension>
          <gpxx:TrackPointExtension>
            <gpxx:Temperature>32</gpxx:Temperature>
          </gpxx:TrackPointExtension>
        </extensions>
      </trkpt>
      <trkpt lat="42.761162985116243" lon="-0.506397038698196">
        <ele>1479.5999999999999</ele>
        <time>2026-07-08T09:23:19Z</time>
        <extensions>
          <gpxtpx:TrackPointExtension>
            <gpxtpx:atemp>32</gpxtpx:atemp>
            <gpxtpx:hr>95</gpxtpx:hr>
            <gpxtpx:cad>0</gpxtpx:cad>
          </gpxtpx:TrackPointExtension>
          <gpxx:TrackPointExtension>
            <gpxx:Temperature>32</gpxx:Temperature>
          </gpxx:TrackPointExtension>
        </extensions>
      </trkpt>
      <trkpt lat="42.761162985116243" lon="-0.506457975134254">
        <ele>1480</ele>
        <time>2026-07-08T09:23:32Z</time>
        <extensions>
          <gpxtpx:TrackPointExtension>
            <gpxtpx:atemp>31</gpxtpx:atemp>
            <gpxtpx:hr>94</gpxtpx:hr>
            <gpxtpx:cad>0</gpxtpx:cad>
          </gpxtpx:TrackPointExtension>
          <gpxx:TrackPointExtension>
            <gpxx:Temperature>31</gpxx:Temperature>
          </gpxx:TrackPointExtension>
        </extensions>
      </trkpt>
      <trkpt lat="42.761161979287863" lon="-0.50649200566113">
        <ele>1491.5999999999999</ele>
        <time>2026-07-08T09:29:59Z</time>
        <extensions>
          <gpxtpx:TrackPointExtension>
            <gpxtpx:atemp>31</gpxtpx:atemp>
            <gpxtpx:hr>87</gpxtpx:hr>
            <gpxtpx:cad>0</gpxtpx:cad>
          </gpxtpx:TrackPointExtension>
          <gpxx:TrackPointExtension>
            <gpxx:Temperature>31</gpxx:Temperature>
          </gpxx:TrackPointExtension>
        </extensions>
      </trkpt>
      <trkpt lat="42.761172037571669" lon="-0.506497034803033">
        <ele>1491.8</ele>
        <time>2026-07-08T09:30:07Z</time>
        <extensions>
          <gpxtpx:TrackPointExtension>
            <gpxtpx:atemp>31</gpxtpx:atemp>
            <gpxtpx:hr>85</gpxtpx:hr>
            <gpxtpx:cad>0</gpxtpx:cad>
          </gpxtpx:TrackPointExtension>
          <gpxx:TrackPointExtension>
            <gpxx:Temperature>31</gpxx:Temperature>
          </gpxx:TrackPointExtension>
        </extensions>
      </trkpt>
      <trkpt lat="42.761172959581017" lon="-0.506498040631413">
        <ele>1491.8</ele>
        <time>2026-07-08T09:30:16Z</time>
        <extensions>
          <gpxtpx:TrackPointExtension>
            <gpxtpx:atemp>31</gpxtpx:atemp>
            <gpxtpx:hr>89</gpxtpx:hr>
            <gpxtpx:cad>0</gpxtpx:cad>
          </gpxtpx:TrackPointExtension>
          <gpxx:TrackPointExtension>
            <gpxx:Temperature>31</gpxx:Temperature>
          </gpxx:TrackPointExtension>
        </extensions>
      </trkpt>
      <trkpt lat="42.761172959581017" lon="-0.506498040631413">
        <ele>1491.8</ele>
        <time>2026-07-08T09:30:17Z</time>
        <extensions>
          <gpxtpx:TrackPointExtension>
            <gpxtpx:atemp>31</gpxtpx:atemp>
            <gpxtpx:hr>88</gpxtpx:hr>
            <gpxtpx:cad>0</gpxtpx:cad>
          </gpxtpx:TrackPointExtension>
          <gpxx:TrackPointExtension>
            <gpxx:Temperature>31</gpxx:Temperature>
          </gpxx:TrackPointExtension>
        </extensions>
      </trkpt>
      <trkpt lat="42.76117798872292" lon="-0.506513966247439">
        <ele>1492</ele>
        <time>2026-07-08T09:30:29Z</time>
        <extensions>
          <gpxtpx:TrackPointExtension>
            <gpxtpx:atemp>31</gpxtpx:atemp>
            <gpxtpx:hr>89</gpxtpx:hr>
            <gpxtpx:cad>0</gpxtpx:cad>
          </gpxtpx:TrackPointExtension>
          <gpxx:TrackPointExtension>
            <gpxx:Temperature>31</gpxx:Temperature>
          </gpxx:TrackPointExtension>
        </extensions>
      </trkpt>
      <trkpt lat="42.761186035349965" lon="-0.5065350048244">
        <ele>1492.2</ele>
        <time>2026-07-08T09:30:39Z</time>
        <extensions>
          <gpxtpx:TrackPointExtension>
            <gpxtpx:atemp>31</gpxtpx:atemp>
            <gpxtpx:hr>86</gpxtpx:hr>
            <gpxtpx:cad>0</gpxtpx:cad>
          </gpxtpx:TrackPointExtension>
          <gpxx:TrackPointExtension>
            <gpxx:Temperature>31</gpxx:Temperature>
          </gpxx:TrackPointExtension>
        </extensions>
      </trkpt>
      <trkpt lat="42.761187041178346" lon="-0.506536010652781">
        <ele>1492</ele>
        <time>2026-07-08T09:30:40Z</time>
        <extensions>
          <gpxtpx:TrackPointExtension>
            <gpxtpx:atemp>31</gpxtpx:atemp>
            <gpxtpx:hr>89</gpxtpx:hr>
            <gpxtpx:cad>0</gpxtpx:cad>
          </gpxtpx:TrackPointExtension>
          <gpxx:TrackPointExtension>
            <gpxx:Temperature>31</gpxx:Temperature>
          </gpxx:TrackPointExtension>
        </extensions>
      </trkpt>
      <trkpt lat="42.761190980672836" lon="-0.506536010652781">
        <ele>1492.4000000000001</ele>
        <time>2026-07-08T09:30:44Z</time>
        <extensions>
          <gpxtpx:TrackPointExtension>
            <gpxtpx:atemp>31</gpxtpx:atemp>
            <gpxtpx:hr>89</gpxtpx:hr>
            <gpxtpx:cad>0</gpxtpx:cad>
          </gpxtpx:TrackPointExtension>
          <gpxx:TrackPointExtension>
            <gpxx:Temperature>31</gpxx:Temperature>
          </gpxx:TrackPointExtension>
        </extensions>
      </trkpt>
      <trkpt lat="42.761211013421416" lon="-0.506567023694515">
        <ele>1492.4000000000001</ele>
        <time>2026-07-08T09:30:58Z</time>
        <extensions>
          <gpxtpx:TrackPointExtension>
            <gpxtpx:atemp>31</gpxtpx:atemp>
            <gpxtpx:hr>93</gpxtpx:hr>
            <gpxtpx:cad>0</gpxtpx:cad>
          </gpxtpx:TrackPointExtension>
          <gpxx:TrackPointExtension>
            <gpxx:Temperature>31</gpxx:Temperature>
          </gpxx:TrackPointExtension>
        </extensions>
      </trkpt>
      <trkpt lat="42.761244960129261" lon="-0.506573980674148">
        <ele>1492.4000000000001</ele>
        <time>2026-07-08T09:31:07Z</time>
        <extensions>
          <gpxtpx:TrackPointExtension>
            <gpxtpx:atemp>31</gpxtpx:atemp>
            <gpxtpx:hr>90</gpxtpx:hr>
            <gpxtpx:cad>0</gpxtpx:cad>
          </gpxtpx:TrackPointExtension>
          <gpxx:TrackPointExtension>
            <gpxx:Temperature>31</gpxx:Temperature>
          </gpxx:TrackPointExtension>
        </extensions>
      </trkpt>
      <trkpt lat="42.761255018413067" lon="-0.506573980674148">
        <ele>1492.2</ele>
        <time>2026-07-08T09:31:13Z</time>
        <extensions>
          <gpxtpx:TrackPointExtension>
            <gpxtpx:atemp>31</gpxtpx:atemp>
            <gpxtpx:hr>93</gpxtpx:hr>
            <gpxtpx:cad>0</gpxtpx:cad>
          </gpxtpx:TrackPointExtension>
          <gpxx:TrackPointExtension>
            <gpxx:Temperature>31</gpxx:Temperature>
          </gpxx:TrackPointExtension>
        </extensions>
      </trkpt>
      <trkpt lat="42.761269016191363" lon="-0.506553025916219">
        <ele>1492</ele>
        <time>2026-07-08T09:31:38Z</time>
        <extensions>
          <gpxtpx:TrackPointExtension>
            <gpxtpx:atemp>31</gpxtpx:atemp>
            <gpxtpx:hr>96</gpxtpx:hr>
            <gpxtpx:cad>0</gpxtpx:cad>
          </gpxtpx:TrackPointExtension>
          <gpxx:TrackPointExtension>
            <gpxx:Temperature>31</gpxx:Temperature>
          </gpxx:TrackPointExtension>
        </extensions>
      </trkpt>
      <trkpt lat="42.761292988434434" lon="-0.506550008431077">
        <ele>1491.8</ele>
        <time>2026-07-08T09:31:50Z</time>
        <extensions>
          <gpxtpx:TrackPointExtension>
            <gpxtpx:atemp>31</gpxtpx:atemp>
            <gpxtpx:hr>93</gpxtpx:hr>
            <gpxtpx:cad>0</gpxtpx:cad>
          </gpxtpx:TrackPointExtension>
          <gpxx:TrackPointExtension>
            <gpxx:Temperature>31</gpxx:Temperature>
          </gpxx:TrackPointExtension>
        </extensions>
      </trkpt>
      <trkpt lat="42.761302040889859" lon="-0.506540033966303">
        <ele>1492.2</ele>
        <time>2026-07-08T09:32:07Z</time>
        <extensions>
          <gpxtpx:TrackPointExtension>
            <gpxtpx:atemp>31</gpxtpx:atemp>
            <gpxtpx:hr>97</gpxtpx:hr>
            <gpxtpx:cad>0</gpxtpx:cad>
          </gpxtpx:TrackPointExtension>
          <gpxx:TrackPointExtension>
            <gpxx:Temperature>31</gpxx:Temperature>
          </gpxx:TrackPointExtension>
        </extensions>
      </trkpt>
      <trkpt lat="42.761302962899208" lon="-0.506538022309542">
        <ele>1492.4000000000001</ele>
        <time>2026-07-08T09:32:08Z</time>
        <extensions>
          <gpxtpx:TrackPointExtension>
            <gpxtpx:atemp>31</gpxtpx:atemp>
            <gpxtpx:hr>93</gpxtpx:hr>
            <gpxtpx:cad>0</gpxtpx:cad>
          </gpxtpx:TrackPointExtension>
          <gpxx:TrackPointExtension>
            <gpxx:Temperature>31</gpxx:Temperature>
          </gpxx:TrackPointExtension>
        </extensions>
      </trkpt>
      <trkpt lat="42.76132701896131" lon="-0.506549002602696">
        <ele>1492.4000000000001</ele>
        <time>2026-07-08T09:32:17Z</time>
        <extensions>
          <gpxtpx:TrackPointExtension>
            <gpxtpx:atemp>31</gpxtpx:atemp>
            <gpxtpx:hr>93</gpxtpx:hr>
            <gpxtpx:cad>0</gpxtpx:cad>
          </gpxtpx:TrackPointExtension>
          <gpxx:TrackPointExtension>
            <gpxx:Temperature>31</gpxx:Temperature>
          </gpxx:TrackPointExtension>
        </extensions>
      </trkpt>
      <trkpt lat="42.761344034224749" lon="-0.506550008431077">
        <ele>1492.4000000000001</ele>
        <time>2026-07-08T09:32:29Z</time>
        <extensions>
          <gpxtpx:TrackPointExtension>
            <gpxtpx:atemp>31</gpxtpx:atemp>
            <gpxtpx:hr>90</gpxtpx:hr>
            <gpxtpx:cad>0</gpxtpx:cad>
          </gpxtpx:TrackPointExtension>
          <gpxx:TrackPointExtension>
            <gpxx:Temperature>31</gpxx:Temperature>
          </gpxx:TrackPointExtension>
        </extensions>
      </trkpt>
      <trkpt lat="42.761345962062478" lon="-0.506553025916219">
        <ele>1492.5999999999999</ele>
        <time>2026-07-08T09:32:31Z</time>
        <extensions>
          <gpxtpx:TrackPointExtension>
            <gpxtpx:atemp>31</gpxtpx:atemp>
            <gpxtpx:hr>95</gpxtpx:hr>
            <gpxtpx:cad>0</gpxtpx:cad>
          </gpxtpx:TrackPointExtension>
          <gpxx:TrackPointExtension>
            <gpxx:Temperature>31</gpxx:Temperature>
          </gpxx:TrackPointExtension>
        </extensions>
      </trkpt>
      <trkpt lat="42.761345962062478" lon="-0.506554031744599">
        <ele>1492.4000000000001</ele>
        <time>2026-07-08T09:32:33Z</time>
        <extensions>
          <gpxtpx:TrackPointExtension>
            <gpxtpx:atemp>31</gpxtpx:atemp>
            <gpxtpx:hr>91</gpxtpx:hr>
            <gpxtpx:cad>0</gpxtpx:cad>
          </gpxtpx:TrackPointExtension>
          <gpxx:TrackPointExtension>
            <gpxx:Temperature>31</gpxx:Temperature>
          </gpxx:TrackPointExtension>
        </extensions>
      </trkpt>
      <trkpt lat="42.761360965669155" lon="-0.50660097040236">
        <ele>1493.4000000000001</ele>
        <time>2026-07-08T09:32:56Z</time>
        <extensions>
          <gpxtpx:TrackPointExtension>
            <gpxtpx:atemp>31</gpxtpx:atemp>
            <gpxtpx:hr>89</gpxtpx:hr>
            <gpxtpx:cad>0</gpxtpx:cad>
          </gpxtpx:TrackPointExtension>
          <gpxx:TrackPointExtension>
            <gpxx:Temperature>31</gpxx:Temperature>
          </gpxx:TrackPointExtension>
        </extensions>
      </trkpt>
      <trkpt lat="42.761364988982677" lon="-0.506642041727901">
        <ele>1494.2</ele>
        <time>2026-07-08T09:33:13Z</time>
        <extensions>
          <gpxtpx:TrackPointExtension>
            <gpxtpx:atemp>31</gpxtpx:atemp>
            <gpxtpx:hr>92</gpxtpx:hr>
            <gpxtpx:cad>0</gpxtpx:cad>
          </gpxtpx:TrackPointExtension>
          <gpxx:TrackPointExtension>
            <gpxx:Temperature>31</gpxx:Temperature>
          </gpxx:TrackPointExtension>
        </extensions>
      </trkpt>
      <trkpt lat="42.7613690122962" lon="-0.506642963737249">
        <ele>1494.4000000000001</ele>
        <time>2026-07-08T09:33:20Z</time>
        <extensions>
          <gpxtpx:TrackPointExtension>
            <gpxtpx:atemp>31</gpxtpx:atemp>
            <gpxtpx:hr>94</gpxtpx:hr>
            <gpxtpx:cad>0</gpxtpx:cad>
          </gpxtpx:TrackPointExtension>
          <gpxx:TrackPointExtension>
            <gpxx:Temperature>31</gpxx:Temperature>
          </gpxx:TrackPointExtension>
        </extensions>
      </trkpt>
      <trkpt lat="42.761371023952961" lon="-0.506642963737249">
        <ele>1494.4000000000001</ele>
        <time>2026-07-08T09:33:22Z</time>
        <extensions>
          <gpxtpx:TrackPointExtension>
            <gpxtpx:atemp>31</gpxtpx:atemp>
            <gpxtpx:hr>92</gpxtpx:hr>
            <gpxtpx:cad>0</gpxtpx:cad>
          </gpxtpx:TrackPointExtension>
          <gpxx:TrackPointExtension>
            <gpxx:Temperature>31</gpxx:Temperature>
          </gpxx:TrackPointExtension>
        </extensions>
      </trkpt>
      <trkpt lat="42.761375969275832" lon="-0.506642041727901">
        <ele>1494.5999999999999</ele>
        <time>2026-07-08T09:33:25Z</time>
        <extensions>
          <gpxtpx:TrackPointExtension>
            <gpxtpx:atemp>31</gpxtpx:atemp>
            <gpxtpx:hr>95</gpxtpx:hr>
            <gpxtpx:cad>0</gpxtpx:cad>
          </gpxtpx:TrackPointExtension>
          <gpxx:TrackPointExtension>
            <gpxx:Temperature>31</gpxx:Temperature>
          </gpxx:TrackPointExtension>
        </extensions>
      </trkpt>
      <trkpt lat="42.761388039216399" lon="-0.506662996485829">
        <ele>1495</ele>
        <time>2026-07-08T09:33:57Z</time>
        <extensions>
          <gpxtpx:TrackPointExtension>
            <gpxtpx:atemp>31</gpxtpx:atemp>
            <gpxtpx:hr>98</gpxtpx:hr>
            <gpxtpx:cad>0</gpxtpx:cad>
          </gpxtpx:TrackPointExtension>
          <gpxx:TrackPointExtension>
            <gpxx:Temperature>31</gpxx:Temperature>
          </gpxx:TrackPointExtension>
        </extensions>
      </trkpt>
      <trkpt lat="42.761394996196032" lon="-0.506673976778984">
        <ele>1495</ele>
        <time>2026-07-08T09:34:17Z</time>
        <extensions>
          <gpxtpx:TrackPointExtension>
            <gpxtpx:atemp>31</gpxtpx:atemp>
            <gpxtpx:hr>101</gpxtpx:hr>
            <gpxtpx:cad>0</gpxtpx:cad>
          </gpxtpx:TrackPointExtension>
          <gpxx:TrackPointExtension>
            <gpxx:Temperature>31</gpxx:Temperature>
          </gpxx:TrackPointExtension>
        </extensions>
      </trkpt>
      <trkpt lat="42.761396002024412" lon="-0.506695015355945">
        <ele>1495.2</ele>
        <time>2026-07-08T09:34:27Z</time>
        <extensions>
          <gpxtpx:TrackPointExtension>
            <gpxtpx:atemp>31</gpxtpx:atemp>
            <gpxtpx:hr>98</gpxtpx:hr>
            <gpxtpx:cad>0</gpxtpx:cad>
          </gpxtpx:TrackPointExtension>
          <gpxx:TrackPointExtension>
            <gpxx:Temperature>31</gpxx:Temperature>
          </gpxx:TrackPointExtension>
        </extensions>
      </trkpt>
      <trkpt lat="42.761398013681173" lon="-0.506675988435745">
        <ele>1495</ele>
        <time>2026-07-08T09:34:35Z</time>
        <extensions>
          <gpxtpx:TrackPointExtension>
            <gpxtpx:atemp>31</gpxtpx:atemp>
            <gpxtpx:hr>94</gpxtpx:hr>
            <gpxtpx:cad>0</gpxtpx:cad>
          </gpxtpx:TrackPointExtension>
          <gpxx:TrackPointExtension>
            <gpxx:Temperature>31</gpxx:Temperature>
          </gpxx:TrackPointExtension>
        </extensions>
      </trkpt>
      <trkpt lat="42.761393990367651" lon="-0.506673976778984">
        <ele>1495</ele>
        <time>2026-07-08T09:34:36Z</time>
        <extensions>
          <gpxtpx:TrackPointExtension>
            <gpxtpx:atemp>31</gpxtpx:atemp>
            <gpxtpx:hr>91</gpxtpx:hr>
            <gpxtpx:cad>0</gpxtpx:cad>
          </gpxtpx:TrackPointExtension>
          <gpxx:TrackPointExtension>
            <gpxx:Temperature>31</gpxx:Temperature>
          </gpxx:TrackPointExtension>
        </extensions>
      </trkpt>
      <trkpt lat="42.76139298453927" lon="-0.506675988435745">
        <ele>1495</ele>
        <time>2026-07-08T09:34:37Z</time>
        <extensions>
          <gpxtpx:TrackPointExtension>
            <gpxtpx:atemp>31</gpxtpx:atemp>
            <gpxtpx:hr>91</gpxtpx:hr>
            <gpxtpx:cad>0</gpxtpx:cad>
          </gpxtpx:TrackPointExtension>
          <gpxx:TrackPointExtension>
            <gpxx:Temperature>31</gpxx:Temperature>
          </gpxx:TrackPointExtension>
        </extensions>
      </trkpt>
      <trkpt lat="42.76139298453927" lon="-0.506671965122223">
        <ele>1495</ele>
        <time>2026-07-08T09:34:38Z</time>
        <extensions>
          <gpxtpx:TrackPointExtension>
            <gpxtpx:atemp>31</gpxtpx:atemp>
            <gpxtpx:hr>89</gpxtpx:hr>
            <gpxtpx:cad>0</gpxtpx:cad>
          </gpxtpx:TrackPointExtension>
          <gpxx:TrackPointExtension>
            <gpxx:Temperature>31</gpxx:Temperature>
          </gpxx:TrackPointExtension>
        </extensions>
      </trkpt>
      <trkpt lat="42.76139298453927" lon="-0.506671965122223">
        <ele>1495.2</ele>
        <time>2026-07-08T09:34:44Z</time>
        <extensions>
          <gpxtpx:TrackPointExtension>
            <gpxtpx:atemp>31</gpxtpx:atemp>
            <gpxtpx:hr>86</gpxtpx:hr>
            <gpxtpx:cad>0</gpxtpx:cad>
          </gpxtpx:TrackPointExtension>
          <gpxx:TrackPointExtension>
            <gpxx:Temperature>31</gpxx:Temperature>
          </gpxx:TrackPointExtension>
        </extensions>
      </trkpt>
      <trkpt lat="42.761403964832425" lon="-0.506656039506197">
        <ele>1495.2</ele>
        <time>2026-07-08T09:34:48Z</time>
        <extensions>
          <gpxtpx:TrackPointExtension>
            <gpxtpx:atemp>31</gpxtpx:atemp>
            <gpxtpx:hr>87</gpxtpx:hr>
            <gpxtpx:cad>0</gpxtpx:cad>
          </gpxtpx:TrackPointExtension>
          <gpxx:TrackPointExtension>
            <gpxx:Temperature>31</gpxx:Temperature>
          </gpxx:TrackPointExtension>
        </extensions>
      </trkpt>
      <trkpt lat="42.761387033388019" lon="-0.506609017029405">
        <ele>1495.5999999999999</ele>
        <time>2026-07-08T09:34:52Z</time>
        <extensions>
          <gpxtpx:TrackPointExtension>
            <gpxtpx:atemp>31</gpxtpx:atemp>
            <gpxtpx:hr>87</gpxtpx:hr>
            <gpxtpx:cad>0</gpxtpx:cad>
          </gpxtpx:TrackPointExtension>
          <gpxx:TrackPointExtension>
            <gpxx:Temperature>31</gpxx:Temperature>
          </gpxx:TrackPointExtension>
        </extensions>
      </trkpt>
      <trkpt lat="42.761388039216399" lon="-0.506603987887502">
        <ele>1495.5999999999999</ele>
        <time>2026-07-08T09:34:54Z</time>
        <extensions>
          <gpxtpx:TrackPointExtension>
            <gpxtpx:atemp>31</gpxtpx:atemp>
            <gpxtpx:hr>87</gpxtpx:hr>
            <gpxtpx:cad>0</gpxtpx:cad>
          </gpxtpx:TrackPointExtension>
          <gpxx:TrackPointExtension>
            <gpxx:Temperature>31</gpxx:Temperature>
          </gpxx:TrackPointExtension>
        </extensions>
      </trkpt>
      <trkpt lat="42.761394996196032" lon="-0.506588984280825">
        <ele>1496.5999999999999</ele>
        <time>2026-07-08T09:35:21Z</time>
        <extensions>
          <gpxtpx:TrackPointExtension>
            <gpxtpx:atemp>31</gpxtpx:atemp>
            <gpxtpx:hr>86</gpxtpx:hr>
            <gpxtpx:cad>0</gpxtpx:cad>
          </gpxtpx:TrackPointExtension>
          <gpxx:TrackPointExtension>
            <gpxx:Temperature>31</gpxx:Temperature>
          </gpxx:TrackPointExtension>
        </extensions>
      </trkpt>
      <trkpt lat="42.761397007852793" lon="-0.506588984280825">
        <ele>1496.8</ele>
        <time>2026-07-08T09:35:28Z</time>
        <extensions>
          <gpxtpx:TrackPointExtension>
            <gpxtpx:atemp>31</gpxtpx:atemp>
            <gpxtpx:hr>90</gpxtpx:hr>
            <gpxtpx:cad>0</gpxtpx:cad>
          </gpxtpx:TrackPointExtension>
          <gpxx:TrackPointExtension>
            <gpxx:Temperature>31</gpxx:Temperature>
          </gpxx:TrackPointExtension>
        </extensions>
      </trkpt>
      <trkpt lat="42.761399019509554" lon="-0.506589990109205">
        <ele>1496.8</ele>
        <time>2026-07-08T09:35:29Z</time>
        <extensions>
          <gpxtpx:TrackPointExtension>
            <gpxtpx:atemp>31</gpxtpx:atemp>
            <gpxtpx:hr>87</gpxtpx:hr>
            <gpxtpx:cad>0</gpxtpx:cad>
          </gpxtpx:TrackPointExtension>
          <gpxx:TrackPointExtension>
            <gpxx:Temperature>31</gpxx:Temperature>
          </gpxx:TrackPointExtension>
        </extensions>
      </trkpt>
      <trkpt lat="42.761399019509554" lon="-0.506598958745599">
        <ele>1496.8</ele>
        <time>2026-07-08T09:35:30Z</time>
        <extensions>
          <gpxtpx:TrackPointExtension>
            <gpxtpx:atemp>31</gpxtpx:atemp>
            <gpxtpx:hr>90</gpxtpx:hr>
            <gpxtpx:cad>0</gpxtpx:cad>
          </gpxtpx:TrackPointExtension>
          <gpxx:TrackPointExtension>
            <gpxx:Temperature>31</gpxx:Temperature>
          </gpxx:TrackPointExtension>
        </extensions>
      </trkpt>
      <trkpt lat="42.761402036994696" lon="-0.506605999544263">
        <ele>1497</ele>
        <time>2026-07-08T09:35:39Z</time>
        <extensions>
          <gpxtpx:TrackPointExtension>
            <gpxtpx:atemp>31</gpxtpx:atemp>
            <gpxtpx:hr>93</gpxtpx:hr>
            <gpxtpx:cad>0</gpxtpx:cad>
          </gpxtpx:TrackPointExtension>
          <gpxx:TrackPointExtension>
            <gpxx:Temperature>31</gpxx:Temperature>
          </gpxx:TrackPointExtension>
        </extensions>
      </trkpt>
      <trkpt lat="42.761402036994696" lon="-0.506605999544263">
        <ele>1497</ele>
        <time>2026-07-08T09:35:40Z</time>
        <extensions>
          <gpxtpx:TrackPointExtension>
            <gpxtpx:atemp>31</gpxtpx:atemp>
            <gpxtpx:hr>96</gpxtpx:hr>
            <gpxtpx:cad>0</gpxtpx:cad>
          </gpxtpx:TrackPointExtension>
          <gpxx:TrackPointExtension>
            <gpxx:Temperature>31</gpxx:Temperature>
          </gpxx:TrackPointExtension>
        </extensions>
      </trkpt>
      <trkpt lat="42.761402959004045" lon="-0.506605999544263">
        <ele>1497.2</ele>
        <time>2026-07-08T09:35:42Z</time>
        <extensions>
          <gpxtpx:TrackPointExtension>
            <gpxtpx:atemp>31</gpxtpx:atemp>
            <gpxtpx:hr>99</gpxtpx:hr>
            <gpxtpx:cad>0</gpxtpx:cad>
          </gpxtpx:TrackPointExtension>
          <gpxx:TrackPointExtension>
            <gpxx:Temperature>31</gpxx:Temperature>
          </gpxx:TrackPointExtension>
        </extensions>
      </trkpt>
      <trkpt lat="42.761403964832425" lon="-0.506605999544263">
        <ele>1497.5999999999999</ele>
        <time>2026-07-08T09:35:47Z</time>
        <extensions>
          <gpxtpx:TrackPointExtension>
            <gpxtpx:atemp>31</gpxtpx:atemp>
            <gpxtpx:hr>101</gpxtpx:hr>
            <gpxtpx:cad>0</gpxtpx:cad>
          </gpxtpx:TrackPointExtension>
          <gpxx:TrackPointExtension>
            <gpxx:Temperature>31</gpxx:Temperature>
          </gpxx:TrackPointExtension>
        </extensions>
      </trkpt>
      <trkpt lat="42.761408993974328" lon="-0.506575992330909">
        <ele>1498</ele>
        <time>2026-07-08T09:35:53Z</time>
        <extensions>
          <gpxtpx:TrackPointExtension>
            <gpxtpx:atemp>31</gpxtpx:atemp>
            <gpxtpx:hr>98</gpxtpx:hr>
            <gpxtpx:cad>0</gpxtpx:cad>
          </gpxtpx:TrackPointExtension>
          <gpxx:TrackPointExtension>
            <gpxx:Temperature>31</gpxx:Temperature>
          </gpxx:TrackPointExtension>
        </extensions>
      </trkpt>
      <trkpt lat="42.761414023116231" lon="-0.506566017866135">
        <ele>1498.2</ele>
        <time>2026-07-08T09:35:57Z</time>
        <extensions>
          <gpxtpx:TrackPointExtension>
            <gpxtpx:atemp>31</gpxtpx:atemp>
            <gpxtpx:hr>95</gpxtpx:hr>
            <gpxtpx:cad>0</gpxtpx:cad>
          </gpxtpx:TrackPointExtension>
          <gpxx:TrackPointExtension>
            <gpxx:Temperature>31</gpxx:Temperature>
          </gpxx:TrackPointExtension>
        </extensions>
      </trkpt>
      <trkpt lat="42.761416034772992" lon="-0.506561994552612">
        <ele>1499</ele>
        <time>2026-07-08T09:36:01Z</time>
        <extensions>
          <gpxtpx:TrackPointExtension>
            <gpxtpx:atemp>31</gpxtpx:atemp>
            <gpxtpx:hr>96</gpxtpx:hr>
            <gpxtpx:cad>0</gpxtpx:cad>
          </gpxtpx:TrackPointExtension>
          <gpxx:TrackPointExtension>
            <gpxx:Temperature>31</gpxx:Temperature>
          </gpxx:TrackPointExtension>
        </extensions>
      </trkpt>
      <trkpt lat="42.761417040601373" lon="-0.506545985117555">
        <ele>1499.4000000000001</ele>
        <time>2026-07-08T09:36:10Z</time>
        <extensions>
          <gpxtpx:TrackPointExtension>
            <gpxtpx:atemp>31</gpxtpx:atemp>
            <gpxtpx:hr>99</gpxtpx:hr>
            <gpxtpx:cad>0</gpxtpx:cad>
          </gpxtpx:TrackPointExtension>
          <gpxx:TrackPointExtension>
            <gpxx:Temperature>31</gpxx:Temperature>
          </gpxx:TrackPointExtension>
        </extensions>
      </trkpt>
      <trkpt lat="42.761415028944612" lon="-0.506538022309542">
        <ele>1500</ele>
        <time>2026-07-08T09:36:18Z</time>
        <extensions>
          <gpxtpx:TrackPointExtension>
            <gpxtpx:atemp>31</gpxtpx:atemp>
            <gpxtpx:hr>100</gpxtpx:hr>
            <gpxtpx:cad>0</gpxtpx:cad>
          </gpxtpx:TrackPointExtension>
          <gpxx:TrackPointExtension>
            <gpxx:Temperature>31</gpxx:Temperature>
          </gpxx:TrackPointExtension>
        </extensions>
      </trkpt>
      <trkpt lat="42.761408993974328" lon="-0.506518995389342">
        <ele>1501</ele>
        <time>2026-07-08T09:36:29Z</time>
        <extensions>
          <gpxtpx:TrackPointExtension>
            <gpxtpx:atemp>31</gpxtpx:atemp>
            <gpxtpx:hr>101</gpxtpx:hr>
            <gpxtpx:cad>0</gpxtpx:cad>
          </gpxtpx:TrackPointExtension>
          <gpxx:TrackPointExtension>
            <gpxx:Temperature>31</gpxx:Temperature>
          </gpxx:TrackPointExtension>
        </extensions>
      </trkpt>
      <trkpt lat="42.761409999802709" lon="-0.506511032581329">
        <ele>1502.2</ele>
        <time>2026-07-08T09:36:38Z</time>
        <extensions>
          <gpxtpx:TrackPointExtension>
            <gpxtpx:atemp>31</gpxtpx:atemp>
            <gpxtpx:hr>100</gpxtpx:hr>
            <gpxtpx:cad>0</gpxtpx:cad>
          </gpxtpx:TrackPointExtension>
          <gpxx:TrackPointExtension>
            <gpxx:Temperature>31</gpxx:Temperature>
          </gpxx:TrackPointExtension>
        </extensions>
      </trkpt>
      <trkpt lat="42.761405976489186" lon="-0.506494017317891">
        <ele>1503.4000000000001</ele>
        <time>2026-07-08T09:36:54Z</time>
        <extensions>
          <gpxtpx:TrackPointExtension>
            <gpxtpx:atemp>31</gpxtpx:atemp>
            <gpxtpx:hr>100</gpxtpx:hr>
            <gpxtpx:cad>0</gpxtpx:cad>
          </gpxtpx:TrackPointExtension>
          <gpxx:TrackPointExtension>
            <gpxx:Temperature>31</gpxx:Temperature>
          </gpxx:TrackPointExtension>
        </extensions>
      </trkpt>
      <trkpt lat="42.761408993974328" lon="-0.506486976519227">
        <ele>1503.5999999999999</ele>
        <time>2026-07-08T09:36:57Z</time>
        <extensions>
          <gpxtpx:TrackPointExtension>
            <gpxtpx:atemp>31</gpxtpx:atemp>
            <gpxtpx:hr>99</gpxtpx:hr>
            <gpxtpx:cad>0</gpxtpx:cad>
          </gpxtpx:TrackPointExtension>
          <gpxx:TrackPointExtension>
            <gpxx:Temperature>31</gpxx:Temperature>
          </gpxx:TrackPointExtension>
        </extensions>
      </trkpt>
      <trkpt lat="42.761402036994696" lon="-0.506494017317891">
        <ele>1503.5999999999999</ele>
        <time>2026-07-08T09:37:05Z</time>
        <extensions>
          <gpxtpx:TrackPointExtension>
            <gpxtpx:atemp>31</gpxtpx:atemp>
            <gpxtpx:hr>99</gpxtpx:hr>
            <gpxtpx:cad>0</gpxtpx:cad>
          </gpxtpx:TrackPointExtension>
          <gpxx:TrackPointExtension>
            <gpxx:Temperature>31</gpxx:Temperature>
          </gpxx:TrackPointExtension>
        </extensions>
      </trkpt>
      <trkpt lat="42.761402959004045" lon="-0.50649200566113">
        <ele>1503.5999999999999</ele>
        <time>2026-07-08T09:37:11Z</time>
        <extensions>
          <gpxtpx:TrackPointExtension>
            <gpxtpx:atemp>30</gpxtpx:atemp>
            <gpxtpx:hr>98</gpxtpx:hr>
            <gpxtpx:cad>0</gpxtpx:cad>
          </gpxtpx:TrackPointExtension>
          <gpxx:TrackPointExtension>
            <gpxx:Temperature>30</gpxx:Temperature>
          </gpxx:TrackPointExtension>
        </extensions>
      </trkpt>
      <trkpt lat="42.761402959004045" lon="-0.506494017317891">
        <ele>1504.4000000000001</ele>
        <time>2026-07-08T09:37:22Z</time>
        <extensions>
          <gpxtpx:TrackPointExtension>
            <gpxtpx:atemp>30</gpxtpx:atemp>
            <gpxtpx:hr>98</gpxtpx:hr>
            <gpxtpx:cad>0</gpxtpx:cad>
          </gpxtpx:TrackPointExtension>
          <gpxx:TrackPointExtension>
            <gpxx:Temperature>30</gpxx:Temperature>
          </gpxx:TrackPointExtension>
        </extensions>
      </trkpt>
      <trkpt lat="42.761401031166315" lon="-0.506498040631413">
        <ele>1504.5999999999999</ele>
        <time>2026-07-08T09:37:23Z</time>
        <extensions>
          <gpxtpx:TrackPointExtension>
            <gpxtpx:atemp>30</gpxtpx:atemp>
            <gpxtpx:hr>99</gpxtpx:hr>
            <gpxtpx:cad>0</gpxtpx:cad>
          </gpxtpx:TrackPointExtension>
          <gpxx:TrackPointExtension>
            <gpxx:Temperature>30</gpxx:Temperature>
          </gpxx:TrackPointExtension>
        </extensions>
      </trkpt>
      <trkpt lat="42.761401031166315" lon="-0.506506003439426">
        <ele>1505.2</ele>
        <time>2026-07-08T09:37:32Z</time>
        <extensions>
          <gpxtpx:TrackPointExtension>
            <gpxtpx:atemp>30</gpxtpx:atemp>
            <gpxtpx:hr>101</gpxtpx:hr>
            <gpxtpx:cad>0</gpxtpx:cad>
          </gpxtpx:TrackPointExtension>
          <gpxx:TrackPointExtension>
            <gpxx:Temperature>30</gpxx:Temperature>
          </gpxx:TrackPointExtension>
        </extensions>
      </trkpt>
      <trkpt lat="42.761401031166315" lon="-0.506506003439426">
        <ele>1505.5999999999999</ele>
        <time>2026-07-08T09:37:33Z</time>
        <extensions>
          <gpxtpx:TrackPointExtension>
            <gpxtpx:atemp>30</gpxtpx:atemp>
            <gpxtpx:hr>102</gpxtpx:hr>
            <gpxtpx:cad>0</gpxtpx:cad>
          </gpxtpx:TrackPointExtension>
          <gpxx:TrackPointExtension>
            <gpxx:Temperature>30</gpxx:Temperature>
          </gpxx:TrackPointExtension>
        </extensions>
      </trkpt>
      <trkpt lat="42.761401031166315" lon="-0.506515977904201">
        <ele>1505.8</ele>
        <time>2026-07-08T09:37:38Z</time>
        <extensions>
          <gpxtpx:TrackPointExtension>
            <gpxtpx:atemp>30</gpxtpx:atemp>
            <gpxtpx:hr>105</gpxtpx:hr>
            <gpxtpx:cad>0</gpxtpx:cad>
          </gpxtpx:TrackPointExtension>
          <gpxx:TrackPointExtension>
            <gpxx:Temperature>30</gpxx:Temperature>
          </gpxx:TrackPointExtension>
        </extensions>
      </trkpt>
      <trkpt lat="42.761401031166315" lon="-0.506520001217723">
        <ele>1506</ele>
        <time>2026-07-08T09:37:43Z</time>
        <extensions>
          <gpxtpx:TrackPointExtension>
            <gpxtpx:atemp>30</gpxtpx:atemp>
            <gpxtpx:hr>108</gpxtpx:hr>
            <gpxtpx:cad>0</gpxtpx:cad>
          </gpxtpx:TrackPointExtension>
          <gpxx:TrackPointExtension>
            <gpxx:Temperature>30</gpxx:Temperature>
          </gpxx:TrackPointExtension>
        </extensions>
      </trkpt>
      <trkpt lat="42.761402959004045" lon="-0.506525030359626">
        <ele>1506.4000000000001</ele>
        <time>2026-07-08T09:37:53Z</time>
        <extensions>
          <gpxtpx:TrackPointExtension>
            <gpxtpx:atemp>30</gpxtpx:atemp>
            <gpxtpx:hr>105</gpxtpx:hr>
            <gpxtpx:cad>0</gpxtpx:cad>
          </gpxtpx:TrackPointExtension>
          <gpxx:TrackPointExtension>
            <gpxx:Temperature>30</gpxx:Temperature>
          </gpxx:TrackPointExtension>
        </extensions>
      </trkpt>
      <trkpt lat="42.761421985924244" lon="-0.506536010652781">
        <ele>1506.4000000000001</ele>
        <time>2026-07-08T09:37:57Z</time>
        <extensions>
          <gpxtpx:TrackPointExtension>
            <gpxtpx:atemp>30</gpxtpx:atemp>
            <gpxtpx:hr>104</gpxtpx:hr>
            <gpxtpx:cad>0</gpxtpx:cad>
          </gpxtpx:TrackPointExtension>
          <gpxx:TrackPointExtension>
            <gpxx:Temperature>30</gpxx:Temperature>
          </gpxx:TrackPointExtension>
        </extensions>
      </trkpt>
      <trkpt lat="42.761443024501204" lon="-0.506549002602696">
        <ele>1506.5999999999999</ele>
        <time>2026-07-08T09:38:05Z</time>
        <extensions>
          <gpxtpx:TrackPointExtension>
            <gpxtpx:atemp>30</gpxtpx:atemp>
            <gpxtpx:hr>104</gpxtpx:hr>
            <gpxtpx:cad>0</gpxtpx:cad>
          </gpxtpx:TrackPointExtension>
          <gpxx:TrackPointExtension>
            <gpxx:Temperature>30</gpxx:Temperature>
          </gpxx:TrackPointExtension>
        </extensions>
      </trkpt>
      <trkpt lat="42.761443024501204" lon="-0.506545985117555">
        <ele>1507</ele>
        <time>2026-07-08T09:38:09Z</time>
        <extensions>
          <gpxtpx:TrackPointExtension>
            <gpxtpx:atemp>30</gpxtpx:atemp>
            <gpxtpx:hr>101</gpxtpx:hr>
            <gpxtpx:cad>0</gpxtpx:cad>
          </gpxtpx:TrackPointExtension>
          <gpxx:TrackPointExtension>
            <gpxx:Temperature>30</gpxx:Temperature>
          </gpxx:TrackPointExtension>
        </extensions>
      </trkpt>
      <trkpt lat="42.761443024501204" lon="-0.506545985117555">
        <ele>1507</ele>
        <time>2026-07-08T09:38:13Z</time>
        <extensions>
          <gpxtpx:TrackPointExtension>
            <gpxtpx:atemp>30</gpxtpx:atemp>
            <gpxtpx:hr>98</gpxtpx:hr>
            <gpxtpx:cad>0</gpxtpx:cad>
          </gpxtpx:TrackPointExtension>
          <gpxx:TrackPointExtension>
            <gpxx:Temperature>30</gpxx:Temperature>
          </gpxx:TrackPointExtension>
        </extensions>
      </trkpt>
      <trkpt lat="42.761443024501204" lon="-0.506547996774316">
        <ele>1507.2</ele>
        <time>2026-07-08T09:38:22Z</time>
        <extensions>
          <gpxtpx:TrackPointExtension>
            <gpxtpx:atemp>30</gpxtpx:atemp>
            <gpxtpx:hr>95</gpxtpx:hr>
            <gpxtpx:cad>0</gpxtpx:cad>
          </gpxtpx:TrackPointExtension>
          <gpxx:TrackPointExtension>
            <gpxx:Temperature>30</gpxx:Temperature>
          </gpxx:TrackPointExtension>
        </extensions>
      </trkpt>
      <trkpt lat="42.761447969824076" lon="-0.506556965410709">
        <ele>1507.4000000000001</ele>
        <time>2026-07-08T09:38:26Z</time>
        <extensions>
          <gpxtpx:TrackPointExtension>
            <gpxtpx:atemp>30</gpxtpx:atemp>
            <gpxtpx:hr>95</gpxtpx:hr>
            <gpxtpx:cad>0</gpxtpx:cad>
          </gpxtpx:TrackPointExtension>
          <gpxx:TrackPointExtension>
            <gpxx:Temperature>30</gpxx:Temperature>
          </gpxx:TrackPointExtension>
        </extensions>
      </trkpt>
      <trkpt lat="42.761449981480837" lon="-0.506565012037754">
        <ele>1507.5999999999999</ele>
        <time>2026-07-08T09:38:27Z</time>
        <extensions>
          <gpxtpx:TrackPointExtension>
            <gpxtpx:atemp>30</gpxtpx:atemp>
            <gpxtpx:hr>95</gpxtpx:hr>
            <gpxtpx:cad>0</gpxtpx:cad>
          </gpxtpx:TrackPointExtension>
          <gpxx:TrackPointExtension>
            <gpxx:Temperature>30</gpxx:Temperature>
          </gpxx:TrackPointExtension>
        </extensions>
      </trkpt>
      <trkpt lat="42.761483006179333" lon="-0.506609017029405">
        <ele>1508</ele>
        <time>2026-07-08T09:38:33Z</time>
        <extensions>
          <gpxtpx:TrackPointExtension>
            <gpxtpx:atemp>30</gpxtpx:atemp>
            <gpxtpx:hr>94</gpxtpx:hr>
            <gpxtpx:cad>0</gpxtpx:cad>
          </gpxtpx:TrackPointExtension>
          <gpxx:TrackPointExtension>
            <gpxx:Temperature>30</gpxx:Temperature>
          </gpxx:TrackPointExtension>
        </extensions>
      </trkpt>
      <trkpt lat="42.761492980644107" lon="-0.506612034514546">
        <ele>1508.2</ele>
        <time>2026-07-08T09:38:43Z</time>
        <extensions>
          <gpxtpx:TrackPointExtension>
            <gpxtpx:atemp>30</gpxtpx:atemp>
            <gpxtpx:hr>91</gpxtpx:hr>
            <gpxtpx:cad>0</gpxtpx:cad>
          </gpxtpx:TrackPointExtension>
          <gpxx:TrackPointExtension>
            <gpxx:Temperature>30</gpxx:Temperature>
          </gpxx:TrackPointExtension>
        </extensions>
      </trkpt>
      <trkpt lat="42.761492980644107" lon="-0.506612034514546">
        <ele>1508.2</ele>
        <time>2026-07-08T09:38:45Z</time>
        <extensions>
          <gpxtpx:TrackPointExtension>
            <gpxtpx:atemp>30</gpxtpx:atemp>
            <gpxtpx:hr>88</gpxtpx:hr>
            <gpxtpx:cad>0</gpxtpx:cad>
          </gpxtpx:TrackPointExtension>
          <gpxx:TrackPointExtension>
            <gpxx:Temperature>30</gpxx:Temperature>
          </gpxx:TrackPointExtension>
        </extensions>
      </trkpt>
      <trkpt lat="42.761505972594023" lon="-0.506627960130572">
        <ele>1512</ele>
        <time>2026-07-08T09:39:43Z</time>
        <extensions>
          <gpxtpx:TrackPointExtension>
            <gpxtpx:atemp>31</gpxtpx:atemp>
            <gpxtpx:hr>90</gpxtpx:hr>
            <gpxtpx:cad>0</gpxtpx:cad>
          </gpxtpx:TrackPointExtension>
          <gpxx:TrackPointExtension>
            <gpxx:Temperature>31</gpxx:Temperature>
          </gpxx:TrackPointExtension>
        </extensions>
      </trkpt>
      <trkpt lat="42.761535979807377" lon="-0.506640030071139">
        <ele>1512</ele>
        <time>2026-07-08T09:39:46Z</time>
        <extensions>
          <gpxtpx:TrackPointExtension>
            <gpxtpx:atemp>30</gpxtpx:atemp>
            <gpxtpx:hr>92</gpxtpx:hr>
            <gpxtpx:cad>0</gpxtpx:cad>
          </gpxtpx:TrackPointExtension>
          <gpxx:TrackPointExtension>
            <gpxx:Temperature>30</gpxx:Temperature>
          </gpxx:TrackPointExtension>
        </extensions>
      </trkpt>
      <trkpt lat="42.761528016999364" lon="-0.5066869687289">
        <ele>1512.2</ele>
        <time>2026-07-08T09:39:49Z</time>
        <extensions>
          <gpxtpx:TrackPointExtension>
            <gpxtpx:atemp>31</gpxtpx:atemp>
            <gpxtpx:hr>93</gpxtpx:hr>
            <gpxtpx:cad>0</gpxtpx:cad>
          </gpxtpx:TrackPointExtension>
          <gpxx:TrackPointExtension>
            <gpxx:Temperature>31</gpxx:Temperature>
          </gpxx:TrackPointExtension>
        </extensions>
      </trkpt>
      <trkpt lat="42.761535979807377" lon="-0.506698032841086">
        <ele>1512.4000000000001</ele>
        <time>2026-07-08T09:39:50Z</time>
        <extensions>
          <gpxtpx:TrackPointExtension>
            <gpxtpx:atemp>30</gpxtpx:atemp>
            <gpxtpx:hr>90</gpxtpx:hr>
            <gpxtpx:cad>0</gpxtpx:cad>
          </gpxtpx:TrackPointExtension>
          <gpxx:TrackPointExtension>
            <gpxx:Temperature>30</gpxx:Temperature>
          </gpxx:TrackPointExtension>
        </extensions>
      </trkpt>
      <trkpt lat="42.761549977585673" lon="-0.506720999255776">
        <ele>1512.4000000000001</ele>
        <time>2026-07-08T09:39:52Z</time>
        <extensions>
          <gpxtpx:TrackPointExtension>
            <gpxtpx:atemp>31</gpxtpx:atemp>
            <gpxtpx:hr>93</gpxtpx:hr>
            <gpxtpx:cad>0</gpxtpx:cad>
          </gpxtpx:TrackPointExtension>
          <gpxx:TrackPointExtension>
            <gpxx:Temperature>31</gpxx:Temperature>
          </gpxx:TrackPointExtension>
        </extensions>
      </trkpt>
      <trkpt lat="42.761549977585673" lon="-0.506720999255776">
        <ele>1512.4000000000001</ele>
        <time>2026-07-08T09:39:53Z</time>
        <extensions>
          <gpxtpx:TrackPointExtension>
            <gpxtpx:atemp>31</gpxtpx:atemp>
            <gpxtpx:hr>92</gpxtpx:hr>
            <gpxtpx:cad>0</gpxtpx:cad>
          </gpxtpx:TrackPointExtension>
          <gpxx:TrackPointExtension>
            <gpxx:Temperature>31</gpxx:Temperature>
          </gpxx:TrackPointExtension>
        </extensions>
      </trkpt>
      <trkpt lat="42.761546960100532" lon="-0.506743965670466">
        <ele>1512.8</ele>
        <time>2026-07-08T09:39:58Z</time>
        <extensions>
          <gpxtpx:TrackPointExtension>
            <gpxtpx:atemp>31</gpxtpx:atemp>
            <gpxtpx:hr>93</gpxtpx:hr>
            <gpxtpx:cad>0</gpxtpx:cad>
          </gpxtpx:TrackPointExtension>
          <gpxx:TrackPointExtension>
            <gpxx:Temperature>31</gpxx:Temperature>
          </gpxx:TrackPointExtension>
        </extensions>
      </trkpt>
      <trkpt lat="42.761550983414054" lon="-0.506757041439414">
        <ele>1512.8</ele>
        <time>2026-07-08T09:40:01Z</time>
        <extensions>
          <gpxtpx:TrackPointExtension>
            <gpxtpx:atemp>31</gpxtpx:atemp>
            <gpxtpx:hr>91</gpxtpx:hr>
            <gpxtpx:cad>0</gpxtpx:cad>
          </gpxtpx:TrackPointExtension>
          <gpxx:TrackPointExtension>
            <gpxx:Temperature>31</gpxx:Temperature>
          </gpxx:TrackPointExtension>
        </extensions>
      </trkpt>
      <trkpt lat="42.761534973978996" lon="-0.50677296705544">
        <ele>1513.2</ele>
        <time>2026-07-08T09:40:06Z</time>
        <extensions>
          <gpxtpx:TrackPointExtension>
            <gpxtpx:atemp>31</gpxtpx:atemp>
            <gpxtpx:hr>91</gpxtpx:hr>
            <gpxtpx:cad>0</gpxtpx:cad>
          </gpxtpx:TrackPointExtension>
          <gpxx:TrackPointExtension>
            <gpxx:Temperature>31</gpxx:Temperature>
          </gpxx:TrackPointExtension>
        </extensions>
      </trkpt>
      <trkpt lat="42.761532040312886" lon="-0.50677003338933">
        <ele>1513.4000000000001</ele>
        <time>2026-07-08T09:40:12Z</time>
        <extensions>
          <gpxtpx:TrackPointExtension>
            <gpxtpx:atemp>30</gpxtpx:atemp>
            <gpxtpx:hr>87</gpxtpx:hr>
            <gpxtpx:cad>0</gpxtpx:cad>
          </gpxtpx:TrackPointExtension>
          <gpxx:TrackPointExtension>
            <gpxx:Temperature>30</gpxx:Temperature>
          </gpxx:TrackPointExtension>
        </extensions>
      </trkpt>
      <trkpt lat="42.761532040312886" lon="-0.50677003338933">
        <ele>1513.4000000000001</ele>
        <time>2026-07-08T09:40:13Z</time>
        <extensions>
          <gpxtpx:TrackPointExtension>
            <gpxtpx:atemp>30</gpxtpx:atemp>
            <gpxtpx:hr>89</gpxtpx:hr>
            <gpxtpx:cad>0</gpxtpx:cad>
          </gpxtpx:TrackPointExtension>
          <gpxx:TrackPointExtension>
            <gpxx:Temperature>30</gpxx:Temperature>
          </gpxx:TrackPointExtension>
        </extensions>
      </trkpt>
      <trkpt lat="42.761532040312886" lon="-0.50677003338933">
        <ele>1513.5999999999999</ele>
        <time>2026-07-08T09:40:19Z</time>
        <extensions>
          <gpxtpx:TrackPointExtension>
            <gpxtpx:atemp>31</gpxtpx:atemp>
            <gpxtpx:hr>92</gpxtpx:hr>
            <gpxtpx:cad>0</gpxtpx:cad>
          </gpxtpx:TrackPointExtension>
          <gpxx:TrackPointExtension>
            <gpxx:Temperature>31</gpxx:Temperature>
          </gpxx:TrackPointExtension>
        </extensions>
      </trkpt>
      <trkpt lat="42.761532040312886" lon="-0.50677003338933">
        <ele>1513.5999999999999</ele>
        <time>2026-07-08T09:40:21Z</time>
        <extensions>
          <gpxtpx:TrackPointExtension>
            <gpxtpx:atemp>30</gpxtpx:atemp>
            <gpxtpx:hr>96</gpxtpx:hr>
            <gpxtpx:cad>0</gpxtpx:cad>
          </gpxtpx:TrackPointExtension>
          <gpxx:TrackPointExtension>
            <gpxx:Temperature>30</gpxx:Temperature>
          </gpxx:TrackPointExtension>
        </extensions>
      </trkpt>
      <trkpt lat="42.761533968150616" lon="-0.506777996197343">
        <ele>1513.8</ele>
        <time>2026-07-08T09:40:25Z</time>
        <extensions>
          <gpxtpx:TrackPointExtension>
            <gpxtpx:atemp>30</gpxtpx:atemp>
            <gpxtpx:hr>100</gpxtpx:hr>
            <gpxtpx:cad>0</gpxtpx:cad>
          </gpxtpx:TrackPointExtension>
          <gpxx:TrackPointExtension>
            <gpxx:Temperature>30</gpxx:Temperature>
          </gpxx:TrackPointExtension>
        </extensions>
      </trkpt>
      <trkpt lat="42.761546038091183" lon="-0.506809009239078">
        <ele>1513.8</ele>
        <time>2026-07-08T09:40:27Z</time>
        <extensions>
          <gpxtpx:TrackPointExtension>
            <gpxtpx:atemp>30</gpxtpx:atemp>
            <gpxtpx:hr>105</gpxtpx:hr>
            <gpxtpx:cad>0</gpxtpx:cad>
          </gpxtpx:TrackPointExtension>
          <gpxx:TrackPointExtension>
            <gpxx:Temperature>30</gpxx:Temperature>
          </gpxx:TrackPointExtension>
        </extensions>
      </trkpt>
      <trkpt lat="42.761557018384337" lon="-0.506839016452432">
        <ele>1514</ele>
        <time>2026-07-08T09:40:29Z</time>
        <extensions>
          <gpxtpx:TrackPointExtension>
            <gpxtpx:atemp>30</gpxtpx:atemp>
            <gpxtpx:hr>107</gpxtpx:hr>
            <gpxtpx:cad>0</gpxtpx:cad>
          </gpxtpx:TrackPointExtension>
          <gpxx:TrackPointExtension>
            <gpxx:Temperature>30</gpxx:Temperature>
          </gpxx:TrackPointExtension>
        </extensions>
      </trkpt>
      <trkpt lat="42.761577973142266" lon="-0.506872963160276">
        <ele>1514</ele>
        <time>2026-07-08T09:40:34Z</time>
        <extensions>
          <gpxtpx:TrackPointExtension>
            <gpxtpx:atemp>30</gpxtpx:atemp>
            <gpxtpx:hr>110</gpxtpx:hr>
            <gpxtpx:cad>0</gpxtpx:cad>
          </gpxtpx:TrackPointExtension>
          <gpxx:TrackPointExtension>
            <gpxx:Temperature>30</gpxx:Temperature>
          </gpxx:TrackPointExtension>
        </extensions>
      </trkpt>
      <trkpt lat="42.761579984799027" lon="-0.50687899813056">
        <ele>1514.2</ele>
        <time>2026-07-08T09:40:39Z</time>
        <extensions>
          <gpxtpx:TrackPointExtension>
            <gpxtpx:atemp>30</gpxtpx:atemp>
            <gpxtpx:hr>112</gpxtpx:hr>
            <gpxtpx:cad>0</gpxtpx:cad>
          </gpxtpx:TrackPointExtension>
          <gpxx:TrackPointExtension>
            <gpxx:Temperature>30</gpxx:Temperature>
          </gpxx:TrackPointExtension>
        </extensions>
      </trkpt>
      <trkpt lat="42.761580990627408" lon="-0.506881009787321">
        <ele>1514.4000000000001</ele>
        <time>2026-07-08T09:40:44Z</time>
        <extensions>
          <gpxtpx:TrackPointExtension>
            <gpxtpx:atemp>30</gpxtpx:atemp>
            <gpxtpx:hr>109</gpxtpx:hr>
            <gpxtpx:cad>0</gpxtpx:cad>
          </gpxtpx:TrackPointExtension>
          <gpxx:TrackPointExtension>
            <gpxx:Temperature>30</gpxx:Temperature>
          </gpxx:TrackPointExtension>
        </extensions>
      </trkpt>
      <trkpt lat="42.761580990627408" lon="-0.506881009787321">
        <ele>1514.4000000000001</ele>
        <time>2026-07-08T09:40:46Z</time>
        <extensions>
          <gpxtpx:TrackPointExtension>
            <gpxtpx:atemp>30</gpxtpx:atemp>
            <gpxtpx:hr>106</gpxtpx:hr>
            <gpxtpx:cad>0</gpxtpx:cad>
          </gpxtpx:TrackPointExtension>
          <gpxx:TrackPointExtension>
            <gpxx:Temperature>30</gpxx:Temperature>
          </gpxx:TrackPointExtension>
        </extensions>
      </trkpt>
      <trkpt lat="42.761580990627408" lon="-0.506882015615702">
        <ele>1514.4000000000001</ele>
        <time>2026-07-08T09:41:01Z</time>
        <extensions>
          <gpxtpx:TrackPointExtension>
            <gpxtpx:atemp>30</gpxtpx:atemp>
            <gpxtpx:hr>105</gpxtpx:hr>
            <gpxtpx:cad>0</gpxtpx:cad>
          </gpxtpx:TrackPointExtension>
          <gpxx:TrackPointExtension>
            <gpxx:Temperature>30</gpxx:Temperature>
          </gpxx:TrackPointExtension>
        </extensions>
      </trkpt>
      <trkpt lat="42.761583002284169" lon="-0.506890984252095">
        <ele>1515</ele>
        <time>2026-07-08T09:41:12Z</time>
        <extensions>
          <gpxtpx:TrackPointExtension>
            <gpxtpx:atemp>30</gpxtpx:atemp>
            <gpxtpx:hr>105</gpxtpx:hr>
            <gpxtpx:cad>0</gpxtpx:cad>
          </gpxtpx:TrackPointExtension>
          <gpxx:TrackPointExtension>
            <gpxx:Temperature>30</gpxx:Temperature>
          </gpxx:TrackPointExtension>
        </extensions>
      </trkpt>
      <trkpt lat="42.76158400811255" lon="-0.506892995908856">
        <ele>1515.2</ele>
        <time>2026-07-08T09:41:14Z</time>
        <extensions>
          <gpxtpx:TrackPointExtension>
            <gpxtpx:atemp>30</gpxtpx:atemp>
            <gpxtpx:hr>102</gpxtpx:hr>
            <gpxtpx:cad>0</gpxtpx:cad>
          </gpxtpx:TrackPointExtension>
          <gpxx:TrackPointExtension>
            <gpxx:Temperature>30</gpxx:Temperature>
          </gpxx:TrackPointExtension>
        </extensions>
      </trkpt>
      <trkpt lat="42.761612003669143" lon="-0.506972959265113">
        <ele>1515.5999999999999</ele>
        <time>2026-07-08T09:41:26Z</time>
        <extensions>
          <gpxtpx:TrackPointExtension>
            <gpxtpx:atemp>30</gpxtpx:atemp>
            <gpxtpx:hr>101</gpxtpx:hr>
            <gpxtpx:cad>0</gpxtpx:cad>
          </gpxtpx:TrackPointExtension>
          <gpxx:TrackPointExtension>
            <gpxx:Temperature>30</gpxx:Temperature>
          </gpxx:TrackPointExtension>
        </extensions>
      </trkpt>
      <trkpt lat="42.761621978133917" lon="-0.507011013105512">
        <ele>1515.5999999999999</ele>
        <time>2026-07-08T09:41:31Z</time>
        <extensions>
          <gpxtpx:TrackPointExtension>
            <gpxtpx:atemp>30</gpxtpx:atemp>
            <gpxtpx:hr>101</gpxtpx:hr>
            <gpxtpx:cad>0</gpxtpx:cad>
          </gpxtpx:TrackPointExtension>
          <gpxx:TrackPointExtension>
            <gpxx:Temperature>30</gpxx:Temperature>
          </gpxx:TrackPointExtension>
        </extensions>
      </trkpt>
      <trkpt lat="42.76162700727582" lon="-0.507022999227047">
        <ele>1515.5999999999999</ele>
        <time>2026-07-08T09:41:37Z</time>
        <extensions>
          <gpxtpx:TrackPointExtension>
            <gpxtpx:atemp>30</gpxtpx:atemp>
            <gpxtpx:hr>103</gpxtpx:hr>
            <gpxtpx:cad>0</gpxtpx:cad>
          </gpxtpx:TrackPointExtension>
          <gpxx:TrackPointExtension>
            <gpxx:Temperature>30</gpxx:Temperature>
          </gpxx:TrackPointExtension>
        </extensions>
      </trkpt>
      <trkpt lat="42.761629018932581" lon="-0.507016964256763">
        <ele>1515.5999999999999</ele>
        <time>2026-07-08T09:41:40Z</time>
        <extensions>
          <gpxtpx:TrackPointExtension>
            <gpxtpx:atemp>30</gpxtpx:atemp>
            <gpxtpx:hr>100</gpxtpx:hr>
            <gpxtpx:cad>0</gpxtpx:cad>
          </gpxtpx:TrackPointExtension>
          <gpxx:TrackPointExtension>
            <gpxx:Temperature>30</gpxx:Temperature>
          </gpxx:TrackPointExtension>
        </extensions>
      </trkpt>
      <trkpt lat="42.761630024760962" lon="-0.507015958428383">
        <ele>1515.8</ele>
        <time>2026-07-08T09:41:42Z</time>
        <extensions>
          <gpxtpx:TrackPointExtension>
            <gpxtpx:atemp>30</gpxtpx:atemp>
            <gpxtpx:hr>97</gpxtpx:hr>
            <gpxtpx:cad>0</gpxtpx:cad>
          </gpxtpx:TrackPointExtension>
          <gpxx:TrackPointExtension>
            <gpxx:Temperature>30</gpxx:Temperature>
          </gpxx:TrackPointExtension>
        </extensions>
      </trkpt>
      <trkpt lat="42.761630024760962" lon="-0.507015958428383">
        <ele>1515.4000000000001</ele>
        <time>2026-07-08T09:41:47Z</time>
        <extensions>
          <gpxtpx:TrackPointExtension>
            <gpxtpx:atemp>30</gpxtpx:atemp>
            <gpxtpx:hr>97</gpxtpx:hr>
            <gpxtpx:cad>0</gpxtpx:cad>
          </gpxtpx:TrackPointExtension>
          <gpxx:TrackPointExtension>
            <gpxx:Temperature>30</gpxx:Temperature>
          </gpxx:TrackPointExtension>
        </extensions>
      </trkpt>
      <trkpt lat="42.761630024760962" lon="-0.507015958428383">
        <ele>1515.4000000000001</ele>
        <time>2026-07-08T09:41:49Z</time>
        <extensions>
          <gpxtpx:TrackPointExtension>
            <gpxtpx:atemp>30</gpxtpx:atemp>
            <gpxtpx:hr>100</gpxtpx:hr>
            <gpxtpx:cad>0</gpxtpx:cad>
          </gpxtpx:TrackPointExtension>
          <gpxx:TrackPointExtension>
            <gpxx:Temperature>30</gpxx:Temperature>
          </gpxx:TrackPointExtension>
        </extensions>
      </trkpt>
      <trkpt lat="42.761723985895514" lon="-0.507035991176963">
        <ele>1515</ele>
        <time>2026-07-08T09:42:34Z</time>
        <extensions>
          <gpxtpx:TrackPointExtension>
            <gpxtpx:atemp>30</gpxtpx:atemp>
            <gpxtpx:hr>101</gpxtpx:hr>
            <gpxtpx:cad>0</gpxtpx:cad>
          </gpxtpx:TrackPointExtension>
          <gpxx:TrackPointExtension>
            <gpxx:Temperature>30</gpxx:Temperature>
          </gpxx:TrackPointExtension>
        </extensions>
      </trkpt>
      <trkpt lat="42.761753993108869" lon="-0.507021993398666">
        <ele>1515.2</ele>
        <time>2026-07-08T09:42:39Z</time>
        <extensions>
          <gpxtpx:TrackPointExtension>
            <gpxtpx:atemp>30</gpxtpx:atemp>
            <gpxtpx:hr>101</gpxtpx:hr>
            <gpxtpx:cad>0</gpxtpx:cad>
          </gpxtpx:TrackPointExtension>
          <gpxx:TrackPointExtension>
            <gpxx:Temperature>30</gpxx:Temperature>
          </gpxx:TrackPointExtension>
        </extensions>
      </trkpt>
      <trkpt lat="42.761758016422391" lon="-0.507016964256763">
        <ele>1515.4000000000001</ele>
        <time>2026-07-08T09:42:47Z</time>
        <extensions>
          <gpxtpx:TrackPointExtension>
            <gpxtpx:atemp>30</gpxtpx:atemp>
            <gpxtpx:hr>99</gpxtpx:hr>
            <gpxtpx:cad>85</gpxtpx:cad>
          </gpxtpx:TrackPointExtension>
          <gpxx:TrackPointExtension>
            <gpxx:Temperature>30</gpxx:Temperature>
          </gpxx:TrackPointExtension>
        </extensions>
      </trkpt>
      <trkpt lat="42.761759022250772" lon="-0.507016964256763">
        <ele>1516</ele>
        <time>2026-07-08T09:42:50Z</time>
        <extensions>
          <gpxtpx:TrackPointExtension>
            <gpxtpx:atemp>30</gpxtpx:atemp>
            <gpxtpx:hr>98</gpxtpx:hr>
            <gpxtpx:cad>0</gpxtpx:cad>
          </gpxtpx:TrackPointExtension>
          <gpxx:TrackPointExtension>
            <gpxx:Temperature>30</gpxx:Temperature>
          </gpxx:TrackPointExtension>
        </extensions>
      </trkpt>
      <trkpt lat="42.76175600476563" lon="-0.507014030590653">
        <ele>1516.8</ele>
        <time>2026-07-08T09:43:04Z</time>
        <extensions>
          <gpxtpx:TrackPointExtension>
            <gpxtpx:atemp>30</gpxtpx:atemp>
            <gpxtpx:hr>101</gpxtpx:hr>
            <gpxtpx:cad>0</gpxtpx:cad>
          </gpxtpx:TrackPointExtension>
          <gpxx:TrackPointExtension>
            <gpxx:Temperature>30</gpxx:Temperature>
          </gpxx:TrackPointExtension>
        </extensions>
      </trkpt>
      <trkpt lat="42.761754998937249" lon="-0.507013024762273">
        <ele>1517</ele>
        <time>2026-07-08T09:43:06Z</time>
        <extensions>
          <gpxtpx:TrackPointExtension>
            <gpxtpx:atemp>30</gpxtpx:atemp>
            <gpxtpx:hr>101</gpxtpx:hr>
            <gpxtpx:cad>0</gpxtpx:cad>
          </gpxtpx:TrackPointExtension>
          <gpxx:TrackPointExtension>
            <gpxx:Temperature>30</gpxx:Temperature>
          </gpxx:TrackPointExtension>
        </extensions>
      </trkpt>
      <trkpt lat="42.761754998937249" lon="-0.506992992013693">
        <ele>1517.2</ele>
        <time>2026-07-08T09:43:10Z</time>
        <extensions>
          <gpxtpx:TrackPointExtension>
            <gpxtpx:atemp>30</gpxtpx:atemp>
            <gpxtpx:hr>100</gpxtpx:hr>
            <gpxtpx:cad>0</gpxtpx:cad>
          </gpxtpx:TrackPointExtension>
          <gpxx:TrackPointExtension>
            <gpxx:Temperature>30</gpxx:Temperature>
          </gpxx:TrackPointExtension>
        </extensions>
      </trkpt>
      <trkpt lat="42.76175600476563" lon="-0.506973965093493">
        <ele>1517.4000000000001</ele>
        <time>2026-07-08T09:43:17Z</time>
        <extensions>
          <gpxtpx:TrackPointExtension>
            <gpxtpx:atemp>30</gpxtpx:atemp>
            <gpxtpx:hr>103</gpxtpx:hr>
            <gpxtpx:cad>0</gpxtpx:cad>
          </gpxtpx:TrackPointExtension>
          <gpxx:TrackPointExtension>
            <gpxx:Temperature>30</gpxx:Temperature>
          </gpxx:TrackPointExtension>
        </extensions>
      </trkpt>
      <trkpt lat="42.761762039735913" lon="-0.506953010335565">
        <ele>1518</ele>
        <time>2026-07-08T09:43:31Z</time>
        <extensions>
          <gpxtpx:TrackPointExtension>
            <gpxtpx:atemp>30</gpxtpx:atemp>
            <gpxtpx:hr>106</gpxtpx:hr>
            <gpxtpx:cad>0</gpxtpx:cad>
          </gpxtpx:TrackPointExtension>
          <gpxx:TrackPointExtension>
            <gpxx:Temperature>30</gpxx:Temperature>
          </gpxx:TrackPointExtension>
        </extensions>
      </trkpt>
      <trkpt lat="42.761763967573643" lon="-0.506948987022042">
        <ele>1518</ele>
        <time>2026-07-08T09:43:34Z</time>
        <extensions>
          <gpxtpx:TrackPointExtension>
            <gpxtpx:atemp>30</gpxtpx:atemp>
            <gpxtpx:hr>105</gpxtpx:hr>
            <gpxtpx:cad>0</gpxtpx:cad>
          </gpxtpx:TrackPointExtension>
          <gpxx:TrackPointExtension>
            <gpxx:Temperature>30</gpxx:Temperature>
          </gpxx:TrackPointExtension>
        </extensions>
      </trkpt>
      <trkpt lat="42.761763967573643" lon="-0.506945969536901">
        <ele>1518</ele>
        <time>2026-07-08T09:43:36Z</time>
        <extensions>
          <gpxtpx:TrackPointExtension>
            <gpxtpx:atemp>30</gpxtpx:atemp>
            <gpxtpx:hr>108</gpxtpx:hr>
            <gpxtpx:cad>0</gpxtpx:cad>
          </gpxtpx:TrackPointExtension>
          <gpxx:TrackPointExtension>
            <gpxx:Temperature>30</gpxx:Temperature>
          </gpxx:TrackPointExtension>
        </extensions>
      </trkpt>
      <trkpt lat="42.761762961745262" lon="-0.506931971758604">
        <ele>1518</ele>
        <time>2026-07-08T09:43:45Z</time>
        <extensions>
          <gpxtpx:TrackPointExtension>
            <gpxtpx:atemp>30</gpxtpx:atemp>
            <gpxtpx:hr>105</gpxtpx:hr>
            <gpxtpx:cad>0</gpxtpx:cad>
          </gpxtpx:TrackPointExtension>
          <gpxx:TrackPointExtension>
            <gpxx:Temperature>30</gpxx:Temperature>
          </gpxx:TrackPointExtension>
        </extensions>
      </trkpt>
      <trkpt lat="42.761762961745262" lon="-0.506927026435733">
        <ele>1518</ele>
        <time>2026-07-08T09:43:48Z</time>
        <extensions>
          <gpxtpx:TrackPointExtension>
            <gpxtpx:atemp>30</gpxtpx:atemp>
            <gpxtpx:hr>102</gpxtpx:hr>
            <gpxtpx:cad>0</gpxtpx:cad>
          </gpxtpx:TrackPointExtension>
          <gpxx:TrackPointExtension>
            <gpxx:Temperature>30</gpxx:Temperature>
          </gpxx:TrackPointExtension>
        </extensions>
      </trkpt>
      <trkpt lat="42.761760028079152" lon="-0.506870029494166">
        <ele>1518.4000000000001</ele>
        <time>2026-07-08T09:44:00Z</time>
        <extensions>
          <gpxtpx:TrackPointExtension>
            <gpxtpx:atemp>30</gpxtpx:atemp>
            <gpxtpx:hr>99</gpxtpx:hr>
            <gpxtpx:cad>0</gpxtpx:cad>
          </gpxtpx:TrackPointExtension>
          <gpxx:TrackPointExtension>
            <gpxx:Temperature>30</gpxx:Temperature>
          </gpxx:TrackPointExtension>
        </extensions>
      </trkpt>
      <trkpt lat="42.761737983673811" lon="-0.50683599896729">
        <ele>1519</ele>
        <time>2026-07-08T09:44:07Z</time>
        <extensions>
          <gpxtpx:TrackPointExtension>
            <gpxtpx:atemp>30</gpxtpx:atemp>
            <gpxtpx:hr>97</gpxtpx:hr>
            <gpxtpx:cad>0</gpxtpx:cad>
          </gpxtpx:TrackPointExtension>
          <gpxx:TrackPointExtension>
            <gpxx:Temperature>30</gpxx:Temperature>
          </gpxx:TrackPointExtension>
        </extensions>
      </trkpt>
      <trkpt lat="42.761738989502192" lon="-0.506834993138909">
        <ele>1519.4000000000001</ele>
        <time>2026-07-08T09:44:30Z</time>
        <extensions>
          <gpxtpx:TrackPointExtension>
            <gpxtpx:atemp>30</gpxtpx:atemp>
            <gpxtpx:hr>94</gpxtpx:hr>
            <gpxtpx:cad>0</gpxtpx:cad>
          </gpxtpx:TrackPointExtension>
          <gpxx:TrackPointExtension>
            <gpxx:Temperature>30</gpxx:Temperature>
          </gpxx:TrackPointExtension>
        </extensions>
      </trkpt>
      <trkpt lat="42.761738989502192" lon="-0.50683599896729">
        <ele>1519.5999999999999</ele>
        <time>2026-07-08T09:44:32Z</time>
        <extensions>
          <gpxtpx:TrackPointExtension>
            <gpxtpx:atemp>30</gpxtpx:atemp>
            <gpxtpx:hr>90</gpxtpx:hr>
            <gpxtpx:cad>0</gpxtpx:cad>
          </gpxtpx:TrackPointExtension>
          <gpxx:TrackPointExtension>
            <gpxx:Temperature>30</gpxx:Temperature>
          </gpxx:TrackPointExtension>
        </extensions>
      </trkpt>
      <trkpt lat="42.761738989502192" lon="-0.50683599896729">
        <ele>1519.5999999999999</ele>
        <time>2026-07-08T09:44:34Z</time>
        <extensions>
          <gpxtpx:TrackPointExtension>
            <gpxtpx:atemp>30</gpxtpx:atemp>
            <gpxtpx:hr>87</gpxtpx:hr>
            <gpxtpx:cad>0</gpxtpx:cad>
          </gpxtpx:TrackPointExtension>
          <gpxx:TrackPointExtension>
            <gpxx:Temperature>30</gpxx:Temperature>
          </gpxx:TrackPointExtension>
        </extensions>
      </trkpt>
      <trkpt lat="42.761739995330572" lon="-0.50683599896729">
        <ele>1520</ele>
        <time>2026-07-08T09:44:36Z</time>
        <extensions>
          <gpxtpx:TrackPointExtension>
            <gpxtpx:atemp>30</gpxtpx:atemp>
            <gpxtpx:hr>86</gpxtpx:hr>
            <gpxtpx:cad>0</gpxtpx:cad>
          </gpxtpx:TrackPointExtension>
          <gpxx:TrackPointExtension>
            <gpxx:Temperature>30</gpxx:Temperature>
          </gpxx:TrackPointExtension>
        </extensions>
      </trkpt>
      <trkpt lat="42.761744018644094" lon="-0.50683599896729">
        <ele>1520.4000000000001</ele>
        <time>2026-07-08T09:44:41Z</time>
        <extensions>
          <gpxtpx:TrackPointExtension>
            <gpxtpx:atemp>30</gpxtpx:atemp>
            <gpxtpx:hr>89</gpxtpx:hr>
            <gpxtpx:cad>0</gpxtpx:cad>
          </gpxtpx:TrackPointExtension>
          <gpxx:TrackPointExtension>
            <gpxx:Temperature>30</gpxx:Temperature>
          </gpxx:TrackPointExtension>
        </extensions>
      </trkpt>
      <trkpt lat="42.761747958138585" lon="-0.506834993138909">
        <ele>1520.5999999999999</ele>
        <time>2026-07-08T09:44:44Z</time>
        <extensions>
          <gpxtpx:TrackPointExtension>
            <gpxtpx:atemp>30</gpxtpx:atemp>
            <gpxtpx:hr>92</gpxtpx:hr>
            <gpxtpx:cad>0</gpxtpx:cad>
          </gpxtpx:TrackPointExtension>
          <gpxx:TrackPointExtension>
            <gpxx:Temperature>30</gpxx:Temperature>
          </gpxx:TrackPointExtension>
        </extensions>
      </trkpt>
      <trkpt lat="42.761749969795346" lon="-0.506834993138909">
        <ele>1520.5999999999999</ele>
        <time>2026-07-08T09:44:47Z</time>
        <extensions>
          <gpxtpx:TrackPointExtension>
            <gpxtpx:atemp>30</gpxtpx:atemp>
            <gpxtpx:hr>95</gpxtpx:hr>
            <gpxtpx:cad>0</gpxtpx:cad>
          </gpxtpx:TrackPointExtension>
          <gpxx:TrackPointExtension>
            <gpxx:Temperature>30</gpxx:Temperature>
          </gpxx:TrackPointExtension>
        </extensions>
      </trkpt>
      <trkpt lat="42.761749969795346" lon="-0.506833987310529">
        <ele>1521</ele>
        <time>2026-07-08T09:44:49Z</time>
        <extensions>
          <gpxtpx:TrackPointExtension>
            <gpxtpx:atemp>30</gpxtpx:atemp>
            <gpxtpx:hr>98</gpxtpx:hr>
            <gpxtpx:cad>0</gpxtpx:cad>
          </gpxtpx:TrackPointExtension>
          <gpxx:TrackPointExtension>
            <gpxx:Temperature>30</gpxx:Temperature>
          </gpxx:TrackPointExtension>
        </extensions>
      </trkpt>
      <trkpt lat="42.761760028079152" lon="-0.506833987310529">
        <ele>1521</ele>
        <time>2026-07-08T09:45:02Z</time>
        <extensions>
          <gpxtpx:TrackPointExtension>
            <gpxtpx:atemp>30</gpxtpx:atemp>
            <gpxtpx:hr>98</gpxtpx:hr>
            <gpxtpx:cad>0</gpxtpx:cad>
          </gpxtpx:TrackPointExtension>
          <gpxx:TrackPointExtension>
            <gpxx:Temperature>30</gpxx:Temperature>
          </gpxx:TrackPointExtension>
        </extensions>
      </trkpt>
      <trkpt lat="42.761763967573643" lon="-0.506833987310529">
        <ele>1521.4000000000001</ele>
        <time>2026-07-08T09:45:05Z</time>
        <extensions>
          <gpxtpx:TrackPointExtension>
            <gpxtpx:atemp>30</gpxtpx:atemp>
            <gpxtpx:hr>95</gpxtpx:hr>
            <gpxtpx:cad>0</gpxtpx:cad>
          </gpxtpx:TrackPointExtension>
          <gpxx:TrackPointExtension>
            <gpxx:Temperature>30</gpxx:Temperature>
          </gpxx:TrackPointExtension>
        </extensions>
      </trkpt>
      <trkpt lat="42.761766985058784" lon="-0.506834993138909">
        <ele>1521.5999999999999</ele>
        <time>2026-07-08T09:45:07Z</time>
        <extensions>
          <gpxtpx:TrackPointExtension>
            <gpxtpx:atemp>30</gpxtpx:atemp>
            <gpxtpx:hr>92</gpxtpx:hr>
            <gpxtpx:cad>0</gpxtpx:cad>
          </gpxtpx:TrackPointExtension>
          <gpxx:TrackPointExtension>
            <gpxx:Temperature>30</gpxx:Temperature>
          </gpxx:TrackPointExtension>
        </extensions>
      </trkpt>
      <trkpt lat="42.761785006150603" lon="-0.506840022280812">
        <ele>1522.2</ele>
        <time>2026-07-08T09:45:20Z</time>
        <extensions>
          <gpxtpx:TrackPointExtension>
            <gpxtpx:atemp>30</gpxtpx:atemp>
            <gpxtpx:hr>89</gpxtpx:hr>
            <gpxtpx:cad>0</gpxtpx:cad>
          </gpxtpx:TrackPointExtension>
          <gpxx:TrackPointExtension>
            <gpxx:Temperature>30</gpxx:Temperature>
          </gpxx:TrackPointExtension>
        </extensions>
      </trkpt>
      <trkpt lat="42.761793974786997" lon="-0.506843039765954">
        <ele>1523</ele>
        <time>2026-07-08T09:45:35Z</time>
        <extensions>
          <gpxtpx:TrackPointExtension>
            <gpxtpx:atemp>30</gpxtpx:atemp>
            <gpxtpx:hr>92</gpxtpx:hr>
            <gpxtpx:cad>0</gpxtpx:cad>
          </gpxtpx:TrackPointExtension>
          <gpxx:TrackPointExtension>
            <gpxx:Temperature>30</gpxx:Temperature>
          </gpxx:TrackPointExtension>
        </extensions>
      </trkpt>
      <trkpt lat="42.761803027242422" lon="-0.506843039765954">
        <ele>1523.2</ele>
        <time>2026-07-08T09:45:43Z</time>
        <extensions>
          <gpxtpx:TrackPointExtension>
            <gpxtpx:atemp>30</gpxtpx:atemp>
            <gpxtpx:hr>92</gpxtpx:hr>
            <gpxtpx:cad>0</gpxtpx:cad>
          </gpxtpx:TrackPointExtension>
          <gpxx:TrackPointExtension>
            <gpxx:Temperature>30</gpxx:Temperature>
          </gpxx:TrackPointExtension>
        </extensions>
      </trkpt>
      <trkpt lat="42.761815013363957" lon="-0.506831975653768">
        <ele>1524.2</ele>
        <time>2026-07-08T09:45:55Z</time>
        <extensions>
          <gpxtpx:TrackPointExtension>
            <gpxtpx:atemp>30</gpxtpx:atemp>
            <gpxtpx:hr>92</gpxtpx:hr>
            <gpxtpx:cad>0</gpxtpx:cad>
          </gpxtpx:TrackPointExtension>
          <gpxx:TrackPointExtension>
            <gpxx:Temperature>30</gpxx:Temperature>
          </gpxx:TrackPointExtension>
        </extensions>
      </trkpt>
      <trkpt lat="42.76182197034359" lon="-0.506830969825387">
        <ele>1523.2</ele>
        <time>2026-07-08T09:46:06Z</time>
        <extensions>
          <gpxtpx:TrackPointExtension>
            <gpxtpx:atemp>30</gpxtpx:atemp>
            <gpxtpx:hr>90</gpxtpx:hr>
            <gpxtpx:cad>0</gpxtpx:cad>
          </gpxtpx:TrackPointExtension>
          <gpxx:TrackPointExtension>
            <gpxx:Temperature>30</gpxx:Temperature>
          </gpxx:TrackPointExtension>
        </extensions>
      </trkpt>
      <trkpt lat="42.761816019192338" lon="-0.506800040602684">
        <ele>1524.2</ele>
        <time>2026-07-08T09:46:43Z</time>
        <extensions>
          <gpxtpx:TrackPointExtension>
            <gpxtpx:atemp>30</gpxtpx:atemp>
            <gpxtpx:hr>93</gpxtpx:hr>
            <gpxtpx:cad>0</gpxtpx:cad>
          </gpxtpx:TrackPointExtension>
          <gpxx:TrackPointExtension>
            <gpxx:Temperature>30</gpxx:Temperature>
          </gpxx:TrackPointExtension>
        </extensions>
      </trkpt>
      <trkpt lat="42.761814007535577" lon="-0.506777996197343">
        <ele>1525.2</ele>
        <time>2026-07-08T09:47:12Z</time>
        <extensions>
          <gpxtpx:TrackPointExtension>
            <gpxtpx:atemp>30</gpxtpx:atemp>
            <gpxtpx:hr>91</gpxtpx:hr>
            <gpxtpx:cad>0</gpxtpx:cad>
          </gpxtpx:TrackPointExtension>
          <gpxx:TrackPointExtension>
            <gpxx:Temperature>30</gpxx:Temperature>
          </gpxx:TrackPointExtension>
        </extensions>
      </trkpt>
      <trkpt lat="42.761811995878816" lon="-0.506773972883821">
        <ele>1525.5999999999999</ele>
        <time>2026-07-08T09:47:17Z</time>
        <extensions>
          <gpxtpx:TrackPointExtension>
            <gpxtpx:atemp>30</gpxtpx:atemp>
            <gpxtpx:hr>88</gpxtpx:hr>
            <gpxtpx:cad>0</gpxtpx:cad>
          </gpxtpx:TrackPointExtension>
          <gpxx:TrackPointExtension>
            <gpxx:Temperature>30</gpxx:Temperature>
          </gpxx:TrackPointExtension>
        </extensions>
      </trkpt>
      <trkpt lat="42.761808978393674" lon="-0.50675000064075">
        <ele>1526.2</ele>
        <time>2026-07-08T09:47:47Z</time>
        <extensions>
          <gpxtpx:TrackPointExtension>
            <gpxtpx:atemp>29</gpxtpx:atemp>
            <gpxtpx:hr>91</gpxtpx:hr>
            <gpxtpx:cad>0</gpxtpx:cad>
          </gpxtpx:TrackPointExtension>
          <gpxx:TrackPointExtension>
            <gpxx:Temperature>29</gpxx:Temperature>
          </gpxx:TrackPointExtension>
        </extensions>
      </trkpt>
      <trkpt lat="42.761808978393674" lon="-0.50675000064075">
        <ele>1526.2</ele>
        <time>2026-07-08T09:47:48Z</time>
        <extensions>
          <gpxtpx:TrackPointExtension>
            <gpxtpx:atemp>29</gpxtpx:atemp>
            <gpxtpx:hr>93</gpxtpx:hr>
            <gpxtpx:cad>0</gpxtpx:cad>
          </gpxtpx:TrackPointExtension>
          <gpxx:TrackPointExtension>
            <gpxx:Temperature>29</gpxx:Temperature>
          </gpxx:TrackPointExtension>
        </extensions>
      </trkpt>
      <trkpt lat="42.761807972565293" lon="-0.506747988983989">
        <ele>1526.4000000000001</ele>
        <time>2026-07-08T09:47:50Z</time>
        <extensions>
          <gpxtpx:TrackPointExtension>
            <gpxtpx:atemp>29</gpxtpx:atemp>
            <gpxtpx:hr>96</gpxtpx:hr>
            <gpxtpx:cad>0</gpxtpx:cad>
          </gpxtpx:TrackPointExtension>
          <gpxx:TrackPointExtension>
            <gpxx:Temperature>29</gpxx:Temperature>
          </gpxx:TrackPointExtension>
        </extensions>
      </trkpt>
      <trkpt lat="42.761807972565293" lon="-0.506745977327228">
        <ele>1526.5999999999999</ele>
        <time>2026-07-08T09:47:53Z</time>
        <extensions>
          <gpxtpx:TrackPointExtension>
            <gpxtpx:atemp>29</gpxtpx:atemp>
            <gpxtpx:hr>99</gpxtpx:hr>
            <gpxtpx:cad>0</gpxtpx:cad>
          </gpxtpx:TrackPointExtension>
          <gpxx:TrackPointExtension>
            <gpxx:Temperature>29</gpxx:Temperature>
          </gpxx:TrackPointExtension>
        </extensions>
      </trkpt>
      <trkpt lat="42.761806966736913" lon="-0.506739020347595">
        <ele>1527.2</ele>
        <time>2026-07-08T09:48:02Z</time>
        <extensions>
          <gpxtpx:TrackPointExtension>
            <gpxtpx:atemp>29</gpxtpx:atemp>
            <gpxtpx:hr>96</gpxtpx:hr>
            <gpxtpx:cad>0</gpxtpx:cad>
          </gpxtpx:TrackPointExtension>
          <gpxx:TrackPointExtension>
            <gpxx:Temperature>29</gpxx:Temperature>
          </gpxx:TrackPointExtension>
        </extensions>
      </trkpt>
      <trkpt lat="42.761806966736913" lon="-0.506736002862453">
        <ele>1527.4000000000001</ele>
        <time>2026-07-08T09:48:05Z</time>
        <extensions>
          <gpxtpx:TrackPointExtension>
            <gpxtpx:atemp>29</gpxtpx:atemp>
            <gpxtpx:hr>94</gpxtpx:hr>
            <gpxtpx:cad>0</gpxtpx:cad>
          </gpxtpx:TrackPointExtension>
          <gpxx:TrackPointExtension>
            <gpxx:Temperature>29</gpxx:Temperature>
          </gpxx:TrackPointExtension>
        </extensions>
      </trkpt>
      <trkpt lat="42.761805960908532" lon="-0.506732985377312">
        <ele>1527.4000000000001</ele>
        <time>2026-07-08T09:48:09Z</time>
        <extensions>
          <gpxtpx:TrackPointExtension>
            <gpxtpx:atemp>29</gpxtpx:atemp>
            <gpxtpx:hr>91</gpxtpx:hr>
            <gpxtpx:cad>0</gpxtpx:cad>
          </gpxtpx:TrackPointExtension>
          <gpxx:TrackPointExtension>
            <gpxx:Temperature>29</gpxx:Temperature>
          </gpxx:TrackPointExtension>
        </extensions>
      </trkpt>
      <trkpt lat="42.761804033070803" lon="-0.506719993427396">
        <ele>1528.2</ele>
        <time>2026-07-08T09:48:27Z</time>
        <extensions>
          <gpxtpx:TrackPointExtension>
            <gpxtpx:atemp>30</gpxtpx:atemp>
            <gpxtpx:hr>94</gpxtpx:hr>
            <gpxtpx:cad>0</gpxtpx:cad>
          </gpxtpx:TrackPointExtension>
          <gpxx:TrackPointExtension>
            <gpxx:Temperature>30</gpxx:Temperature>
          </gpxx:TrackPointExtension>
        </extensions>
      </trkpt>
      <trkpt lat="42.761804033070803" lon="-0.506716975942254">
        <ele>1528.2</ele>
        <time>2026-07-08T09:48:31Z</time>
        <extensions>
          <gpxtpx:TrackPointExtension>
            <gpxtpx:atemp>30</gpxtpx:atemp>
            <gpxtpx:hr>98</gpxtpx:hr>
            <gpxtpx:cad>0</gpxtpx:cad>
          </gpxtpx:TrackPointExtension>
          <gpxx:TrackPointExtension>
            <gpxx:Temperature>30</gpxx:Temperature>
          </gpxx:TrackPointExtension>
        </extensions>
      </trkpt>
      <trkpt lat="42.761803027242422" lon="-0.506713036447763">
        <ele>1528.4000000000001</ele>
        <time>2026-07-08T09:48:36Z</time>
        <extensions>
          <gpxtpx:TrackPointExtension>
            <gpxtpx:atemp>30</gpxtpx:atemp>
            <gpxtpx:hr>99</gpxtpx:hr>
            <gpxtpx:cad>0</gpxtpx:cad>
          </gpxtpx:TrackPointExtension>
          <gpxx:TrackPointExtension>
            <gpxx:Temperature>30</gpxx:Temperature>
          </gpxx:TrackPointExtension>
        </extensions>
      </trkpt>
      <trkpt lat="42.761803027242422" lon="-0.506711024791002">
        <ele>1528.8</ele>
        <time>2026-07-08T09:48:39Z</time>
        <extensions>
          <gpxtpx:TrackPointExtension>
            <gpxtpx:atemp>30</gpxtpx:atemp>
            <gpxtpx:hr>95</gpxtpx:hr>
            <gpxtpx:cad>0</gpxtpx:cad>
          </gpxtpx:TrackPointExtension>
          <gpxx:TrackPointExtension>
            <gpxx:Temperature>30</gpxx:Temperature>
          </gpxx:TrackPointExtension>
        </extensions>
      </trkpt>
      <trkpt lat="42.761802021414042" lon="-0.50670700147748">
        <ele>1528.5999999999999</ele>
        <time>2026-07-08T09:48:46Z</time>
        <extensions>
          <gpxtpx:TrackPointExtension>
            <gpxtpx:atemp>30</gpxtpx:atemp>
            <gpxtpx:hr>98</gpxtpx:hr>
            <gpxtpx:cad>0</gpxtpx:cad>
          </gpxtpx:TrackPointExtension>
          <gpxx:TrackPointExtension>
            <gpxx:Temperature>30</gpxx:Temperature>
          </gpxx:TrackPointExtension>
        </extensions>
      </trkpt>
      <trkpt lat="42.761802021414042" lon="-0.506701972335577">
        <ele>1529.4000000000001</ele>
        <time>2026-07-08T09:48:53Z</time>
        <extensions>
          <gpxtpx:TrackPointExtension>
            <gpxtpx:atemp>30</gpxtpx:atemp>
            <gpxtpx:hr>95</gpxtpx:hr>
            <gpxtpx:cad>0</gpxtpx:cad>
          </gpxtpx:TrackPointExtension>
          <gpxx:TrackPointExtension>
            <gpxx:Temperature>30</gpxx:Temperature>
          </gpxx:TrackPointExtension>
        </extensions>
      </trkpt>
      <trkpt lat="42.761802021414042" lon="-0.506700966507196">
        <ele>1529.5999999999999</ele>
        <time>2026-07-08T09:48:55Z</time>
        <extensions>
          <gpxtpx:TrackPointExtension>
            <gpxtpx:atemp>30</gpxtpx:atemp>
            <gpxtpx:hr>93</gpxtpx:hr>
            <gpxtpx:cad>0</gpxtpx:cad>
          </gpxtpx:TrackPointExtension>
          <gpxx:TrackPointExtension>
            <gpxx:Temperature>30</gpxx:Temperature>
          </gpxx:TrackPointExtension>
        </extensions>
      </trkpt>
      <trkpt lat="42.761802021414042" lon="-0.506699038669467">
        <ele>1529.4000000000001</ele>
        <time>2026-07-08T09:48:58Z</time>
        <extensions>
          <gpxtpx:TrackPointExtension>
            <gpxtpx:atemp>30</gpxtpx:atemp>
            <gpxtpx:hr>90</gpxtpx:hr>
            <gpxtpx:cad>0</gpxtpx:cad>
          </gpxtpx:TrackPointExtension>
          <gpxx:TrackPointExtension>
            <gpxx:Temperature>30</gpxx:Temperature>
          </gpxx:TrackPointExtension>
        </extensions>
      </trkpt>
      <trkpt lat="42.761801015585661" lon="-0.506697027012706">
        <ele>1529.5999999999999</ele>
        <time>2026-07-08T09:49:02Z</time>
        <extensions>
          <gpxtpx:TrackPointExtension>
            <gpxtpx:atemp>30</gpxtpx:atemp>
            <gpxtpx:hr>87</gpxtpx:hr>
            <gpxtpx:cad>0</gpxtpx:cad>
          </gpxtpx:TrackPointExtension>
          <gpxx:TrackPointExtension>
            <gpxx:Temperature>30</gpxx:Temperature>
          </gpxx:TrackPointExtension>
        </extensions>
      </trkpt>
      <trkpt lat="42.761801015585661" lon="-0.506694009527564">
        <ele>1530</ele>
        <time>2026-07-08T09:49:06Z</time>
        <extensions>
          <gpxtpx:TrackPointExtension>
            <gpxtpx:atemp>30</gpxtpx:atemp>
            <gpxtpx:hr>84</gpxtpx:hr>
            <gpxtpx:cad>0</gpxtpx:cad>
          </gpxtpx:TrackPointExtension>
          <gpxx:TrackPointExtension>
            <gpxx:Temperature>30</gpxx:Temperature>
          </gpxx:TrackPointExtension>
        </extensions>
      </trkpt>
      <trkpt lat="42.76180000975728" lon="-0.506680011749268">
        <ele>1530.5999999999999</ele>
        <time>2026-07-08T09:49:32Z</time>
        <extensions>
          <gpxtpx:TrackPointExtension>
            <gpxtpx:atemp>30</gpxtpx:atemp>
            <gpxtpx:hr>86</gpxtpx:hr>
            <gpxtpx:cad>0</gpxtpx:cad>
          </gpxtpx:TrackPointExtension>
          <gpxx:TrackPointExtension>
            <gpxx:Temperature>30</gpxx:Temperature>
          </gpxx:TrackPointExtension>
        </extensions>
      </trkpt>
      <trkpt lat="42.76180000975728" lon="-0.506675988435745">
        <ele>1530.5999999999999</ele>
        <time>2026-07-08T09:49:41Z</time>
        <extensions>
          <gpxtpx:TrackPointExtension>
            <gpxtpx:atemp>30</gpxtpx:atemp>
            <gpxtpx:hr>89</gpxtpx:hr>
            <gpxtpx:cad>0</gpxtpx:cad>
          </gpxtpx:TrackPointExtension>
          <gpxx:TrackPointExtension>
            <gpxx:Temperature>30</gpxx:Temperature>
          </gpxx:TrackPointExtension>
        </extensions>
      </trkpt>
      <trkpt lat="42.761801015585661" lon="-0.506660984829068">
        <ele>1531.4000000000001</ele>
        <time>2026-07-08T09:50:12Z</time>
        <extensions>
          <gpxtpx:TrackPointExtension>
            <gpxtpx:atemp>30</gpxtpx:atemp>
            <gpxtpx:hr>92</gpxtpx:hr>
            <gpxtpx:cad>0</gpxtpx:cad>
          </gpxtpx:TrackPointExtension>
          <gpxx:TrackPointExtension>
            <gpxx:Temperature>30</gpxx:Temperature>
          </gpxx:TrackPointExtension>
        </extensions>
      </trkpt>
      <trkpt lat="42.761801015585661" lon="-0.506657967343926">
        <ele>1531.5999999999999</ele>
        <time>2026-07-08T09:50:21Z</time>
        <extensions>
          <gpxtpx:TrackPointExtension>
            <gpxtpx:atemp>30</gpxtpx:atemp>
            <gpxtpx:hr>94</gpxtpx:hr>
            <gpxtpx:cad>0</gpxtpx:cad>
          </gpxtpx:TrackPointExtension>
          <gpxx:TrackPointExtension>
            <gpxx:Temperature>30</gpxx:Temperature>
          </gpxx:TrackPointExtension>
        </extensions>
      </trkpt>
      <trkpt lat="42.761803027242422" lon="-0.506645981222391">
        <ele>1532.2</ele>
        <time>2026-07-08T09:50:52Z</time>
        <extensions>
          <gpxtpx:TrackPointExtension>
            <gpxtpx:atemp>30</gpxtpx:atemp>
            <gpxtpx:hr>91</gpxtpx:hr>
            <gpxtpx:cad>0</gpxtpx:cad>
          </gpxtpx:TrackPointExtension>
          <gpxx:TrackPointExtension>
            <gpxx:Temperature>30</gpxx:Temperature>
          </gpxx:TrackPointExtension>
        </extensions>
      </trkpt>
      <trkpt lat="42.761803027242422" lon="-0.50664396956563">
        <ele>1532.5999999999999</ele>
        <time>2026-07-08T09:50:57Z</time>
        <extensions>
          <gpxtpx:TrackPointExtension>
            <gpxtpx:atemp>30</gpxtpx:atemp>
            <gpxtpx:hr>91</gpxtpx:hr>
            <gpxtpx:cad>0</gpxtpx:cad>
          </gpxtpx:TrackPointExtension>
          <gpxx:TrackPointExtension>
            <gpxx:Temperature>30</gpxx:Temperature>
          </gpxx:TrackPointExtension>
        </extensions>
      </trkpt>
      <trkpt lat="42.761805038899183" lon="-0.506638018414378">
        <ele>1532.5999999999999</ele>
        <time>2026-07-08T09:51:14Z</time>
        <extensions>
          <gpxtpx:TrackPointExtension>
            <gpxtpx:atemp>30</gpxtpx:atemp>
            <gpxtpx:hr>88</gpxtpx:hr>
            <gpxtpx:cad>0</gpxtpx:cad>
          </gpxtpx:TrackPointExtension>
          <gpxx:TrackPointExtension>
            <gpxx:Temperature>30</gpxx:Temperature>
          </gpxx:TrackPointExtension>
        </extensions>
      </trkpt>
      <trkpt lat="42.761805960908532" lon="-0.506633995100856">
        <ele>1533.5999999999999</ele>
        <time>2026-07-08T09:51:28Z</time>
        <extensions>
          <gpxtpx:TrackPointExtension>
            <gpxtpx:atemp>30</gpxtpx:atemp>
            <gpxtpx:hr>88</gpxtpx:hr>
            <gpxtpx:cad>0</gpxtpx:cad>
          </gpxtpx:TrackPointExtension>
          <gpxx:TrackPointExtension>
            <gpxx:Temperature>30</gpxx:Temperature>
          </gpxx:TrackPointExtension>
        </extensions>
      </trkpt>
      <trkpt lat="42.761805960908532" lon="-0.506630977615714">
        <ele>1534</ele>
        <time>2026-07-08T09:51:35Z</time>
        <extensions>
          <gpxtpx:TrackPointExtension>
            <gpxtpx:atemp>30</gpxtpx:atemp>
            <gpxtpx:hr>91</gpxtpx:hr>
            <gpxtpx:cad>0</gpxtpx:cad>
          </gpxtpx:TrackPointExtension>
          <gpxx:TrackPointExtension>
            <gpxx:Temperature>30</gpxx:Temperature>
          </gpxx:TrackPointExtension>
        </extensions>
      </trkpt>
      <trkpt lat="42.761806966736913" lon="-0.506627038121223">
        <ele>1534.5999999999999</ele>
        <time>2026-07-08T09:51:45Z</time>
        <extensions>
          <gpxtpx:TrackPointExtension>
            <gpxtpx:atemp>30</gpxtpx:atemp>
            <gpxtpx:hr>93</gpxtpx:hr>
            <gpxtpx:cad>0</gpxtpx:cad>
          </gpxtpx:TrackPointExtension>
          <gpxx:TrackPointExtension>
            <gpxx:Temperature>30</gpxx:Temperature>
          </gpxx:TrackPointExtension>
        </extensions>
      </trkpt>
      <trkpt lat="42.761807972565293" lon="-0.506625026464462">
        <ele>1534.4000000000001</ele>
        <time>2026-07-08T09:51:52Z</time>
        <extensions>
          <gpxtpx:TrackPointExtension>
            <gpxtpx:atemp>30</gpxtpx:atemp>
            <gpxtpx:hr>90</gpxtpx:hr>
            <gpxtpx:cad>0</gpxtpx:cad>
          </gpxtpx:TrackPointExtension>
          <gpxx:TrackPointExtension>
            <gpxx:Temperature>30</gpxx:Temperature>
          </gpxx:TrackPointExtension>
        </extensions>
      </trkpt>
      <trkpt lat="42.761808978393674" lon="-0.506622008979321">
        <ele>1534.5999999999999</ele>
        <time>2026-07-08T09:51:59Z</time>
        <extensions>
          <gpxtpx:TrackPointExtension>
            <gpxtpx:atemp>30</gpxtpx:atemp>
            <gpxtpx:hr>93</gpxtpx:hr>
            <gpxtpx:cad>0</gpxtpx:cad>
          </gpxtpx:TrackPointExtension>
          <gpxx:TrackPointExtension>
            <gpxx:Temperature>30</gpxx:Temperature>
          </gpxx:TrackPointExtension>
        </extensions>
      </trkpt>
      <trkpt lat="42.761809984222054" lon="-0.50662100315094">
        <ele>1534.5999999999999</ele>
        <time>2026-07-08T09:52:02Z</time>
        <extensions>
          <gpxtpx:TrackPointExtension>
            <gpxtpx:atemp>30</gpxtpx:atemp>
            <gpxtpx:hr>96</gpxtpx:hr>
            <gpxtpx:cad>0</gpxtpx:cad>
          </gpxtpx:TrackPointExtension>
          <gpxx:TrackPointExtension>
            <gpxx:Temperature>30</gpxx:Temperature>
          </gpxx:TrackPointExtension>
        </extensions>
      </trkpt>
      <trkpt lat="42.761814007535577" lon="-0.506611028686166">
        <ele>1533.4000000000001</ele>
        <time>2026-07-08T09:52:33Z</time>
        <extensions>
          <gpxtpx:TrackPointExtension>
            <gpxtpx:atemp>30</gpxtpx:atemp>
            <gpxtpx:hr>99</gpxtpx:hr>
            <gpxtpx:cad>0</gpxtpx:cad>
          </gpxtpx:TrackPointExtension>
          <gpxx:TrackPointExtension>
            <gpxx:Temperature>30</gpxx:Temperature>
          </gpxx:TrackPointExtension>
        </extensions>
      </trkpt>
      <trkpt lat="42.761815013363957" lon="-0.506608011201024">
        <ele>1533.5999999999999</ele>
        <time>2026-07-08T09:52:44Z</time>
        <extensions>
          <gpxtpx:TrackPointExtension>
            <gpxtpx:atemp>30</gpxtpx:atemp>
            <gpxtpx:hr>95</gpxtpx:hr>
            <gpxtpx:cad>0</gpxtpx:cad>
          </gpxtpx:TrackPointExtension>
          <gpxx:TrackPointExtension>
            <gpxx:Temperature>30</gpxx:Temperature>
          </gpxx:TrackPointExtension>
        </extensions>
      </trkpt>
      <trkpt lat="42.761816019192338" lon="-0.506607005372643">
        <ele>1533.8</ele>
        <time>2026-07-08T09:52:48Z</time>
        <extensions>
          <gpxtpx:TrackPointExtension>
            <gpxtpx:atemp>30</gpxtpx:atemp>
            <gpxtpx:hr>98</gpxtpx:hr>
            <gpxtpx:cad>0</gpxtpx:cad>
          </gpxtpx:TrackPointExtension>
          <gpxx:TrackPointExtension>
            <gpxx:Temperature>30</gpxx:Temperature>
          </gpxx:TrackPointExtension>
        </extensions>
      </trkpt>
      <trkpt lat="42.761816019192338" lon="-0.506605999544263">
        <ele>1534.2</ele>
        <time>2026-07-08T09:52:52Z</time>
        <extensions>
          <gpxtpx:TrackPointExtension>
            <gpxtpx:atemp>30</gpxtpx:atemp>
            <gpxtpx:hr>95</gpxtpx:hr>
            <gpxtpx:cad>0</gpxtpx:cad>
          </gpxtpx:TrackPointExtension>
          <gpxx:TrackPointExtension>
            <gpxx:Temperature>30</gpxx:Temperature>
          </gpxx:TrackPointExtension>
        </extensions>
      </trkpt>
      <trkpt lat="42.761816019192338" lon="-0.506603987887502">
        <ele>1534.2</ele>
        <time>2026-07-08T09:52:58Z</time>
        <extensions>
          <gpxtpx:TrackPointExtension>
            <gpxtpx:atemp>30</gpxtpx:atemp>
            <gpxtpx:hr>98</gpxtpx:hr>
            <gpxtpx:cad>0</gpxtpx:cad>
          </gpxtpx:TrackPointExtension>
          <gpxx:TrackPointExtension>
            <gpxx:Temperature>30</gpxx:Temperature>
          </gpxx:TrackPointExtension>
        </extensions>
      </trkpt>
      <trkpt lat="42.761817025020719" lon="-0.506603987887502">
        <ele>1534.2</ele>
        <time>2026-07-08T09:52:59Z</time>
        <extensions>
          <gpxtpx:TrackPointExtension>
            <gpxtpx:atemp>30</gpxtpx:atemp>
            <gpxtpx:hr>94</gpxtpx:hr>
            <gpxtpx:cad>0</gpxtpx:cad>
          </gpxtpx:TrackPointExtension>
          <gpxx:TrackPointExtension>
            <gpxx:Temperature>30</gpxx:Temperature>
          </gpxx:TrackPointExtension>
        </extensions>
      </trkpt>
      <trkpt lat="42.761817025020719" lon="-0.506603987887502">
        <ele>1534.2</ele>
        <time>2026-07-08T09:53:00Z</time>
        <extensions>
          <gpxtpx:TrackPointExtension>
            <gpxtpx:atemp>30</gpxtpx:atemp>
            <gpxtpx:hr>97</gpxtpx:hr>
            <gpxtpx:cad>0</gpxtpx:cad>
          </gpxtpx:TrackPointExtension>
          <gpxx:TrackPointExtension>
            <gpxx:Temperature>30</gpxx:Temperature>
          </gpxx:TrackPointExtension>
        </extensions>
      </trkpt>
      <trkpt lat="42.761817025020719" lon="-0.506599964573979">
        <ele>1534.2</ele>
        <time>2026-07-08T09:53:11Z</time>
        <extensions>
          <gpxtpx:TrackPointExtension>
            <gpxtpx:atemp>30</gpxtpx:atemp>
            <gpxtpx:hr>94</gpxtpx:hr>
            <gpxtpx:cad>0</gpxtpx:cad>
          </gpxtpx:TrackPointExtension>
          <gpxx:TrackPointExtension>
            <gpxx:Temperature>30</gpxx:Temperature>
          </gpxx:TrackPointExtension>
        </extensions>
      </trkpt>
      <trkpt lat="42.761856000870466" lon="-0.506490999832749">
        <ele>1534.4000000000001</ele>
        <time>2026-07-08T09:53:16Z</time>
        <extensions>
          <gpxtpx:TrackPointExtension>
            <gpxtpx:atemp>30</gpxtpx:atemp>
            <gpxtpx:hr>93</gpxtpx:hr>
            <gpxtpx:cad>0</gpxtpx:cad>
          </gpxtpx:TrackPointExtension>
          <gpxx:TrackPointExtension>
            <gpxx:Temperature>30</gpxx:Temperature>
          </gpxx:TrackPointExtension>
        </extensions>
      </trkpt>
      <trkpt lat="42.761899000033736" lon="-0.506377005949616">
        <ele>1534.5999999999999</ele>
        <time>2026-07-08T09:53:21Z</time>
        <extensions>
          <gpxtpx:TrackPointExtension>
            <gpxtpx:atemp>30</gpxtpx:atemp>
            <gpxtpx:hr>91</gpxtpx:hr>
            <gpxtpx:cad>0</gpxtpx:cad>
          </gpxtpx:TrackPointExtension>
          <gpxx:TrackPointExtension>
            <gpxx:Temperature>30</gpxx:Temperature>
          </gpxx:TrackPointExtension>
        </extensions>
      </trkpt>
      <trkpt lat="42.761915009468794" lon="-0.506352027878165">
        <ele>1534.5999999999999</ele>
        <time>2026-07-08T09:53:26Z</time>
        <extensions>
          <gpxtpx:TrackPointExtension>
            <gpxtpx:atemp>30</gpxtpx:atemp>
            <gpxtpx:hr>88</gpxtpx:hr>
            <gpxtpx:cad>0</gpxtpx:cad>
          </gpxtpx:TrackPointExtension>
          <gpxx:TrackPointExtension>
            <gpxx:Temperature>30</gpxx:Temperature>
          </gpxx:TrackPointExtension>
        </extensions>
      </trkpt>
      <trkpt lat="42.761922972276807" lon="-0.506325038149953">
        <ele>1534.4000000000001</ele>
        <time>2026-07-08T09:53:31Z</time>
        <extensions>
          <gpxtpx:TrackPointExtension>
            <gpxtpx:atemp>30</gpxtpx:atemp>
            <gpxtpx:hr>88</gpxtpx:hr>
            <gpxtpx:cad>0</gpxtpx:cad>
          </gpxtpx:TrackPointExtension>
          <gpxx:TrackPointExtension>
            <gpxx:Temperature>30</gpxx:Temperature>
          </gpxx:TrackPointExtension>
        </extensions>
      </trkpt>
      <trkpt lat="42.76192800141871" lon="-0.50632000900805">
        <ele>1534.2</ele>
        <time>2026-07-08T09:53:37Z</time>
        <extensions>
          <gpxtpx:TrackPointExtension>
            <gpxtpx:atemp>30</gpxtpx:atemp>
            <gpxtpx:hr>90</gpxtpx:hr>
            <gpxtpx:cad>0</gpxtpx:cad>
          </gpxtpx:TrackPointExtension>
          <gpxx:TrackPointExtension>
            <gpxx:Temperature>30</gpxx:Temperature>
          </gpxx:TrackPointExtension>
        </extensions>
      </trkpt>
      <trkpt lat="42.761945016682148" lon="-0.506368037313223">
        <ele>1533.5999999999999</ele>
        <time>2026-07-08T09:53:52Z</time>
        <extensions>
          <gpxtpx:TrackPointExtension>
            <gpxtpx:atemp>30</gpxtpx:atemp>
            <gpxtpx:hr>92</gpxtpx:hr>
            <gpxtpx:cad>0</gpxtpx:cad>
          </gpxtpx:TrackPointExtension>
          <gpxx:TrackPointExtension>
            <gpxx:Temperature>30</gpxx:Temperature>
          </gpxx:TrackPointExtension>
        </extensions>
      </trkpt>
      <trkpt lat="42.76197200641036" lon="-0.506396032869816">
        <ele>1534.2</ele>
        <time>2026-07-08T09:53:58Z</time>
        <extensions>
          <gpxtpx:TrackPointExtension>
            <gpxtpx:atemp>30</gpxtpx:atemp>
            <gpxtpx:hr>93</gpxtpx:hr>
            <gpxtpx:cad>0</gpxtpx:cad>
          </gpxtpx:TrackPointExtension>
          <gpxx:TrackPointExtension>
            <gpxx:Temperature>30</gpxx:Temperature>
          </gpxx:TrackPointExtension>
        </extensions>
      </trkpt>
      <trkpt lat="42.761979969218373" lon="-0.506370970979333">
        <ele>1534.4000000000001</ele>
        <time>2026-07-08T09:54:00Z</time>
        <extensions>
          <gpxtpx:TrackPointExtension>
            <gpxtpx:atemp>30</gpxtpx:atemp>
            <gpxtpx:hr>96</gpxtpx:hr>
            <gpxtpx:cad>75</gpxtpx:cad>
          </gpxtpx:TrackPointExtension>
          <gpxx:TrackPointExtension>
            <gpxx:Temperature>30</gpxx:Temperature>
          </gpxx:TrackPointExtension>
        </extensions>
      </trkpt>
      <trkpt lat="42.761986004188657" lon="-0.506364013999701">
        <ele>1534.5999999999999</ele>
        <time>2026-07-08T09:54:01Z</time>
        <extensions>
          <gpxtpx:TrackPointExtension>
            <gpxtpx:atemp>30</gpxtpx:atemp>
            <gpxtpx:hr>93</gpxtpx:hr>
            <gpxtpx:cad>75</gpxtpx:cad>
          </gpxtpx:TrackPointExtension>
          <gpxx:TrackPointExtension>
            <gpxx:Temperature>30</gpxx:Temperature>
          </gpxx:TrackPointExtension>
        </extensions>
      </trkpt>
      <trkpt lat="42.761996984481812" lon="-0.50634297542274">
        <ele>1534.8</ele>
        <time>2026-07-08T09:54:03Z</time>
        <extensions>
          <gpxtpx:TrackPointExtension>
            <gpxtpx:atemp>30</gpxtpx:atemp>
            <gpxtpx:hr>93</gpxtpx:hr>
            <gpxtpx:cad>70</gpxtpx:cad>
          </gpxtpx:TrackPointExtension>
          <gpxx:TrackPointExtension>
            <gpxx:Temperature>30</gpxx:Temperature>
          </gpxx:TrackPointExtension>
        </extensions>
      </trkpt>
      <trkpt lat="42.762000001966953" lon="-0.506338030099869">
        <ele>1534.8</ele>
        <time>2026-07-08T09:54:04Z</time>
        <extensions>
          <gpxtpx:TrackPointExtension>
            <gpxtpx:atemp>30</gpxtpx:atemp>
            <gpxtpx:hr>93</gpxtpx:hr>
            <gpxtpx:cad>70</gpxtpx:cad>
          </gpxtpx:TrackPointExtension>
          <gpxx:TrackPointExtension>
            <gpxx:Temperature>30</gpxx:Temperature>
          </gpxx:TrackPointExtension>
        </extensions>
      </trkpt>
      <trkpt lat="42.762026991695166" lon="-0.506267035380006">
        <ele>1534.8</ele>
        <time>2026-07-08T09:54:11Z</time>
        <extensions>
          <gpxtpx:TrackPointExtension>
            <gpxtpx:atemp>30</gpxtpx:atemp>
            <gpxtpx:hr>92</gpxtpx:hr>
            <gpxtpx:cad>0</gpxtpx:cad>
          </gpxtpx:TrackPointExtension>
          <gpxx:TrackPointExtension>
            <gpxx:Temperature>30</gpxx:Temperature>
          </gpxx:TrackPointExtension>
        </extensions>
      </trkpt>
      <trkpt lat="42.762039983645082" lon="-0.506235016509891">
        <ele>1534.8</ele>
        <time>2026-07-08T09:54:17Z</time>
        <extensions>
          <gpxtpx:TrackPointExtension>
            <gpxtpx:atemp>30</gpxtpx:atemp>
            <gpxtpx:hr>90</gpxtpx:hr>
            <gpxtpx:cad>0</gpxtpx:cad>
          </gpxtpx:TrackPointExtension>
          <gpxx:TrackPointExtension>
            <gpxx:Temperature>30</gpxx:Temperature>
          </gpxx:TrackPointExtension>
        </extensions>
      </trkpt>
      <trkpt lat="42.762072002515197" lon="-0.506235016509891">
        <ele>1533.5999999999999</ele>
        <time>2026-07-08T09:54:23Z</time>
        <extensions>
          <gpxtpx:TrackPointExtension>
            <gpxtpx:atemp>30</gpxtpx:atemp>
            <gpxtpx:hr>90</gpxtpx:hr>
            <gpxtpx:cad>0</gpxtpx:cad>
          </gpxtpx:TrackPointExtension>
          <gpxx:TrackPointExtension>
            <gpxx:Temperature>30</gpxx:Temperature>
          </gpxx:TrackPointExtension>
        </extensions>
      </trkpt>
      <trkpt lat="42.76207803748548" lon="-0.506228981539607">
        <ele>1533</ele>
        <time>2026-07-08T09:54:25Z</time>
        <extensions>
          <gpxtpx:TrackPointExtension>
            <gpxtpx:atemp>30</gpxtpx:atemp>
            <gpxtpx:hr>90</gpxtpx:hr>
            <gpxtpx:cad>0</gpxtpx:cad>
          </gpxtpx:TrackPointExtension>
          <gpxx:TrackPointExtension>
            <gpxx:Temperature>30</gpxx:Temperature>
          </gpxx:TrackPointExtension>
        </extensions>
      </trkpt>
      <trkpt lat="42.762083988636732" lon="-0.506218001246452">
        <ele>1532.4000000000001</ele>
        <time>2026-07-08T09:54:28Z</time>
        <extensions>
          <gpxtpx:TrackPointExtension>
            <gpxtpx:atemp>30</gpxtpx:atemp>
            <gpxtpx:hr>91</gpxtpx:hr>
            <gpxtpx:cad>0</gpxtpx:cad>
          </gpxtpx:TrackPointExtension>
          <gpxx:TrackPointExtension>
            <gpxx:Temperature>30</gpxx:Temperature>
          </gpxx:TrackPointExtension>
        </extensions>
      </trkpt>
      <trkpt lat="42.762087006121874" lon="-0.506200985983014">
        <ele>1531.2</ele>
        <time>2026-07-08T09:54:34Z</time>
        <extensions>
          <gpxtpx:TrackPointExtension>
            <gpxtpx:atemp>30</gpxtpx:atemp>
            <gpxtpx:hr>91</gpxtpx:hr>
            <gpxtpx:cad>0</gpxtpx:cad>
          </gpxtpx:TrackPointExtension>
          <gpxx:TrackPointExtension>
            <gpxx:Temperature>30</gpxx:Temperature>
          </gpxx:TrackPointExtension>
        </extensions>
      </trkpt>
      <trkpt lat="42.762094968929887" lon="-0.506187994033098">
        <ele>1530.2</ele>
        <time>2026-07-08T09:54:38Z</time>
        <extensions>
          <gpxtpx:TrackPointExtension>
            <gpxtpx:atemp>30</gpxtpx:atemp>
            <gpxtpx:hr>88</gpxtpx:hr>
            <gpxtpx:cad>0</gpxtpx:cad>
          </gpxtpx:TrackPointExtension>
          <gpxx:TrackPointExtension>
            <gpxx:Temperature>30</gpxx:Temperature>
          </gpxx:TrackPointExtension>
        </extensions>
      </trkpt>
      <trkpt lat="42.762107038870454" lon="-0.506149018183351">
        <ele>1528.8</ele>
        <time>2026-07-08T09:54:42Z</time>
        <extensions>
          <gpxtpx:TrackPointExtension>
            <gpxtpx:atemp>30</gpxtpx:atemp>
            <gpxtpx:hr>89</gpxtpx:hr>
            <gpxtpx:cad>0</gpxtpx:cad>
          </gpxtpx:TrackPointExtension>
          <gpxx:TrackPointExtension>
            <gpxx:Temperature>30</gpxx:Temperature>
          </gpxx:TrackPointExtension>
        </extensions>
      </trkpt>
      <trkpt lat="42.762106033042073" lon="-0.506109036505222">
        <ele>1527.5999999999999</ele>
        <time>2026-07-08T09:54:45Z</time>
        <extensions>
          <gpxtpx:TrackPointExtension>
            <gpxtpx:atemp>30</gpxtpx:atemp>
            <gpxtpx:hr>91</gpxtpx:hr>
            <gpxtpx:cad>0</gpxtpx:cad>
          </gpxtpx:TrackPointExtension>
          <gpxx:TrackPointExtension>
            <gpxx:Temperature>30</gpxx:Temperature>
          </gpxx:TrackPointExtension>
        </extensions>
      </trkpt>
      <trkpt lat="42.762112990021706" lon="-0.506107024848461">
        <ele>1527.5999999999999</ele>
        <time>2026-07-08T09:54:48Z</time>
        <extensions>
          <gpxtpx:TrackPointExtension>
            <gpxtpx:atemp>30</gpxtpx:atemp>
            <gpxtpx:hr>94</gpxtpx:hr>
            <gpxtpx:cad>0</gpxtpx:cad>
          </gpxtpx:TrackPointExtension>
          <gpxx:TrackPointExtension>
            <gpxx:Temperature>30</gpxx:Temperature>
          </gpxx:TrackPointExtension>
        </extensions>
      </trkpt>
      <trkpt lat="42.762112990021706" lon="-0.506071988493204">
        <ele>1527.2</ele>
        <time>2026-07-08T09:54:54Z</time>
        <extensions>
          <gpxtpx:TrackPointExtension>
            <gpxtpx:atemp>30</gpxtpx:atemp>
            <gpxtpx:hr>96</gpxtpx:hr>
            <gpxtpx:cad>0</gpxtpx:cad>
          </gpxtpx:TrackPointExtension>
          <gpxx:TrackPointExtension>
            <gpxx:Temperature>30</gpxx:Temperature>
          </gpxx:TrackPointExtension>
        </extensions>
      </trkpt>
      <trkpt lat="42.762109972536564" lon="-0.506000993773341">
        <ele>1526.5999999999999</ele>
        <time>2026-07-08T09:54:58Z</time>
        <extensions>
          <gpxtpx:TrackPointExtension>
            <gpxtpx:atemp>31</gpxtpx:atemp>
            <gpxtpx:hr>94</gpxtpx:hr>
            <gpxtpx:cad>43</gpxtpx:cad>
          </gpxtpx:TrackPointExtension>
          <gpxx:TrackPointExtension>
            <gpxx:Temperature>31</gpxx:Temperature>
          </gpxx:TrackPointExtension>
        </extensions>
      </trkpt>
      <trkpt lat="42.76210100390017" lon="-0.505994036793709">
        <ele>1526.4000000000001</ele>
        <time>2026-07-08T09:55:00Z</time>
        <extensions>
          <gpxtpx:TrackPointExtension>
            <gpxtpx:atemp>31</gpxtpx:atemp>
            <gpxtpx:hr>95</gpxtpx:hr>
            <gpxtpx:cad>43</gpxtpx:cad>
          </gpxtpx:TrackPointExtension>
          <gpxx:TrackPointExtension>
            <gpxx:Temperature>31</gpxx:Temperature>
          </gpxx:TrackPointExtension>
        </extensions>
      </trkpt>
      <trkpt lat="42.762102009728551" lon="-0.505959000438452">
        <ele>1525.5999999999999</ele>
        <time>2026-07-08T09:55:04Z</time>
        <extensions>
          <gpxtpx:TrackPointExtension>
            <gpxtpx:atemp>31</gpxtpx:atemp>
            <gpxtpx:hr>97</gpxtpx:hr>
            <gpxtpx:cad>40</gpxtpx:cad>
          </gpxtpx:TrackPointExtension>
          <gpxx:TrackPointExtension>
            <gpxx:Temperature>31</gpxx:Temperature>
          </gpxx:TrackPointExtension>
        </extensions>
      </trkpt>
      <trkpt lat="42.762090023607016" lon="-0.505902003496885">
        <ele>1524.8</ele>
        <time>2026-07-08T09:55:07Z</time>
        <extensions>
          <gpxtpx:TrackPointExtension>
            <gpxtpx:atemp>31</gpxtpx:atemp>
            <gpxtpx:hr>95</gpxtpx:hr>
            <gpxtpx:cad>40</gpxtpx:cad>
          </gpxtpx:TrackPointExtension>
          <gpxx:TrackPointExtension>
            <gpxx:Temperature>31</gpxx:Temperature>
          </gpxx:TrackPointExtension>
        </extensions>
      </trkpt>
      <trkpt lat="42.762091029435396" lon="-0.505868978798389">
        <ele>1524.4000000000001</ele>
        <time>2026-07-08T09:55:09Z</time>
        <extensions>
          <gpxtpx:TrackPointExtension>
            <gpxtpx:atemp>31</gpxtpx:atemp>
            <gpxtpx:hr>95</gpxtpx:hr>
            <gpxtpx:cad>42</gpxtpx:cad>
          </gpxtpx:TrackPointExtension>
          <gpxx:TrackPointExtension>
            <gpxx:Temperature>31</gpxx:Temperature>
          </gpxx:TrackPointExtension>
        </extensions>
      </trkpt>
      <trkpt lat="42.762107038870454" lon="-0.505808964371681">
        <ele>1523.4000000000001</ele>
        <time>2026-07-08T09:55:15Z</time>
        <extensions>
          <gpxtpx:TrackPointExtension>
            <gpxtpx:atemp>31</gpxtpx:atemp>
            <gpxtpx:hr>95</gpxtpx:hr>
            <gpxtpx:cad>0</gpxtpx:cad>
          </gpxtpx:TrackPointExtension>
          <gpxx:TrackPointExtension>
            <gpxx:Temperature>31</gpxx:Temperature>
          </gpxx:TrackPointExtension>
        </extensions>
      </trkpt>
      <trkpt lat="42.76210100390017" lon="-0.505782980471849">
        <ele>1523</ele>
        <time>2026-07-08T09:55:17Z</time>
        <extensions>
          <gpxtpx:TrackPointExtension>
            <gpxtpx:atemp>31</gpxtpx:atemp>
            <gpxtpx:hr>96</gpxtpx:hr>
            <gpxtpx:cad>46</gpxtpx:cad>
          </gpxtpx:TrackPointExtension>
          <gpxx:TrackPointExtension>
            <gpxx:Temperature>31</gpxx:Temperature>
          </gpxx:TrackPointExtension>
        </extensions>
      </trkpt>
      <trkpt lat="42.762067979201674" lon="-0.505683990195394">
        <ele>1523</ele>
        <time>2026-07-08T09:55:27Z</time>
        <extensions>
          <gpxtpx:TrackPointExtension>
            <gpxtpx:atemp>31</gpxtpx:atemp>
            <gpxtpx:hr>94</gpxtpx:hr>
            <gpxtpx:cad>0</gpxtpx:cad>
          </gpxtpx:TrackPointExtension>
          <gpxx:TrackPointExtension>
            <gpxx:Temperature>31</gpxx:Temperature>
          </gpxx:TrackPointExtension>
        </extensions>
      </trkpt>
      <trkpt lat="42.762064961716533" lon="-0.505664041265845">
        <ele>1522.5999999999999</ele>
        <time>2026-07-08T09:55:32Z</time>
        <extensions>
          <gpxtpx:TrackPointExtension>
            <gpxtpx:atemp>31</gpxtpx:atemp>
            <gpxtpx:hr>94</gpxtpx:hr>
            <gpxtpx:cad>0</gpxtpx:cad>
          </gpxtpx:TrackPointExtension>
          <gpxx:TrackPointExtension>
            <gpxx:Temperature>31</gpxx:Temperature>
          </gpxx:TrackPointExtension>
        </extensions>
      </trkpt>
      <trkpt lat="42.762053981423378" lon="-0.505648031830788">
        <ele>1522.2</ele>
        <time>2026-07-08T09:55:34Z</time>
        <extensions>
          <gpxtpx:TrackPointExtension>
            <gpxtpx:atemp>31</gpxtpx:atemp>
            <gpxtpx:hr>95</gpxtpx:hr>
            <gpxtpx:cad>0</gpxtpx:cad>
          </gpxtpx:TrackPointExtension>
          <gpxx:TrackPointExtension>
            <gpxx:Temperature>31</gpxx:Temperature>
          </gpxx:TrackPointExtension>
        </extensions>
      </trkpt>
      <trkpt lat="42.762049958109856" lon="-0.505639985203743">
        <ele>1521.8</ele>
        <time>2026-07-08T09:55:35Z</time>
        <extensions>
          <gpxtpx:TrackPointExtension>
            <gpxtpx:atemp>31</gpxtpx:atemp>
            <gpxtpx:hr>95</gpxtpx:hr>
            <gpxtpx:cad>0</gpxtpx:cad>
          </gpxtpx:TrackPointExtension>
          <gpxx:TrackPointExtension>
            <gpxx:Temperature>31</gpxx:Temperature>
          </gpxx:TrackPointExtension>
        </extensions>
      </trkpt>
      <trkpt lat="42.762046018615365" lon="-0.505633028224111">
        <ele>1521.5999999999999</ele>
        <time>2026-07-08T09:55:38Z</time>
        <extensions>
          <gpxtpx:TrackPointExtension>
            <gpxtpx:atemp>31</gpxtpx:atemp>
            <gpxtpx:hr>98</gpxtpx:hr>
            <gpxtpx:cad>0</gpxtpx:cad>
          </gpxtpx:TrackPointExtension>
          <gpxx:TrackPointExtension>
            <gpxx:Temperature>31</gpxx:Temperature>
          </gpxx:TrackPointExtension>
        </extensions>
      </trkpt>
      <trkpt lat="42.762049958109856" lon="-0.505633028224111">
        <ele>1521.2</ele>
        <time>2026-07-08T09:55:41Z</time>
        <extensions>
          <gpxtpx:TrackPointExtension>
            <gpxtpx:atemp>31</gpxtpx:atemp>
            <gpxtpx:hr>98</gpxtpx:hr>
            <gpxtpx:cad>0</gpxtpx:cad>
          </gpxtpx:TrackPointExtension>
          <gpxx:TrackPointExtension>
            <gpxx:Temperature>31</gpxx:Temperature>
          </gpxx:TrackPointExtension>
        </extensions>
      </trkpt>
      <trkpt lat="42.762050963938236" lon="-0.505634034052491">
        <ele>1521.2</ele>
        <time>2026-07-08T09:55:42Z</time>
        <extensions>
          <gpxtpx:TrackPointExtension>
            <gpxtpx:atemp>31</gpxtpx:atemp>
            <gpxtpx:hr>97</gpxtpx:hr>
            <gpxtpx:cad>0</gpxtpx:cad>
          </gpxtpx:TrackPointExtension>
          <gpxx:TrackPointExtension>
            <gpxx:Temperature>31</gpxx:Temperature>
          </gpxx:TrackPointExtension>
        </extensions>
      </trkpt>
      <trkpt lat="42.762062028050423" lon="-0.505625987425447">
        <ele>1520.2</ele>
        <time>2026-07-08T09:55:49Z</time>
        <extensions>
          <gpxtpx:TrackPointExtension>
            <gpxtpx:atemp>31</gpxtpx:atemp>
            <gpxtpx:hr>100</gpxtpx:hr>
            <gpxtpx:cad>0</gpxtpx:cad>
          </gpxtpx:TrackPointExtension>
          <gpxx:TrackPointExtension>
            <gpxx:Temperature>31</gpxx:Temperature>
          </gpxx:TrackPointExtension>
        </extensions>
      </trkpt>
      <trkpt lat="42.762062028050423" lon="-0.505624981597066">
        <ele>1520</ele>
        <time>2026-07-08T09:55:50Z</time>
        <extensions>
          <gpxtpx:TrackPointExtension>
            <gpxtpx:atemp>31</gpxtpx:atemp>
            <gpxtpx:hr>101</gpxtpx:hr>
            <gpxtpx:cad>0</gpxtpx:cad>
          </gpxtpx:TrackPointExtension>
          <gpxx:TrackPointExtension>
            <gpxx:Temperature>31</gpxx:Temperature>
          </gpxx:TrackPointExtension>
        </extensions>
      </trkpt>
      <trkpt lat="42.762021962553263" lon="-0.505591034889221">
        <ele>1519.5999999999999</ele>
        <time>2026-07-08T09:55:55Z</time>
        <extensions>
          <gpxtpx:TrackPointExtension>
            <gpxtpx:atemp>31</gpxtpx:atemp>
            <gpxtpx:hr>101</gpxtpx:hr>
            <gpxtpx:cad>0</gpxtpx:cad>
          </gpxtpx:TrackPointExtension>
          <gpxx:TrackPointExtension>
            <gpxx:Temperature>31</gpxx:Temperature>
          </gpxx:TrackPointExtension>
        </extensions>
      </trkpt>
      <trkpt lat="42.762030009180307" lon="-0.505536971613765">
        <ele>1519.8</ele>
        <time>2026-07-08T09:56:03Z</time>
        <extensions>
          <gpxtpx:TrackPointExtension>
            <gpxtpx:atemp>31</gpxtpx:atemp>
            <gpxtpx:hr>99</gpxtpx:hr>
            <gpxtpx:cad>0</gpxtpx:cad>
          </gpxtpx:TrackPointExtension>
          <gpxx:TrackPointExtension>
            <gpxx:Temperature>31</gpxx:Temperature>
          </gpxx:TrackPointExtension>
        </extensions>
      </trkpt>
      <trkpt lat="42.762027997523546" lon="-0.505532026290894">
        <ele>1519.8</ele>
        <time>2026-07-08T09:56:04Z</time>
        <extensions>
          <gpxtpx:TrackPointExtension>
            <gpxtpx:atemp>31</gpxtpx:atemp>
            <gpxtpx:hr>102</gpxtpx:hr>
            <gpxtpx:cad>0</gpxtpx:cad>
          </gpxtpx:TrackPointExtension>
          <gpxx:TrackPointExtension>
            <gpxx:Temperature>31</gpxx:Temperature>
          </gpxx:TrackPointExtension>
        </extensions>
      </trkpt>
      <trkpt lat="42.762022968381643" lon="-0.50552599132061">
        <ele>1519.8</ele>
        <time>2026-07-08T09:56:05Z</time>
        <extensions>
          <gpxtpx:TrackPointExtension>
            <gpxtpx:atemp>31</gpxtpx:atemp>
            <gpxtpx:hr>102</gpxtpx:hr>
            <gpxtpx:cad>67</gpxtpx:cad>
          </gpxtpx:TrackPointExtension>
          <gpxx:TrackPointExtension>
            <gpxx:Temperature>31</gpxx:Temperature>
          </gpxx:TrackPointExtension>
        </extensions>
      </trkpt>
      <trkpt lat="42.762009976431727" lon="-0.505501013249159">
        <ele>1520.4000000000001</ele>
        <time>2026-07-08T09:56:09Z</time>
        <extensions>
          <gpxtpx:TrackPointExtension>
            <gpxtpx:atemp>31</gpxtpx:atemp>
            <gpxtpx:hr>105</gpxtpx:hr>
            <gpxtpx:cad>67</gpxtpx:cad>
          </gpxtpx:TrackPointExtension>
          <gpxx:TrackPointExtension>
            <gpxx:Temperature>31</gpxx:Temperature>
          </gpxx:TrackPointExtension>
        </extensions>
      </trkpt>
      <trkpt lat="42.762008970603347" lon="-0.505493972450495">
        <ele>1520.4000000000001</ele>
        <time>2026-07-08T09:56:10Z</time>
        <extensions>
          <gpxtpx:TrackPointExtension>
            <gpxtpx:atemp>31</gpxtpx:atemp>
            <gpxtpx:hr>108</gpxtpx:hr>
            <gpxtpx:cad>67</gpxtpx:cad>
          </gpxtpx:TrackPointExtension>
          <gpxx:TrackPointExtension>
            <gpxx:Temperature>31</gpxx:Temperature>
          </gpxx:TrackPointExtension>
        </extensions>
      </trkpt>
      <trkpt lat="42.762008970603347" lon="-0.505487015470862">
        <ele>1520.8</ele>
        <time>2026-07-08T09:56:11Z</time>
        <extensions>
          <gpxtpx:TrackPointExtension>
            <gpxtpx:atemp>31</gpxtpx:atemp>
            <gpxtpx:hr>105</gpxtpx:hr>
            <gpxtpx:cad>67</gpxtpx:cad>
          </gpxtpx:TrackPointExtension>
          <gpxx:TrackPointExtension>
            <gpxx:Temperature>31</gpxx:Temperature>
          </gpxx:TrackPointExtension>
        </extensions>
      </trkpt>
      <trkpt lat="42.762006036937237" lon="-0.505470000207424">
        <ele>1521</ele>
        <time>2026-07-08T09:56:14Z</time>
        <extensions>
          <gpxtpx:TrackPointExtension>
            <gpxtpx:atemp>32</gpxtpx:atemp>
            <gpxtpx:hr>105</gpxtpx:hr>
            <gpxtpx:cad>64</gpxtpx:cad>
          </gpxtpx:TrackPointExtension>
          <gpxx:TrackPointExtension>
            <gpxx:Temperature>32</gpxx:Temperature>
          </gpxx:TrackPointExtension>
        </extensions>
      </trkpt>
      <trkpt lat="42.762003019452095" lon="-0.505463965237141">
        <ele>1521</ele>
        <time>2026-07-08T09:56:15Z</time>
        <extensions>
          <gpxtpx:TrackPointExtension>
            <gpxtpx:atemp>32</gpxtpx:atemp>
            <gpxtpx:hr>105</gpxtpx:hr>
            <gpxtpx:cad>64</gpxtpx:cad>
          </gpxtpx:TrackPointExtension>
          <gpxx:TrackPointExtension>
            <gpxx:Temperature>32</gpxx:Temperature>
          </gpxx:TrackPointExtension>
        </extensions>
      </trkpt>
      <trkpt lat="42.762003019452095" lon="-0.50546002574265">
        <ele>1521</ele>
        <time>2026-07-08T09:56:22Z</time>
        <extensions>
          <gpxtpx:TrackPointExtension>
            <gpxtpx:atemp>32</gpxtpx:atemp>
            <gpxtpx:hr>104</gpxtpx:hr>
            <gpxtpx:cad>0</gpxtpx:cad>
          </gpxtpx:TrackPointExtension>
          <gpxx:TrackPointExtension>
            <gpxx:Temperature>32</gpxx:Temperature>
          </gpxx:TrackPointExtension>
        </extensions>
      </trkpt>
      <trkpt lat="42.762005031108856" lon="-0.505459019914269">
        <ele>1520</ele>
        <time>2026-07-08T09:56:30Z</time>
        <extensions>
          <gpxtpx:TrackPointExtension>
            <gpxtpx:atemp>32</gpxtpx:atemp>
            <gpxtpx:hr>103</gpxtpx:hr>
            <gpxtpx:cad>0</gpxtpx:cad>
          </gpxtpx:TrackPointExtension>
          <gpxx:TrackPointExtension>
            <gpxx:Temperature>32</gpxx:Temperature>
          </gpxx:TrackPointExtension>
        </extensions>
      </trkpt>
      <trkpt lat="42.762005031108856" lon="-0.505459019914269">
        <ele>1520.2</ele>
        <time>2026-07-08T09:56:34Z</time>
        <extensions>
          <gpxtpx:TrackPointExtension>
            <gpxtpx:atemp>32</gpxtpx:atemp>
            <gpxtpx:hr>105</gpxtpx:hr>
            <gpxtpx:cad>0</gpxtpx:cad>
          </gpxtpx:TrackPointExtension>
          <gpxx:TrackPointExtension>
            <gpxx:Temperature>32</gpxx:Temperature>
          </gpxx:TrackPointExtension>
        </extensions>
      </trkpt>
      <trkpt lat="42.762001007795334" lon="-0.505459019914269">
        <ele>1520</ele>
        <time>2026-07-08T09:56:40Z</time>
        <extensions>
          <gpxtpx:TrackPointExtension>
            <gpxtpx:atemp>32</gpxtpx:atemp>
            <gpxtpx:hr>105</gpxtpx:hr>
            <gpxtpx:cad>0</gpxtpx:cad>
          </gpxtpx:TrackPointExtension>
          <gpxx:TrackPointExtension>
            <gpxx:Temperature>32</gpxx:Temperature>
          </gpxx:TrackPointExtension>
        </extensions>
      </trkpt>
      <trkpt lat="42.761987010017037" lon="-0.50543999299407">
        <ele>1519</ele>
        <time>2026-07-08T09:56:58Z</time>
        <extensions>
          <gpxtpx:TrackPointExtension>
            <gpxtpx:atemp>32</gpxtpx:atemp>
            <gpxtpx:hr>106</gpxtpx:hr>
            <gpxtpx:cad>0</gpxtpx:cad>
          </gpxtpx:TrackPointExtension>
          <gpxx:TrackPointExtension>
            <gpxx:Temperature>32</gpxx:Temperature>
          </gpxx:TrackPointExtension>
        </extensions>
      </trkpt>
      <trkpt lat="42.761973012238741" lon="-0.505430018529296">
        <ele>1518.5999999999999</ele>
        <time>2026-07-08T09:57:13Z</time>
        <extensions>
          <gpxtpx:TrackPointExtension>
            <gpxtpx:atemp>32</gpxtpx:atemp>
            <gpxtpx:hr>103</gpxtpx:hr>
            <gpxtpx:cad>0</gpxtpx:cad>
          </gpxtpx:TrackPointExtension>
          <gpxx:TrackPointExtension>
            <gpxx:Temperature>32</gpxx:Temperature>
          </gpxx:TrackPointExtension>
        </extensions>
      </trkpt>
      <trkpt lat="42.761969994753599" lon="-0.505422977730632">
        <ele>1519.5999999999999</ele>
        <time>2026-07-08T09:57:22Z</time>
        <extensions>
          <gpxtpx:TrackPointExtension>
            <gpxtpx:atemp>32</gpxtpx:atemp>
            <gpxtpx:hr>107</gpxtpx:hr>
            <gpxtpx:cad>57</gpxtpx:cad>
          </gpxtpx:TrackPointExtension>
          <gpxx:TrackPointExtension>
            <gpxx:Temperature>32</gpxx:Temperature>
          </gpxx:TrackPointExtension>
        </extensions>
      </trkpt>
      <trkpt lat="42.761967983096838" lon="-0.505421971902251">
        <ele>1520.2</ele>
        <time>2026-07-08T09:57:25Z</time>
        <extensions>
          <gpxtpx:TrackPointExtension>
            <gpxtpx:atemp>32</gpxtpx:atemp>
            <gpxtpx:hr>105</gpxtpx:hr>
            <gpxtpx:cad>59</gpxtpx:cad>
          </gpxtpx:TrackPointExtension>
          <gpxx:TrackPointExtension>
            <gpxx:Temperature>32</gpxx:Temperature>
          </gpxx:TrackPointExtension>
        </extensions>
      </trkpt>
      <trkpt lat="42.761965971440077" lon="-0.505411997437477">
        <ele>1520.2</ele>
        <time>2026-07-08T09:57:28Z</time>
        <extensions>
          <gpxtpx:TrackPointExtension>
            <gpxtpx:atemp>32</gpxtpx:atemp>
            <gpxtpx:hr>107</gpxtpx:hr>
            <gpxtpx:cad>0</gpxtpx:cad>
          </gpxtpx:TrackPointExtension>
          <gpxx:TrackPointExtension>
            <gpxx:Temperature>32</gpxx:Temperature>
          </gpxx:TrackPointExtension>
        </extensions>
      </trkpt>
      <trkpt lat="42.761965971440077" lon="-0.505397999659181">
        <ele>1520.4000000000001</ele>
        <time>2026-07-08T09:57:31Z</time>
        <extensions>
          <gpxtpx:TrackPointExtension>
            <gpxtpx:atemp>32</gpxtpx:atemp>
            <gpxtpx:hr>110</gpxtpx:hr>
            <gpxtpx:cad>0</gpxtpx:cad>
          </gpxtpx:TrackPointExtension>
          <gpxx:TrackPointExtension>
            <gpxx:Temperature>32</gpxx:Temperature>
          </gpxx:TrackPointExtension>
        </extensions>
      </trkpt>
      <trkpt lat="42.761963959783316" lon="-0.505389031022787">
        <ele>1520.4000000000001</ele>
        <time>2026-07-08T09:57:33Z</time>
        <extensions>
          <gpxtpx:TrackPointExtension>
            <gpxtpx:atemp>32</gpxtpx:atemp>
            <gpxtpx:hr>113</gpxtpx:hr>
            <gpxtpx:cad>0</gpxtpx:cad>
          </gpxtpx:TrackPointExtension>
          <gpxx:TrackPointExtension>
            <gpxx:Temperature>32</gpxx:Temperature>
          </gpxx:TrackPointExtension>
        </extensions>
      </trkpt>
      <trkpt lat="42.76195197366178" lon="-0.505296997725964">
        <ele>1520</ele>
        <time>2026-07-08T09:57:42Z</time>
        <extensions>
          <gpxtpx:TrackPointExtension>
            <gpxtpx:atemp>32</gpxtpx:atemp>
            <gpxtpx:hr>111</gpxtpx:hr>
            <gpxtpx:cad>0</gpxtpx:cad>
          </gpxtpx:TrackPointExtension>
          <gpxx:TrackPointExtension>
            <gpxx:Temperature>32</gpxx:Temperature>
          </gpxx:TrackPointExtension>
        </extensions>
      </trkpt>
      <trkpt lat="42.761926995590329" lon="-0.505185015499592">
        <ele>1519.5999999999999</ele>
        <time>2026-07-08T09:57:48Z</time>
        <extensions>
          <gpxtpx:TrackPointExtension>
            <gpxtpx:atemp>32</gpxtpx:atemp>
            <gpxtpx:hr>112</gpxtpx:hr>
            <gpxtpx:cad>0</gpxtpx:cad>
          </gpxtpx:TrackPointExtension>
          <gpxx:TrackPointExtension>
            <gpxx:Temperature>32</gpxx:Temperature>
          </gpxx:TrackPointExtension>
        </extensions>
      </trkpt>
      <trkpt lat="42.76194803416729" lon="-0.505157019942999">
        <ele>1519.2</ele>
        <time>2026-07-08T09:57:55Z</time>
        <extensions>
          <gpxtpx:TrackPointExtension>
            <gpxtpx:atemp>32</gpxtpx:atemp>
            <gpxtpx:hr>111</gpxtpx:hr>
            <gpxtpx:cad>43</gpxtpx:cad>
          </gpxtpx:TrackPointExtension>
          <gpxx:TrackPointExtension>
            <gpxx:Temperature>32</gpxx:Temperature>
          </gpxx:TrackPointExtension>
        </extensions>
      </trkpt>
      <trkpt lat="42.76195197366178" lon="-0.505148973315954">
        <ele>1519</ele>
        <time>2026-07-08T09:57:56Z</time>
        <extensions>
          <gpxtpx:TrackPointExtension>
            <gpxtpx:atemp>32</gpxtpx:atemp>
            <gpxtpx:hr>111</gpxtpx:hr>
            <gpxtpx:cad>43</gpxtpx:cad>
          </gpxtpx:TrackPointExtension>
          <gpxx:TrackPointExtension>
            <gpxx:Temperature>32</gpxx:Temperature>
          </gpxx:TrackPointExtension>
        </extensions>
      </trkpt>
      <trkpt lat="42.76195197366178" lon="-0.505114020779729">
        <ele>1517.8</ele>
        <time>2026-07-08T09:58:01Z</time>
        <extensions>
          <gpxtpx:TrackPointExtension>
            <gpxtpx:atemp>32</gpxtpx:atemp>
            <gpxtpx:hr>110</gpxtpx:hr>
            <gpxtpx:cad>0</gpxtpx:cad>
          </gpxtpx:TrackPointExtension>
          <gpxx:TrackPointExtension>
            <gpxx:Temperature>32</gpxx:Temperature>
          </gpxx:TrackPointExtension>
        </extensions>
      </trkpt>
      <trkpt lat="42.761963037773967" lon="-0.505103962495923">
        <ele>1517.4000000000001</ele>
        <time>2026-07-08T09:58:03Z</time>
        <extensions>
          <gpxtpx:TrackPointExtension>
            <gpxtpx:atemp>32</gpxtpx:atemp>
            <gpxtpx:hr>109</gpxtpx:hr>
            <gpxtpx:cad>43</gpxtpx:cad>
          </gpxtpx:TrackPointExtension>
          <gpxx:TrackPointExtension>
            <gpxx:Temperature>32</gpxx:Temperature>
          </gpxx:TrackPointExtension>
        </extensions>
      </trkpt>
      <trkpt lat="42.761968988925219" lon="-0.505060041323304">
        <ele>1516.5999999999999</ele>
        <time>2026-07-08T09:58:07Z</time>
        <extensions>
          <gpxtpx:TrackPointExtension>
            <gpxtpx:atemp>32</gpxtpx:atemp>
            <gpxtpx:hr>111</gpxtpx:hr>
            <gpxtpx:cad>48</gpxtpx:cad>
          </gpxtpx:TrackPointExtension>
          <gpxx:TrackPointExtension>
            <gpxx:Temperature>32</gpxx:Temperature>
          </gpxx:TrackPointExtension>
        </extensions>
      </trkpt>
      <trkpt lat="42.761975023895502" lon="-0.505011007189751">
        <ele>1516</ele>
        <time>2026-07-08T09:58:11Z</time>
        <extensions>
          <gpxtpx:TrackPointExtension>
            <gpxtpx:atemp>32</gpxtpx:atemp>
            <gpxtpx:hr>109</gpxtpx:hr>
            <gpxtpx:cad>0</gpxtpx:cad>
          </gpxtpx:TrackPointExtension>
          <gpxx:TrackPointExtension>
            <gpxx:Temperature>32</gpxx:Temperature>
          </gpxx:TrackPointExtension>
        </extensions>
      </trkpt>
      <trkpt lat="42.761975023895502" lon="-0.504982005804777">
        <ele>1516.2</ele>
        <time>2026-07-08T09:58:16Z</time>
        <extensions>
          <gpxtpx:TrackPointExtension>
            <gpxtpx:atemp>32</gpxtpx:atemp>
            <gpxtpx:hr>108</gpxtpx:hr>
            <gpxtpx:cad>0</gpxtpx:cad>
          </gpxtpx:TrackPointExtension>
          <gpxx:TrackPointExtension>
            <gpxx:Temperature>32</gpxx:Temperature>
          </gpxx:TrackPointExtension>
        </extensions>
      </trkpt>
      <trkpt lat="42.76197200641036" lon="-0.504977982491255">
        <ele>1516.5999999999999</ele>
        <time>2026-07-08T09:58:18Z</time>
        <extensions>
          <gpxtpx:TrackPointExtension>
            <gpxtpx:atemp>32</gpxtpx:atemp>
            <gpxtpx:hr>104</gpxtpx:hr>
            <gpxtpx:cad>59</gpxtpx:cad>
          </gpxtpx:TrackPointExtension>
          <gpxx:TrackPointExtension>
            <gpxx:Temperature>32</gpxx:Temperature>
          </gpxx:TrackPointExtension>
        </extensions>
      </trkpt>
      <trkpt lat="42.761975023895502" lon="-0.504957027733326">
        <ele>1517</ele>
        <time>2026-07-08T09:58:21Z</time>
        <extensions>
          <gpxtpx:TrackPointExtension>
            <gpxtpx:atemp>32</gpxtpx:atemp>
            <gpxtpx:hr>101</gpxtpx:hr>
            <gpxtpx:cad>0</gpxtpx:cad>
          </gpxtpx:TrackPointExtension>
          <gpxx:TrackPointExtension>
            <gpxx:Temperature>32</gpxx:Temperature>
          </gpxx:TrackPointExtension>
        </extensions>
      </trkpt>
      <trkpt lat="42.761978041380644" lon="-0.504933977499604">
        <ele>1517</ele>
        <time>2026-07-08T09:58:23Z</time>
        <extensions>
          <gpxtpx:TrackPointExtension>
            <gpxtpx:atemp>32</gpxtpx:atemp>
            <gpxtpx:hr>101</gpxtpx:hr>
            <gpxtpx:cad>46</gpxtpx:cad>
          </gpxtpx:TrackPointExtension>
          <gpxx:TrackPointExtension>
            <gpxx:Temperature>32</gpxx:Temperature>
          </gpxx:TrackPointExtension>
        </extensions>
      </trkpt>
      <trkpt lat="42.761966977268457" lon="-0.504844039678574">
        <ele>1516.8</ele>
        <time>2026-07-08T09:58:31Z</time>
        <extensions>
          <gpxtpx:TrackPointExtension>
            <gpxtpx:atemp>32</gpxtpx:atemp>
            <gpxtpx:hr>102</gpxtpx:hr>
            <gpxtpx:cad>45</gpxtpx:cad>
          </gpxtpx:TrackPointExtension>
          <gpxx:TrackPointExtension>
            <gpxx:Temperature>32</gpxx:Temperature>
          </gpxx:TrackPointExtension>
        </extensions>
      </trkpt>
      <trkpt lat="42.761966977268457" lon="-0.504777990281582">
        <ele>1517.5999999999999</ele>
        <time>2026-07-08T09:58:39Z</time>
        <extensions>
          <gpxtpx:TrackPointExtension>
            <gpxtpx:atemp>32</gpxtpx:atemp>
            <gpxtpx:hr>103</gpxtpx:hr>
            <gpxtpx:cad>72</gpxtpx:cad>
          </gpxtpx:TrackPointExtension>
          <gpxx:TrackPointExtension>
            <gpxx:Temperature>32</gpxx:Temperature>
          </gpxx:TrackPointExtension>
        </extensions>
      </trkpt>
      <trkpt lat="42.761966977268457" lon="-0.50477103330195">
        <ele>1517.8</ele>
        <time>2026-07-08T09:58:40Z</time>
        <extensions>
          <gpxtpx:TrackPointExtension>
            <gpxtpx:atemp>32</gpxtpx:atemp>
            <gpxtpx:hr>103</gpxtpx:hr>
            <gpxtpx:cad>71</gpxtpx:cad>
          </gpxtpx:TrackPointExtension>
          <gpxx:TrackPointExtension>
            <gpxx:Temperature>32</gpxx:Temperature>
          </gpxx:TrackPointExtension>
        </extensions>
      </trkpt>
      <trkpt lat="42.761973012238741" lon="-0.504759969189763">
        <ele>1518.2</ele>
        <time>2026-07-08T09:58:42Z</time>
        <extensions>
          <gpxtpx:TrackPointExtension>
            <gpxtpx:atemp>32</gpxtpx:atemp>
            <gpxtpx:hr>106</gpxtpx:hr>
            <gpxtpx:cad>0</gpxtpx:cad>
          </gpxtpx:TrackPointExtension>
          <gpxx:TrackPointExtension>
            <gpxx:Temperature>32</gpxx:Temperature>
          </gpxx:TrackPointExtension>
        </extensions>
      </trkpt>
      <trkpt lat="42.761986004188657" lon="-0.504740020260215">
        <ele>1518</ele>
        <time>2026-07-08T09:58:44Z</time>
        <extensions>
          <gpxtpx:TrackPointExtension>
            <gpxtpx:atemp>32</gpxtpx:atemp>
            <gpxtpx:hr>108</gpxtpx:hr>
            <gpxtpx:cad>0</gpxtpx:cad>
          </gpxtpx:TrackPointExtension>
          <gpxx:TrackPointExtension>
            <gpxx:Temperature>32</gpxx:Temperature>
          </gpxx:TrackPointExtension>
        </extensions>
      </trkpt>
      <trkpt lat="42.761992961168289" lon="-0.504710013046861">
        <ele>1518</ele>
        <time>2026-07-08T09:58:46Z</time>
        <extensions>
          <gpxtpx:TrackPointExtension>
            <gpxtpx:atemp>32</gpxtpx:atemp>
            <gpxtpx:hr>111</gpxtpx:hr>
            <gpxtpx:cad>0</gpxtpx:cad>
          </gpxtpx:TrackPointExtension>
          <gpxx:TrackPointExtension>
            <gpxx:Temperature>32</gpxx:Temperature>
          </gpxx:TrackPointExtension>
        </extensions>
      </trkpt>
      <trkpt lat="42.761995978653431" lon="-0.504698026925325">
        <ele>1517.8</ele>
        <time>2026-07-08T09:58:47Z</time>
        <extensions>
          <gpxtpx:TrackPointExtension>
            <gpxtpx:atemp>32</gpxtpx:atemp>
            <gpxtpx:hr>110</gpxtpx:hr>
            <gpxtpx:cad>49</gpxtpx:cad>
          </gpxtpx:TrackPointExtension>
          <gpxx:TrackPointExtension>
            <gpxx:Temperature>32</gpxx:Temperature>
          </gpxx:TrackPointExtension>
        </extensions>
      </trkpt>
      <trkpt lat="42.762003019452095" lon="-0.504663996398449">
        <ele>1517.5999999999999</ele>
        <time>2026-07-08T09:58:50Z</time>
        <extensions>
          <gpxtpx:TrackPointExtension>
            <gpxtpx:atemp>32</gpxtpx:atemp>
            <gpxtpx:hr>113</gpxtpx:hr>
            <gpxtpx:cad>50</gpxtpx:cad>
          </gpxtpx:TrackPointExtension>
          <gpxx:TrackPointExtension>
            <gpxx:Temperature>32</gpxx:Temperature>
          </gpxx:TrackPointExtension>
        </extensions>
      </trkpt>
      <trkpt lat="42.762010982260108" lon="-0.504618985578418">
        <ele>1517</ele>
        <time>2026-07-08T09:58:56Z</time>
        <extensions>
          <gpxtpx:TrackPointExtension>
            <gpxtpx:atemp>32</gpxtpx:atemp>
            <gpxtpx:hr>113</gpxtpx:hr>
            <gpxtpx:cad>0</gpxtpx:cad>
          </gpxtpx:TrackPointExtension>
          <gpxx:TrackPointExtension>
            <gpxx:Temperature>32</gpxx:Temperature>
          </gpxx:TrackPointExtension>
        </extensions>
      </trkpt>
      <trkpt lat="42.762004025280476" lon="-0.504604987800121">
        <ele>1516.5999999999999</ele>
        <time>2026-07-08T09:58:57Z</time>
        <extensions>
          <gpxtpx:TrackPointExtension>
            <gpxtpx:atemp>32</gpxtpx:atemp>
            <gpxtpx:hr>112</gpxtpx:hr>
            <gpxtpx:cad>0</gpxtpx:cad>
          </gpxtpx:TrackPointExtension>
          <gpxx:TrackPointExtension>
            <gpxx:Temperature>32</gpxx:Temperature>
          </gpxx:TrackPointExtension>
        </extensions>
      </trkpt>
      <trkpt lat="42.762000001966953" lon="-0.504591995850205">
        <ele>1516.5999999999999</ele>
        <time>2026-07-08T09:58:58Z</time>
        <extensions>
          <gpxtpx:TrackPointExtension>
            <gpxtpx:atemp>32</gpxtpx:atemp>
            <gpxtpx:hr>112</gpxtpx:hr>
            <gpxtpx:cad>58</gpxtpx:cad>
          </gpxtpx:TrackPointExtension>
          <gpxx:TrackPointExtension>
            <gpxx:Temperature>32</gpxx:Temperature>
          </gpxx:TrackPointExtension>
        </extensions>
      </trkpt>
      <trkpt lat="42.76199203915894" lon="-0.50455997698009">
        <ele>1516.5999999999999</ele>
        <time>2026-07-08T09:59:00Z</time>
        <extensions>
          <gpxtpx:TrackPointExtension>
            <gpxtpx:atemp>32</gpxtpx:atemp>
            <gpxtpx:hr>110</gpxtpx:hr>
            <gpxtpx:cad>58</gpxtpx:cad>
          </gpxtpx:TrackPointExtension>
          <gpxx:TrackPointExtension>
            <gpxx:Temperature>32</gpxx:Temperature>
          </gpxx:TrackPointExtension>
        </extensions>
      </trkpt>
      <trkpt lat="42.76199103333056" lon="-0.504470961168408">
        <ele>1516.4000000000001</ele>
        <time>2026-07-08T09:59:06Z</time>
        <extensions>
          <gpxtpx:TrackPointExtension>
            <gpxtpx:atemp>32</gpxtpx:atemp>
            <gpxtpx:hr>108</gpxtpx:hr>
            <gpxtpx:cad>45</gpxtpx:cad>
          </gpxtpx:TrackPointExtension>
          <gpxx:TrackPointExtension>
            <gpxx:Temperature>32</gpxx:Temperature>
          </gpxx:TrackPointExtension>
        </extensions>
      </trkpt>
      <trkpt lat="42.762003019452095" lon="-0.50438697449863">
        <ele>1515.4000000000001</ele>
        <time>2026-07-08T09:59:13Z</time>
        <extensions>
          <gpxtpx:TrackPointExtension>
            <gpxtpx:atemp>32</gpxtpx:atemp>
            <gpxtpx:hr>109</gpxtpx:hr>
            <gpxtpx:cad>41</gpxtpx:cad>
          </gpxtpx:TrackPointExtension>
          <gpxx:TrackPointExtension>
            <gpxx:Temperature>32</gpxx:Temperature>
          </gpxx:TrackPointExtension>
        </extensions>
      </trkpt>
      <trkpt lat="42.762006958946586" lon="-0.504336012527347">
        <ele>1514.5999999999999</ele>
        <time>2026-07-08T09:59:16Z</time>
        <extensions>
          <gpxtpx:TrackPointExtension>
            <gpxtpx:atemp>32</gpxtpx:atemp>
            <gpxtpx:hr>109</gpxtpx:hr>
            <gpxtpx:cad>41</gpxtpx:cad>
          </gpxtpx:TrackPointExtension>
          <gpxx:TrackPointExtension>
            <gpxx:Temperature>32</gpxx:Temperature>
          </gpxx:TrackPointExtension>
        </extensions>
      </trkpt>
      <trkpt lat="42.762006036937237" lon="-0.50432100892067">
        <ele>1514.4000000000001</ele>
        <time>2026-07-08T09:59:17Z</time>
        <extensions>
          <gpxtpx:TrackPointExtension>
            <gpxtpx:atemp>32</gpxtpx:atemp>
            <gpxtpx:hr>108</gpxtpx:hr>
            <gpxtpx:cad>0</gpxtpx:cad>
          </gpxtpx:TrackPointExtension>
          <gpxx:TrackPointExtension>
            <gpxx:Temperature>32</gpxx:Temperature>
          </gpxx:TrackPointExtension>
        </extensions>
      </trkpt>
      <trkpt lat="42.762020034715533" lon="-0.504254037514329">
        <ele>1513.5999999999999</ele>
        <time>2026-07-08T09:59:23Z</time>
        <extensions>
          <gpxtpx:TrackPointExtension>
            <gpxtpx:atemp>32</gpxtpx:atemp>
            <gpxtpx:hr>107</gpxtpx:hr>
            <gpxtpx:cad>0</gpxtpx:cad>
          </gpxtpx:TrackPointExtension>
          <gpxx:TrackPointExtension>
            <gpxx:Temperature>32</gpxx:Temperature>
          </gpxx:TrackPointExtension>
        </extensions>
      </trkpt>
      <trkpt lat="42.762020034715533" lon="-0.504234004765749">
        <ele>1513.2</ele>
        <time>2026-07-08T09:59:25Z</time>
        <extensions>
          <gpxtpx:TrackPointExtension>
            <gpxtpx:atemp>32</gpxtpx:atemp>
            <gpxtpx:hr>107</gpxtpx:hr>
            <gpxtpx:cad>0</gpxtpx:cad>
          </gpxtpx:TrackPointExtension>
          <gpxx:TrackPointExtension>
            <gpxx:Temperature>32</gpxx:Temperature>
          </gpxx:TrackPointExtension>
        </extensions>
      </trkpt>
      <trkpt lat="42.762020034715533" lon="-0.504223024472594">
        <ele>1513.2</ele>
        <time>2026-07-08T09:59:27Z</time>
        <extensions>
          <gpxtpx:TrackPointExtension>
            <gpxtpx:atemp>32</gpxtpx:atemp>
            <gpxtpx:hr>104</gpxtpx:hr>
            <gpxtpx:cad>0</gpxtpx:cad>
          </gpxtpx:TrackPointExtension>
          <gpxx:TrackPointExtension>
            <gpxx:Temperature>32</gpxx:Temperature>
          </gpxx:TrackPointExtension>
        </extensions>
      </trkpt>
      <trkpt lat="42.762021040543914" lon="-0.504217995330691">
        <ele>1513.2</ele>
        <time>2026-07-08T09:59:30Z</time>
        <extensions>
          <gpxtpx:TrackPointExtension>
            <gpxtpx:atemp>32</gpxtpx:atemp>
            <gpxtpx:hr>106</gpxtpx:hr>
            <gpxtpx:cad>41</gpxtpx:cad>
          </gpxtpx:TrackPointExtension>
          <gpxx:TrackPointExtension>
            <gpxx:Temperature>32</gpxx:Temperature>
          </gpxx:TrackPointExtension>
        </extensions>
      </trkpt>
      <trkpt lat="42.762032020837069" lon="-0.504174996167421">
        <ele>1512.4000000000001</ele>
        <time>2026-07-08T09:59:37Z</time>
        <extensions>
          <gpxtpx:TrackPointExtension>
            <gpxtpx:atemp>32</gpxtpx:atemp>
            <gpxtpx:hr>105</gpxtpx:hr>
            <gpxtpx:cad>0</gpxtpx:cad>
          </gpxtpx:TrackPointExtension>
          <gpxx:TrackPointExtension>
            <gpxx:Temperature>32</gpxx:Temperature>
          </gpxx:TrackPointExtension>
        </extensions>
      </trkpt>
      <trkpt lat="42.762033026665449" lon="-0.504173990339041">
        <ele>1512.2</ele>
        <time>2026-07-08T09:59:38Z</time>
        <extensions>
          <gpxtpx:TrackPointExtension>
            <gpxtpx:atemp>32</gpxtpx:atemp>
            <gpxtpx:hr>106</gpxtpx:hr>
            <gpxtpx:cad>44</gpxtpx:cad>
          </gpxtpx:TrackPointExtension>
          <gpxx:TrackPointExtension>
            <gpxx:Temperature>32</gpxx:Temperature>
          </gpxx:TrackPointExtension>
        </extensions>
      </trkpt>
      <trkpt lat="42.762040989473462" lon="-0.504169967025518">
        <ele>1511.8</ele>
        <time>2026-07-08T09:59:40Z</time>
        <extensions>
          <gpxtpx:TrackPointExtension>
            <gpxtpx:atemp>32</gpxtpx:atemp>
            <gpxtpx:hr>103</gpxtpx:hr>
            <gpxtpx:cad>0</gpxtpx:cad>
          </gpxtpx:TrackPointExtension>
          <gpxx:TrackPointExtension>
            <gpxx:Temperature>32</gpxx:Temperature>
          </gpxx:TrackPointExtension>
        </extensions>
      </trkpt>
      <trkpt lat="42.762061022222042" lon="-0.504164015874267">
        <ele>1510.8</ele>
        <time>2026-07-08T09:59:44Z</time>
        <extensions>
          <gpxtpx:TrackPointExtension>
            <gpxtpx:atemp>32</gpxtpx:atemp>
            <gpxtpx:hr>104</gpxtpx:hr>
            <gpxtpx:cad>0</gpxtpx:cad>
          </gpxtpx:TrackPointExtension>
          <gpxx:TrackPointExtension>
            <gpxx:Temperature>32</gpxx:Temperature>
          </gpxx:TrackPointExtension>
        </extensions>
      </trkpt>
      <trkpt lat="42.762066973373294" lon="-0.504156975075603">
        <ele>1510.4000000000001</ele>
        <time>2026-07-08T09:59:45Z</time>
        <extensions>
          <gpxtpx:TrackPointExtension>
            <gpxtpx:atemp>32</gpxtpx:atemp>
            <gpxtpx:hr>103</gpxtpx:hr>
            <gpxtpx:cad>0</gpxtpx:cad>
          </gpxtpx:TrackPointExtension>
          <gpxx:TrackPointExtension>
            <gpxx:Temperature>32</gpxx:Temperature>
          </gpxx:TrackPointExtension>
        </extensions>
      </trkpt>
      <trkpt lat="42.762081976979971" lon="-0.504136020317674">
        <ele>1509.5999999999999</ele>
        <time>2026-07-08T09:59:48Z</time>
        <extensions>
          <gpxtpx:TrackPointExtension>
            <gpxtpx:atemp>32</gpxtpx:atemp>
            <gpxtpx:hr>106</gpxtpx:hr>
            <gpxtpx:cad>0</gpxtpx:cad>
          </gpxtpx:TrackPointExtension>
          <gpxx:TrackPointExtension>
            <gpxx:Temperature>32</gpxx:Temperature>
          </gpxx:TrackPointExtension>
        </extensions>
      </trkpt>
      <trkpt lat="42.762093963101506" lon="-0.504108024761081">
        <ele>1509</ele>
        <time>2026-07-08T09:59:50Z</time>
        <extensions>
          <gpxtpx:TrackPointExtension>
            <gpxtpx:atemp>32</gpxtpx:atemp>
            <gpxtpx:hr>103</gpxtpx:hr>
            <gpxtpx:cad>0</gpxtpx:cad>
          </gpxtpx:TrackPointExtension>
          <gpxx:TrackPointExtension>
            <gpxx:Temperature>32</gpxx:Temperature>
          </gpxx:TrackPointExtension>
        </extensions>
      </trkpt>
      <trkpt lat="42.762098992243409" lon="-0.504096038639545">
        <ele>1508.4000000000001</ele>
        <time>2026-07-08T09:59:51Z</time>
        <extensions>
          <gpxtpx:TrackPointExtension>
            <gpxtpx:atemp>32</gpxtpx:atemp>
            <gpxtpx:hr>103</gpxtpx:hr>
            <gpxtpx:cad>0</gpxtpx:cad>
          </gpxtpx:TrackPointExtension>
          <gpxx:TrackPointExtension>
            <gpxx:Temperature>32</gpxx:Temperature>
          </gpxx:TrackPointExtension>
        </extensions>
      </trkpt>
      <trkpt lat="42.762104021385312" lon="-0.504070976749063">
        <ele>1507.5999999999999</ele>
        <time>2026-07-08T09:59:53Z</time>
        <extensions>
          <gpxtpx:TrackPointExtension>
            <gpxtpx:atemp>32</gpxtpx:atemp>
            <gpxtpx:hr>103</gpxtpx:hr>
            <gpxtpx:cad>52</gpxtpx:cad>
          </gpxtpx:TrackPointExtension>
          <gpxx:TrackPointExtension>
            <gpxx:Temperature>32</gpxx:Temperature>
          </gpxx:TrackPointExtension>
        </extensions>
      </trkpt>
      <trkpt lat="42.762106033042073" lon="-0.504057984799147">
        <ele>1507</ele>
        <time>2026-07-08T09:59:54Z</time>
        <extensions>
          <gpxtpx:TrackPointExtension>
            <gpxtpx:atemp>32</gpxtpx:atemp>
            <gpxtpx:hr>104</gpxtpx:hr>
            <gpxtpx:cad>52</gpxtpx:cad>
          </gpxtpx:TrackPointExtension>
          <gpxx:TrackPointExtension>
            <gpxx:Temperature>32</gpxx:Temperature>
          </gpxx:TrackPointExtension>
        </extensions>
      </trkpt>
      <trkpt lat="42.762110978364944" lon="-0.504035018384457">
        <ele>1506</ele>
        <time>2026-07-08T09:59:56Z</time>
        <extensions>
          <gpxtpx:TrackPointExtension>
            <gpxtpx:atemp>32</gpxtpx:atemp>
            <gpxtpx:hr>104</gpxtpx:hr>
            <gpxtpx:cad>49</gpxtpx:cad>
          </gpxtpx:TrackPointExtension>
          <gpxx:TrackPointExtension>
            <gpxx:Temperature>32</gpxx:Temperature>
          </gpxx:TrackPointExtension>
        </extensions>
      </trkpt>
      <trkpt lat="42.762111984193325" lon="-0.50402001477778">
        <ele>1505.5999999999999</ele>
        <time>2026-07-08T10:00:01Z</time>
        <extensions>
          <gpxtpx:TrackPointExtension>
            <gpxtpx:atemp>32</gpxtpx:atemp>
            <gpxtpx:hr>104</gpxtpx:hr>
            <gpxtpx:cad>0</gpxtpx:cad>
          </gpxtpx:TrackPointExtension>
          <gpxx:TrackPointExtension>
            <gpxx:Temperature>32</gpxx:Temperature>
          </gpxx:TrackPointExtension>
        </extensions>
      </trkpt>
      <trkpt lat="42.762117013335228" lon="-0.503997970372438">
        <ele>1504.8</ele>
        <time>2026-07-08T10:00:06Z</time>
        <extensions>
          <gpxtpx:TrackPointExtension>
            <gpxtpx:atemp>32</gpxtpx:atemp>
            <gpxtpx:hr>104</gpxtpx:hr>
            <gpxtpx:cad>0</gpxtpx:cad>
          </gpxtpx:TrackPointExtension>
          <gpxx:TrackPointExtension>
            <gpxx:Temperature>32</gpxx:Temperature>
          </gpxx:TrackPointExtension>
        </extensions>
      </trkpt>
      <trkpt lat="42.76212003082037" lon="-0.503987995907664">
        <ele>1504.4000000000001</ele>
        <time>2026-07-08T10:00:08Z</time>
        <extensions>
          <gpxtpx:TrackPointExtension>
            <gpxtpx:atemp>32</gpxtpx:atemp>
            <gpxtpx:hr>104</gpxtpx:hr>
            <gpxtpx:cad>0</gpxtpx:cad>
          </gpxtpx:TrackPointExtension>
          <gpxx:TrackPointExtension>
            <gpxx:Temperature>32</gpxx:Temperature>
          </gpxx:TrackPointExtension>
        </extensions>
      </trkpt>
      <trkpt lat="42.76212103664875" lon="-0.503981960937381">
        <ele>1503.5999999999999</ele>
        <time>2026-07-08T10:00:13Z</time>
        <extensions>
          <gpxtpx:TrackPointExtension>
            <gpxtpx:atemp>32</gpxtpx:atemp>
            <gpxtpx:hr>103</gpxtpx:hr>
            <gpxtpx:cad>0</gpxtpx:cad>
          </gpxtpx:TrackPointExtension>
          <gpxx:TrackPointExtension>
            <gpxx:Temperature>32</gpxx:Temperature>
          </gpxx:TrackPointExtension>
        </extensions>
      </trkpt>
      <trkpt lat="42.76212103664875" lon="-0.503981960937381">
        <ele>1503.2</ele>
        <time>2026-07-08T10:00:15Z</time>
        <extensions>
          <gpxtpx:TrackPointExtension>
            <gpxtpx:atemp>32</gpxtpx:atemp>
            <gpxtpx:hr>102</gpxtpx:hr>
            <gpxtpx:cad>0</gpxtpx:cad>
          </gpxtpx:TrackPointExtension>
          <gpxx:TrackPointExtension>
            <gpxx:Temperature>32</gpxx:Temperature>
          </gpxx:TrackPointExtension>
        </extensions>
      </trkpt>
      <trkpt lat="42.76212103664875" lon="-0.503981960937381">
        <ele>1502.4000000000001</ele>
        <time>2026-07-08T10:00:17Z</time>
        <extensions>
          <gpxtpx:TrackPointExtension>
            <gpxtpx:atemp>32</gpxtpx:atemp>
            <gpxtpx:hr>101</gpxtpx:hr>
            <gpxtpx:cad>0</gpxtpx:cad>
          </gpxtpx:TrackPointExtension>
          <gpxx:TrackPointExtension>
            <gpxx:Temperature>32</gpxx:Temperature>
          </gpxx:TrackPointExtension>
        </extensions>
      </trkpt>
      <trkpt lat="42.76212103664875" lon="-0.503981960937381">
        <ele>1501.2</ele>
        <time>2026-07-08T10:00:21Z</time>
        <extensions>
          <gpxtpx:TrackPointExtension>
            <gpxtpx:atemp>32</gpxtpx:atemp>
            <gpxtpx:hr>102</gpxtpx:hr>
            <gpxtpx:cad>0</gpxtpx:cad>
          </gpxtpx:TrackPointExtension>
          <gpxx:TrackPointExtension>
            <gpxx:Temperature>32</gpxx:Temperature>
          </gpxx:TrackPointExtension>
        </extensions>
      </trkpt>
      <trkpt lat="42.76212103664875" lon="-0.503981960937381">
        <ele>1500</ele>
        <time>2026-07-08T10:00:25Z</time>
        <extensions>
          <gpxtpx:TrackPointExtension>
            <gpxtpx:atemp>32</gpxtpx:atemp>
            <gpxtpx:hr>101</gpxtpx:hr>
            <gpxtpx:cad>55</gpxtpx:cad>
          </gpxtpx:TrackPointExtension>
          <gpxx:TrackPointExtension>
            <gpxx:Temperature>32</gpxx:Temperature>
          </gpxx:TrackPointExtension>
        </extensions>
      </trkpt>
      <trkpt lat="42.76214299723506" lon="-0.503981038928032">
        <ele>1499</ele>
        <time>2026-07-08T10:00:31Z</time>
        <extensions>
          <gpxtpx:TrackPointExtension>
            <gpxtpx:atemp>32</gpxtpx:atemp>
            <gpxtpx:hr>101</gpxtpx:hr>
            <gpxtpx:cad>0</gpxtpx:cad>
          </gpxtpx:TrackPointExtension>
          <gpxx:TrackPointExtension>
            <gpxx:Temperature>32</gpxx:Temperature>
          </gpxx:TrackPointExtension>
        </extensions>
      </trkpt>
      <trkpt lat="42.762160012498498" lon="-0.50404398702085">
        <ele>1498.2</ele>
        <time>2026-07-08T10:00:40Z</time>
        <extensions>
          <gpxtpx:TrackPointExtension>
            <gpxtpx:atemp>32</gpxtpx:atemp>
            <gpxtpx:hr>99</gpxtpx:hr>
            <gpxtpx:cad>49</gpxtpx:cad>
          </gpxtpx:TrackPointExtension>
          <gpxx:TrackPointExtension>
            <gpxx:Temperature>32</gpxx:Temperature>
          </gpxx:TrackPointExtension>
        </extensions>
      </trkpt>
      <trkpt lat="42.762165041640401" lon="-0.504079023376107">
        <ele>1497.5999999999999</ele>
        <time>2026-07-08T10:00:42Z</time>
        <extensions>
          <gpxtpx:TrackPointExtension>
            <gpxtpx:atemp>32</gpxtpx:atemp>
            <gpxtpx:hr>100</gpxtpx:hr>
            <gpxtpx:cad>51</gpxtpx:cad>
          </gpxtpx:TrackPointExtension>
          <gpxx:TrackPointExtension>
            <gpxx:Temperature>32</gpxx:Temperature>
          </gpxx:TrackPointExtension>
        </extensions>
      </trkpt>
      <trkpt lat="42.762188008055091" lon="-0.504104001447558">
        <ele>1497.2</ele>
        <time>2026-07-08T10:00:46Z</time>
        <extensions>
          <gpxtpx:TrackPointExtension>
            <gpxtpx:atemp>32</gpxtpx:atemp>
            <gpxtpx:hr>99</gpxtpx:hr>
            <gpxtpx:cad>46</gpxtpx:cad>
          </gpxtpx:TrackPointExtension>
          <gpxx:TrackPointExtension>
            <gpxx:Temperature>32</gpxx:Temperature>
          </gpxx:TrackPointExtension>
        </extensions>
      </trkpt>
      <trkpt lat="42.762198988348246" lon="-0.504075000062585">
        <ele>1496.2</ele>
        <time>2026-07-08T10:00:49Z</time>
        <extensions>
          <gpxtpx:TrackPointExtension>
            <gpxtpx:atemp>32</gpxtpx:atemp>
            <gpxtpx:hr>98</gpxtpx:hr>
            <gpxtpx:cad>46</gpxtpx:cad>
          </gpxtpx:TrackPointExtension>
          <gpxx:TrackPointExtension>
            <gpxx:Temperature>32</gpxx:Temperature>
          </gpxx:TrackPointExtension>
        </extensions>
      </trkpt>
      <trkpt lat="42.762211980298162" lon="-0.504018003121018">
        <ele>1494.8</ele>
        <time>2026-07-08T10:00:52Z</time>
        <extensions>
          <gpxtpx:TrackPointExtension>
            <gpxtpx:atemp>32</gpxtpx:atemp>
            <gpxtpx:hr>98</gpxtpx:hr>
            <gpxtpx:cad>65</gpxtpx:cad>
          </gpxtpx:TrackPointExtension>
          <gpxx:TrackPointExtension>
            <gpxx:Temperature>32</gpxx:Temperature>
          </gpxx:TrackPointExtension>
        </extensions>
      </trkpt>
      <trkpt lat="42.762214997783303" lon="-0.503994030877948">
        <ele>1494.5999999999999</ele>
        <time>2026-07-08T10:00:53Z</time>
        <extensions>
          <gpxtpx:TrackPointExtension>
            <gpxtpx:atemp>32</gpxtpx:atemp>
            <gpxtpx:hr>98</gpxtpx:hr>
            <gpxtpx:cad>62</gpxtpx:cad>
          </gpxtpx:TrackPointExtension>
          <gpxx:TrackPointExtension>
            <gpxx:Temperature>32</gpxx:Temperature>
          </gpxx:TrackPointExtension>
        </extensions>
      </trkpt>
      <trkpt lat="42.762221032753587" lon="-0.50393502227962">
        <ele>1493.5999999999999</ele>
        <time>2026-07-08T10:00:58Z</time>
        <extensions>
          <gpxtpx:TrackPointExtension>
            <gpxtpx:atemp>32</gpxtpx:atemp>
            <gpxtpx:hr>98</gpxtpx:hr>
            <gpxtpx:cad>47</gpxtpx:cad>
          </gpxtpx:TrackPointExtension>
          <gpxx:TrackPointExtension>
            <gpxx:Temperature>32</gpxx:Temperature>
          </gpxx:TrackPointExtension>
        </extensions>
      </trkpt>
      <trkpt lat="42.762222038581967" lon="-0.503922030329704">
        <ele>1493</ele>
        <time>2026-07-08T10:01:00Z</time>
        <extensions>
          <gpxtpx:TrackPointExtension>
            <gpxtpx:atemp>32</gpxtpx:atemp>
            <gpxtpx:hr>99</gpxtpx:hr>
            <gpxtpx:cad>47</gpxtpx:cad>
          </gpxtpx:TrackPointExtension>
          <gpxx:TrackPointExtension>
            <gpxx:Temperature>32</gpxx:Temperature>
          </gpxx:TrackPointExtension>
        </extensions>
      </trkpt>
      <trkpt lat="42.762234024703503" lon="-0.503894034773111">
        <ele>1492.4000000000001</ele>
        <time>2026-07-08T10:01:05Z</time>
        <extensions>
          <gpxtpx:TrackPointExtension>
            <gpxtpx:atemp>32</gpxtpx:atemp>
            <gpxtpx:hr>99</gpxtpx:hr>
            <gpxtpx:cad>48</gpxtpx:cad>
          </gpxtpx:TrackPointExtension>
          <gpxx:TrackPointExtension>
            <gpxx:Temperature>32</gpxx:Temperature>
          </gpxx:TrackPointExtension>
        </extensions>
      </trkpt>
      <trkpt lat="42.762238970026374" lon="-0.503879031166434">
        <ele>1491.5999999999999</ele>
        <time>2026-07-08T10:01:08Z</time>
        <extensions>
          <gpxtpx:TrackPointExtension>
            <gpxtpx:atemp>32</gpxtpx:atemp>
            <gpxtpx:hr>96</gpxtpx:hr>
            <gpxtpx:cad>0</gpxtpx:cad>
          </gpxtpx:TrackPointExtension>
          <gpxx:TrackPointExtension>
            <gpxx:Temperature>32</gpxx:Temperature>
          </gpxx:TrackPointExtension>
        </extensions>
      </trkpt>
      <trkpt lat="42.762245004996657" lon="-0.503868972882628">
        <ele>1491.4000000000001</ele>
        <time>2026-07-08T10:01:10Z</time>
        <extensions>
          <gpxtpx:TrackPointExtension>
            <gpxtpx:atemp>32</gpxtpx:atemp>
            <gpxtpx:hr>97</gpxtpx:hr>
            <gpxtpx:cad>0</gpxtpx:cad>
          </gpxtpx:TrackPointExtension>
          <gpxx:TrackPointExtension>
            <gpxx:Temperature>32</gpxx:Temperature>
          </gpxx:TrackPointExtension>
        </extensions>
      </trkpt>
      <trkpt lat="42.76225196197629" lon="-0.503854975104332">
        <ele>1490.4000000000001</ele>
        <time>2026-07-08T10:01:13Z</time>
        <extensions>
          <gpxtpx:TrackPointExtension>
            <gpxtpx:atemp>32</gpxtpx:atemp>
            <gpxtpx:hr>100</gpxtpx:hr>
            <gpxtpx:cad>0</gpxtpx:cad>
          </gpxtpx:TrackPointExtension>
          <gpxx:TrackPointExtension>
            <gpxx:Temperature>32</gpxx:Temperature>
          </gpxx:TrackPointExtension>
        </extensions>
      </trkpt>
      <trkpt lat="42.762256991118193" lon="-0.503847012296319">
        <ele>1490.2</ele>
        <time>2026-07-08T10:01:14Z</time>
        <extensions>
          <gpxtpx:TrackPointExtension>
            <gpxtpx:atemp>32</gpxtpx:atemp>
            <gpxtpx:hr>103</gpxtpx:hr>
            <gpxtpx:cad>0</gpxtpx:cad>
          </gpxtpx:TrackPointExtension>
          <gpxx:TrackPointExtension>
            <gpxx:Temperature>32</gpxx:Temperature>
          </gpxx:TrackPointExtension>
        </extensions>
      </trkpt>
      <trkpt lat="42.762261014431715" lon="-0.503838965669274">
        <ele>1490</ele>
        <time>2026-07-08T10:01:15Z</time>
        <extensions>
          <gpxtpx:TrackPointExtension>
            <gpxtpx:atemp>32</gpxtpx:atemp>
            <gpxtpx:hr>106</gpxtpx:hr>
            <gpxtpx:cad>0</gpxtpx:cad>
          </gpxtpx:TrackPointExtension>
          <gpxx:TrackPointExtension>
            <gpxx:Temperature>32</gpxx:Temperature>
          </gpxx:TrackPointExtension>
        </extensions>
      </trkpt>
      <trkpt lat="42.762265037745237" lon="-0.503835026174784">
        <ele>1489.5999999999999</ele>
        <time>2026-07-08T10:01:16Z</time>
        <extensions>
          <gpxtpx:TrackPointExtension>
            <gpxtpx:atemp>32</gpxtpx:atemp>
            <gpxtpx:hr>109</gpxtpx:hr>
            <gpxtpx:cad>0</gpxtpx:cad>
          </gpxtpx:TrackPointExtension>
          <gpxx:TrackPointExtension>
            <gpxx:Temperature>32</gpxx:Temperature>
          </gpxx:TrackPointExtension>
        </extensions>
      </trkpt>
      <trkpt lat="42.762267971411347" lon="-0.503824967890978">
        <ele>1489</ele>
        <time>2026-07-08T10:01:18Z</time>
        <extensions>
          <gpxtpx:TrackPointExtension>
            <gpxtpx:atemp>32</gpxtpx:atemp>
            <gpxtpx:hr>111</gpxtpx:hr>
            <gpxtpx:cad>0</gpxtpx:cad>
          </gpxtpx:TrackPointExtension>
          <gpxx:TrackPointExtension>
            <gpxx:Temperature>32</gpxx:Temperature>
          </gpxx:TrackPointExtension>
        </extensions>
      </trkpt>
      <trkpt lat="42.762274006381631" lon="-0.503813987597823">
        <ele>1488.2</ele>
        <time>2026-07-08T10:01:21Z</time>
        <extensions>
          <gpxtpx:TrackPointExtension>
            <gpxtpx:atemp>32</gpxtpx:atemp>
            <gpxtpx:hr>110</gpxtpx:hr>
            <gpxtpx:cad>0</gpxtpx:cad>
          </gpxtpx:TrackPointExtension>
          <gpxx:TrackPointExtension>
            <gpxx:Temperature>32</gpxx:Temperature>
          </gpxx:TrackPointExtension>
        </extensions>
      </trkpt>
      <trkpt lat="42.76227199472487" lon="-0.503812981769443">
        <ele>1488</ele>
        <time>2026-07-08T10:01:22Z</time>
        <extensions>
          <gpxtpx:TrackPointExtension>
            <gpxtpx:atemp>32</gpxtpx:atemp>
            <gpxtpx:hr>110</gpxtpx:hr>
            <gpxtpx:cad>0</gpxtpx:cad>
          </gpxtpx:TrackPointExtension>
          <gpxx:TrackPointExtension>
            <gpxx:Temperature>32</gpxx:Temperature>
          </gpxx:TrackPointExtension>
        </extensions>
      </trkpt>
      <trkpt lat="42.762270988896489" lon="-0.503837959840894">
        <ele>1487.4000000000001</ele>
        <time>2026-07-08T10:01:26Z</time>
        <extensions>
          <gpxtpx:TrackPointExtension>
            <gpxtpx:atemp>32</gpxtpx:atemp>
            <gpxtpx:hr>108</gpxtpx:hr>
            <gpxtpx:cad>0</gpxtpx:cad>
          </gpxtpx:TrackPointExtension>
          <gpxx:TrackPointExtension>
            <gpxx:Temperature>32</gpxx:Temperature>
          </gpxx:TrackPointExtension>
        </extensions>
      </trkpt>
      <trkpt lat="42.762280041351914" lon="-0.503882970660925">
        <ele>1486.8</ele>
        <time>2026-07-08T10:01:29Z</time>
        <extensions>
          <gpxtpx:TrackPointExtension>
            <gpxtpx:atemp>32</gpxtpx:atemp>
            <gpxtpx:hr>108</gpxtpx:hr>
            <gpxtpx:cad>55</gpxtpx:cad>
          </gpxtpx:TrackPointExtension>
          <gpxx:TrackPointExtension>
            <gpxx:Temperature>32</gpxx:Temperature>
          </gpxx:TrackPointExtension>
        </extensions>
      </trkpt>
      <trkpt lat="42.762280041351914" lon="-0.503909038379788">
        <ele>1486.2</ele>
        <time>2026-07-08T10:01:32Z</time>
        <extensions>
          <gpxtpx:TrackPointExtension>
            <gpxtpx:atemp>32</gpxtpx:atemp>
            <gpxtpx:hr>107</gpxtpx:hr>
            <gpxtpx:cad>55</gpxtpx:cad>
          </gpxtpx:TrackPointExtension>
          <gpxx:TrackPointExtension>
            <gpxx:Temperature>32</gpxx:Temperature>
          </gpxx:TrackPointExtension>
        </extensions>
      </trkpt>
      <trkpt lat="42.762288004159927" lon="-0.503927981480956">
        <ele>1485.5999999999999</ele>
        <time>2026-07-08T10:01:36Z</time>
        <extensions>
          <gpxtpx:TrackPointExtension>
            <gpxtpx:atemp>32</gpxtpx:atemp>
            <gpxtpx:hr>105</gpxtpx:hr>
            <gpxtpx:cad>0</gpxtpx:cad>
          </gpxtpx:TrackPointExtension>
          <gpxx:TrackPointExtension>
            <gpxx:Temperature>32</gpxx:Temperature>
          </gpxx:TrackPointExtension>
        </extensions>
      </trkpt>
      <trkpt lat="42.762288004159927" lon="-0.503932004794478">
        <ele>1485</ele>
        <time>2026-07-08T10:01:37Z</time>
        <extensions>
          <gpxtpx:TrackPointExtension>
            <gpxtpx:atemp>32</gpxtpx:atemp>
            <gpxtpx:hr>105</gpxtpx:hr>
            <gpxtpx:cad>0</gpxtpx:cad>
          </gpxtpx:TrackPointExtension>
          <gpxx:TrackPointExtension>
            <gpxx:Temperature>32</gpxx:Temperature>
          </gpxx:TrackPointExtension>
        </extensions>
      </trkpt>
      <trkpt lat="42.762286998331547" lon="-0.503938961774111">
        <ele>1484.5999999999999</ele>
        <time>2026-07-08T10:01:40Z</time>
        <extensions>
          <gpxtpx:TrackPointExtension>
            <gpxtpx:atemp>32</gpxtpx:atemp>
            <gpxtpx:hr>104</gpxtpx:hr>
            <gpxtpx:cad>0</gpxtpx:cad>
          </gpxtpx:TrackPointExtension>
          <gpxx:TrackPointExtension>
            <gpxx:Temperature>32</gpxx:Temperature>
          </gpxx:TrackPointExtension>
        </extensions>
      </trkpt>
      <trkpt lat="42.762297978624701" lon="-0.503948014229536">
        <ele>1484.2</ele>
        <time>2026-07-08T10:01:43Z</time>
        <extensions>
          <gpxtpx:TrackPointExtension>
            <gpxtpx:atemp>32</gpxtpx:atemp>
            <gpxtpx:hr>103</gpxtpx:hr>
            <gpxtpx:cad>0</gpxtpx:cad>
          </gpxtpx:TrackPointExtension>
          <gpxx:TrackPointExtension>
            <gpxx:Temperature>32</gpxx:Temperature>
          </gpxx:TrackPointExtension>
        </extensions>
      </trkpt>
      <trkpt lat="42.762308958917856" lon="-0.503940973430872">
        <ele>1483.8</ele>
        <time>2026-07-08T10:01:46Z</time>
        <extensions>
          <gpxtpx:TrackPointExtension>
            <gpxtpx:atemp>32</gpxtpx:atemp>
            <gpxtpx:hr>100</gpxtpx:hr>
            <gpxtpx:cad>0</gpxtpx:cad>
          </gpxtpx:TrackPointExtension>
          <gpxx:TrackPointExtension>
            <gpxx:Temperature>32</gpxx:Temperature>
          </gpxx:TrackPointExtension>
        </extensions>
      </trkpt>
      <trkpt lat="42.762311976402998" lon="-0.503939967602491">
        <ele>1483.4000000000001</ele>
        <time>2026-07-08T10:01:47Z</time>
        <extensions>
          <gpxtpx:TrackPointExtension>
            <gpxtpx:atemp>32</gpxtpx:atemp>
            <gpxtpx:hr>102</gpxtpx:hr>
            <gpxtpx:cad>0</gpxtpx:cad>
          </gpxtpx:TrackPointExtension>
          <gpxx:TrackPointExtension>
            <gpxx:Temperature>32</gpxx:Temperature>
          </gpxx:TrackPointExtension>
        </extensions>
      </trkpt>
      <trkpt lat="42.762329997494817" lon="-0.503923958167434">
        <ele>1482.2</ele>
        <time>2026-07-08T10:01:52Z</time>
        <extensions>
          <gpxtpx:TrackPointExtension>
            <gpxtpx:atemp>32</gpxtpx:atemp>
            <gpxtpx:hr>102</gpxtpx:hr>
            <gpxtpx:cad>0</gpxtpx:cad>
          </gpxtpx:TrackPointExtension>
          <gpxx:TrackPointExtension>
            <gpxx:Temperature>32</gpxx:Temperature>
          </gpxx:TrackPointExtension>
        </extensions>
      </trkpt>
      <trkpt lat="42.76233896613121" lon="-0.503920018672943">
        <ele>1481.4000000000001</ele>
        <time>2026-07-08T10:01:55Z</time>
        <extensions>
          <gpxtpx:TrackPointExtension>
            <gpxtpx:atemp>32</gpxtpx:atemp>
            <gpxtpx:hr>105</gpxtpx:hr>
            <gpxtpx:cad>0</gpxtpx:cad>
          </gpxtpx:TrackPointExtension>
          <gpxx:TrackPointExtension>
            <gpxx:Temperature>32</gpxx:Temperature>
          </gpxx:TrackPointExtension>
        </extensions>
      </trkpt>
      <trkpt lat="42.762341983616352" lon="-0.503917001187801">
        <ele>1481</ele>
        <time>2026-07-08T10:01:56Z</time>
        <extensions>
          <gpxtpx:TrackPointExtension>
            <gpxtpx:atemp>32</gpxtpx:atemp>
            <gpxtpx:hr>105</gpxtpx:hr>
            <gpxtpx:cad>0</gpxtpx:cad>
          </gpxtpx:TrackPointExtension>
          <gpxx:TrackPointExtension>
            <gpxx:Temperature>32</gpxx:Temperature>
          </gpxx:TrackPointExtension>
        </extensions>
      </trkpt>
      <trkpt lat="42.762362016364932" lon="-0.503901997581124">
        <ele>1479.8</ele>
        <time>2026-07-08T10:02:00Z</time>
        <extensions>
          <gpxtpx:TrackPointExtension>
            <gpxtpx:atemp>32</gpxtpx:atemp>
            <gpxtpx:hr>106</gpxtpx:hr>
            <gpxtpx:cad>0</gpxtpx:cad>
          </gpxtpx:TrackPointExtension>
          <gpxx:TrackPointExtension>
            <gpxx:Temperature>32</gpxx:Temperature>
          </gpxx:TrackPointExtension>
        </extensions>
      </trkpt>
      <trkpt lat="42.76237802579999" lon="-0.503881964832544">
        <ele>1478.4000000000001</ele>
        <time>2026-07-08T10:02:03Z</time>
        <extensions>
          <gpxtpx:TrackPointExtension>
            <gpxtpx:atemp>32</gpxtpx:atemp>
            <gpxtpx:hr>106</gpxtpx:hr>
            <gpxtpx:cad>0</gpxtpx:cad>
          </gpxtpx:TrackPointExtension>
          <gpxx:TrackPointExtension>
            <gpxx:Temperature>32</gpxx:Temperature>
          </gpxx:TrackPointExtension>
        </extensions>
      </trkpt>
      <trkpt lat="42.762391017749906" lon="-0.503824967890978">
        <ele>1477.4000000000001</ele>
        <time>2026-07-08T10:02:07Z</time>
        <extensions>
          <gpxtpx:TrackPointExtension>
            <gpxtpx:atemp>32</gpxtpx:atemp>
            <gpxtpx:hr>107</gpxtpx:hr>
            <gpxtpx:cad>0</gpxtpx:cad>
          </gpxtpx:TrackPointExtension>
          <gpxx:TrackPointExtension>
            <gpxx:Temperature>32</gpxx:Temperature>
          </gpxx:TrackPointExtension>
        </extensions>
      </trkpt>
      <trkpt lat="42.762388000264764" lon="-0.503786997869611">
        <ele>1476.4000000000001</ele>
        <time>2026-07-08T10:02:13Z</time>
        <extensions>
          <gpxtpx:TrackPointExtension>
            <gpxtpx:atemp>32</gpxtpx:atemp>
            <gpxtpx:hr>108</gpxtpx:hr>
            <gpxtpx:cad>0</gpxtpx:cad>
          </gpxtpx:TrackPointExtension>
          <gpxx:TrackPointExtension>
            <gpxx:Temperature>32</gpxx:Temperature>
          </gpxx:TrackPointExtension>
        </extensions>
      </trkpt>
      <trkpt lat="42.762388000264764" lon="-0.503789009526372">
        <ele>1476.4000000000001</ele>
        <time>2026-07-08T10:02:14Z</time>
        <extensions>
          <gpxtpx:TrackPointExtension>
            <gpxtpx:atemp>32</gpxtpx:atemp>
            <gpxtpx:hr>108</gpxtpx:hr>
            <gpxtpx:cad>0</gpxtpx:cad>
          </gpxtpx:TrackPointExtension>
          <gpxx:TrackPointExtension>
            <gpxx:Temperature>32</gpxx:Temperature>
          </gpxx:TrackPointExtension>
        </extensions>
      </trkpt>
      <trkpt lat="42.762396968901157" lon="-0.503811975941062">
        <ele>1476.2</ele>
        <time>2026-07-08T10:02:19Z</time>
        <extensions>
          <gpxtpx:TrackPointExtension>
            <gpxtpx:atemp>32</gpxtpx:atemp>
            <gpxtpx:hr>108</gpxtpx:hr>
            <gpxtpx:cad>123</gpxtpx:cad>
          </gpxtpx:TrackPointExtension>
          <gpxx:TrackPointExtension>
            <gpxx:Temperature>32</gpxx:Temperature>
          </gpxx:TrackPointExtension>
        </extensions>
      </trkpt>
      <trkpt lat="42.762389006093144" lon="-0.503800995647907">
        <ele>1475.8</ele>
        <time>2026-07-08T10:02:25Z</time>
        <extensions>
          <gpxtpx:TrackPointExtension>
            <gpxtpx:atemp>32</gpxtpx:atemp>
            <gpxtpx:hr>106</gpxtpx:hr>
            <gpxtpx:cad>0</gpxtpx:cad>
          </gpxtpx:TrackPointExtension>
          <gpxx:TrackPointExtension>
            <gpxx:Temperature>32</gpxx:Temperature>
          </gpxx:TrackPointExtension>
        </extensions>
      </trkpt>
      <trkpt lat="42.76240099221468" lon="-0.50376302562654">
        <ele>1475.4000000000001</ele>
        <time>2026-07-08T10:02:29Z</time>
        <extensions>
          <gpxtpx:TrackPointExtension>
            <gpxtpx:atemp>32</gpxtpx:atemp>
            <gpxtpx:hr>103</gpxtpx:hr>
            <gpxtpx:cad>47</gpxtpx:cad>
          </gpxtpx:TrackPointExtension>
          <gpxx:TrackPointExtension>
            <gpxx:Temperature>32</gpxx:Temperature>
          </gpxx:TrackPointExtension>
        </extensions>
      </trkpt>
      <trkpt lat="42.762405015528202" lon="-0.503753973171115">
        <ele>1475.4000000000001</ele>
        <time>2026-07-08T10:02:31Z</time>
        <extensions>
          <gpxtpx:TrackPointExtension>
            <gpxtpx:atemp>32</gpxtpx:atemp>
            <gpxtpx:hr>103</gpxtpx:hr>
            <gpxtpx:cad>47</gpxtpx:cad>
          </gpxtpx:TrackPointExtension>
          <gpxx:TrackPointExtension>
            <gpxx:Temperature>32</gpxx:Temperature>
          </gpxx:TrackPointExtension>
        </extensions>
      </trkpt>
      <trkpt lat="42.762406021356583" lon="-0.503757996484637">
        <ele>1475</ele>
        <time>2026-07-08T10:02:33Z</time>
        <extensions>
          <gpxtpx:TrackPointExtension>
            <gpxtpx:atemp>32</gpxtpx:atemp>
            <gpxtpx:hr>102</gpxtpx:hr>
            <gpxtpx:cad>50</gpxtpx:cad>
          </gpxtpx:TrackPointExtension>
          <gpxx:TrackPointExtension>
            <gpxx:Temperature>32</gpxx:Temperature>
          </gpxx:TrackPointExtension>
        </extensions>
      </trkpt>
      <trkpt lat="42.762410966679454" lon="-0.503798983991146">
        <ele>1474</ele>
        <time>2026-07-08T10:02:37Z</time>
        <extensions>
          <gpxtpx:TrackPointExtension>
            <gpxtpx:atemp>32</gpxtpx:atemp>
            <gpxtpx:hr>104</gpxtpx:hr>
            <gpxtpx:cad>47</gpxtpx:cad>
          </gpxtpx:TrackPointExtension>
          <gpxx:TrackPointExtension>
            <gpxx:Temperature>32</gpxx:Temperature>
          </gpxx:TrackPointExtension>
        </extensions>
      </trkpt>
      <trkpt lat="42.762411972507834" lon="-0.503807030618191">
        <ele>1473.8</ele>
        <time>2026-07-08T10:02:38Z</time>
        <extensions>
          <gpxtpx:TrackPointExtension>
            <gpxtpx:atemp>32</gpxtpx:atemp>
            <gpxtpx:hr>102</gpxtpx:hr>
            <gpxtpx:cad>47</gpxtpx:cad>
          </gpxtpx:TrackPointExtension>
          <gpxx:TrackPointExtension>
            <gpxx:Temperature>32</gpxx:Temperature>
          </gpxx:TrackPointExtension>
        </extensions>
      </trkpt>
      <trkpt lat="42.762412978336215" lon="-0.503820022568107">
        <ele>1473</ele>
        <time>2026-07-08T10:02:42Z</time>
        <extensions>
          <gpxtpx:TrackPointExtension>
            <gpxtpx:atemp>32</gpxtpx:atemp>
            <gpxtpx:hr>103</gpxtpx:hr>
            <gpxtpx:cad>46</gpxtpx:cad>
          </gpxtpx:TrackPointExtension>
          <gpxx:TrackPointExtension>
            <gpxx:Temperature>32</gpxx:Temperature>
          </gpxx:TrackPointExtension>
        </extensions>
      </trkpt>
      <trkpt lat="42.762415995821357" lon="-0.503837959840894">
        <ele>1472.4000000000001</ele>
        <time>2026-07-08T10:02:45Z</time>
        <extensions>
          <gpxtpx:TrackPointExtension>
            <gpxtpx:atemp>32</gpxtpx:atemp>
            <gpxtpx:hr>103</gpxtpx:hr>
            <gpxtpx:cad>46</gpxtpx:cad>
          </gpxtpx:TrackPointExtension>
          <gpxx:TrackPointExtension>
            <gpxx:Temperature>32</gpxx:Temperature>
          </gpxx:TrackPointExtension>
        </extensions>
      </trkpt>
      <trkpt lat="42.762408033013344" lon="-0.503861010074615">
        <ele>1471.8</ele>
        <time>2026-07-08T10:02:48Z</time>
        <extensions>
          <gpxtpx:TrackPointExtension>
            <gpxtpx:atemp>32</gpxtpx:atemp>
            <gpxtpx:hr>104</gpxtpx:hr>
            <gpxtpx:cad>46</gpxtpx:cad>
          </gpxtpx:TrackPointExtension>
          <gpxx:TrackPointExtension>
            <gpxx:Temperature>32</gpxx:Temperature>
          </gpxx:TrackPointExtension>
        </extensions>
      </trkpt>
      <trkpt lat="42.762420019134879" lon="-0.503893028944731">
        <ele>1471</ele>
        <time>2026-07-08T10:02:54Z</time>
        <extensions>
          <gpxtpx:TrackPointExtension>
            <gpxtpx:atemp>32</gpxtpx:atemp>
            <gpxtpx:hr>102</gpxtpx:hr>
            <gpxtpx:cad>0</gpxtpx:cad>
          </gpxtpx:TrackPointExtension>
          <gpxx:TrackPointExtension>
            <gpxx:Temperature>32</gpxx:Temperature>
          </gpxx:TrackPointExtension>
        </extensions>
      </trkpt>
      <trkpt lat="42.762428987771273" lon="-0.503901997581124">
        <ele>1470.8</ele>
        <time>2026-07-08T10:02:55Z</time>
        <extensions>
          <gpxtpx:TrackPointExtension>
            <gpxtpx:atemp>32</gpxtpx:atemp>
            <gpxtpx:hr>102</gpxtpx:hr>
            <gpxtpx:cad>0</gpxtpx:cad>
          </gpxtpx:TrackPointExtension>
          <gpxx:TrackPointExtension>
            <gpxx:Temperature>32</gpxx:Temperature>
          </gpxx:TrackPointExtension>
        </extensions>
      </trkpt>
      <trkpt lat="42.762442985549569" lon="-0.503899985924363">
        <ele>1469.8</ele>
        <time>2026-07-08T10:02:59Z</time>
        <extensions>
          <gpxtpx:TrackPointExtension>
            <gpxtpx:atemp>32</gpxtpx:atemp>
            <gpxtpx:hr>107</gpxtpx:hr>
            <gpxtpx:cad>0</gpxtpx:cad>
          </gpxtpx:TrackPointExtension>
          <gpxx:TrackPointExtension>
            <gpxx:Temperature>32</gpxx:Temperature>
          </gpxx:TrackPointExtension>
        </extensions>
      </trkpt>
      <trkpt lat="42.762450026348233" lon="-0.50389202311635">
        <ele>1469.5999999999999</ele>
        <time>2026-07-08T10:03:00Z</time>
        <extensions>
          <gpxtpx:TrackPointExtension>
            <gpxtpx:atemp>32</gpxtpx:atemp>
            <gpxtpx:hr>109</gpxtpx:hr>
            <gpxtpx:cad>0</gpxtpx:cad>
          </gpxtpx:TrackPointExtension>
          <gpxx:TrackPointExtension>
            <gpxx:Temperature>32</gpxx:Temperature>
          </gpxx:TrackPointExtension>
        </extensions>
      </trkpt>
      <trkpt lat="42.762454971671104" lon="-0.503885988146067">
        <ele>1469.4000000000001</ele>
        <time>2026-07-08T10:03:01Z</time>
        <extensions>
          <gpxtpx:TrackPointExtension>
            <gpxtpx:atemp>32</gpxtpx:atemp>
            <gpxtpx:hr>111</gpxtpx:hr>
            <gpxtpx:cad>0</gpxtpx:cad>
          </gpxtpx:TrackPointExtension>
          <gpxx:TrackPointExtension>
            <gpxx:Temperature>32</gpxx:Temperature>
          </gpxx:TrackPointExtension>
        </extensions>
      </trkpt>
      <trkpt lat="42.762460000813007" lon="-0.503877019509673">
        <ele>1469</ele>
        <time>2026-07-08T10:03:02Z</time>
        <extensions>
          <gpxtpx:TrackPointExtension>
            <gpxtpx:atemp>32</gpxtpx:atemp>
            <gpxtpx:hr>115</gpxtpx:hr>
            <gpxtpx:cad>0</gpxtpx:cad>
          </gpxtpx:TrackPointExtension>
          <gpxx:TrackPointExtension>
            <gpxx:Temperature>32</gpxx:Temperature>
          </gpxx:TrackPointExtension>
        </extensions>
      </trkpt>
      <trkpt lat="42.762469975277781" lon="-0.503853969275951">
        <ele>1468.2</ele>
        <time>2026-07-08T10:03:05Z</time>
        <extensions>
          <gpxtpx:TrackPointExtension>
            <gpxtpx:atemp>32</gpxtpx:atemp>
            <gpxtpx:hr>113</gpxtpx:hr>
            <gpxtpx:cad>0</gpxtpx:cad>
          </gpxtpx:TrackPointExtension>
          <gpxx:TrackPointExtension>
            <gpxx:Temperature>32</gpxx:Temperature>
          </gpxx:TrackPointExtension>
        </extensions>
      </trkpt>
      <trkpt lat="42.762476010248065" lon="-0.503825973719358">
        <ele>1467.5999999999999</ele>
        <time>2026-07-08T10:03:08Z</time>
        <extensions>
          <gpxtpx:TrackPointExtension>
            <gpxtpx:atemp>32</gpxtpx:atemp>
            <gpxtpx:hr>110</gpxtpx:hr>
            <gpxtpx:cad>0</gpxtpx:cad>
          </gpxtpx:TrackPointExtension>
          <gpxx:TrackPointExtension>
            <gpxx:Temperature>32</gpxx:Temperature>
          </gpxx:TrackPointExtension>
        </extensions>
      </trkpt>
      <trkpt lat="42.762475004419684" lon="-0.503810970112681">
        <ele>1467.4000000000001</ele>
        <time>2026-07-08T10:03:09Z</time>
        <extensions>
          <gpxtpx:TrackPointExtension>
            <gpxtpx:atemp>32</gpxtpx:atemp>
            <gpxtpx:hr>110</gpxtpx:hr>
            <gpxtpx:cad>0</gpxtpx:cad>
          </gpxtpx:TrackPointExtension>
          <gpxx:TrackPointExtension>
            <gpxx:Temperature>32</gpxx:Temperature>
          </gpxx:TrackPointExtension>
        </extensions>
      </trkpt>
      <trkpt lat="42.762476010248065" lon="-0.503790015354753">
        <ele>1467.2</ele>
        <time>2026-07-08T10:03:12Z</time>
        <extensions>
          <gpxtpx:TrackPointExtension>
            <gpxtpx:atemp>32</gpxtpx:atemp>
            <gpxtpx:hr>109</gpxtpx:hr>
            <gpxtpx:cad>53</gpxtpx:cad>
          </gpxtpx:TrackPointExtension>
          <gpxx:TrackPointExtension>
            <gpxx:Temperature>32</gpxx:Temperature>
          </gpxx:TrackPointExtension>
        </extensions>
      </trkpt>
      <trkpt lat="42.762484978884459" lon="-0.503813987597823">
        <ele>1466.2</ele>
        <time>2026-07-08T10:03:16Z</time>
        <extensions>
          <gpxtpx:TrackPointExtension>
            <gpxtpx:atemp>32</gpxtpx:atemp>
            <gpxtpx:hr>108</gpxtpx:hr>
            <gpxtpx:cad>53</gpxtpx:cad>
          </gpxtpx:TrackPointExtension>
          <gpxx:TrackPointExtension>
            <gpxx:Temperature>32</gpxx:Temperature>
          </gpxx:TrackPointExtension>
        </extensions>
      </trkpt>
      <trkpt lat="42.762490008026361" lon="-0.503822034224868">
        <ele>1465.5999999999999</ele>
        <time>2026-07-08T10:03:17Z</time>
        <extensions>
          <gpxtpx:TrackPointExtension>
            <gpxtpx:atemp>32</gpxtpx:atemp>
            <gpxtpx:hr>107</gpxtpx:hr>
            <gpxtpx:cad>53</gpxtpx:cad>
          </gpxtpx:TrackPointExtension>
          <gpxx:TrackPointExtension>
            <gpxx:Temperature>32</gpxx:Temperature>
          </gpxx:TrackPointExtension>
        </extensions>
      </trkpt>
      <trkpt lat="42.762504005804658" lon="-0.503846006467938">
        <ele>1464.5999999999999</ele>
        <time>2026-07-08T10:03:20Z</time>
        <extensions>
          <gpxtpx:TrackPointExtension>
            <gpxtpx:atemp>32</gpxtpx:atemp>
            <gpxtpx:hr>106</gpxtpx:hr>
            <gpxtpx:cad>53</gpxtpx:cad>
          </gpxtpx:TrackPointExtension>
          <gpxx:TrackPointExtension>
            <gpxx:Temperature>32</gpxx:Temperature>
          </gpxx:TrackPointExtension>
        </extensions>
      </trkpt>
      <trkpt lat="42.76250802911818" lon="-0.50387199036777">
        <ele>1463.4000000000001</ele>
        <time>2026-07-08T10:03:23Z</time>
        <extensions>
          <gpxtpx:TrackPointExtension>
            <gpxtpx:atemp>32</gpxtpx:atemp>
            <gpxtpx:hr>106</gpxtpx:hr>
            <gpxtpx:cad>53</gpxtpx:cad>
          </gpxtpx:TrackPointExtension>
          <gpxx:TrackPointExtension>
            <gpxx:Temperature>32</gpxx:Temperature>
          </gpxx:TrackPointExtension>
        </extensions>
      </trkpt>
      <trkpt lat="42.762510040774941" lon="-0.503877019509673">
        <ele>1463.2</ele>
        <time>2026-07-08T10:03:24Z</time>
        <extensions>
          <gpxtpx:TrackPointExtension>
            <gpxtpx:atemp>32</gpxtpx:atemp>
            <gpxtpx:hr>105</gpxtpx:hr>
            <gpxtpx:cad>0</gpxtpx:cad>
          </gpxtpx:TrackPointExtension>
          <gpxx:TrackPointExtension>
            <gpxx:Temperature>32</gpxx:Temperature>
          </gpxx:TrackPointExtension>
        </extensions>
      </trkpt>
      <trkpt lat="42.762523032724857" lon="-0.503882970660925">
        <ele>1462.8</ele>
        <time>2026-07-08T10:03:27Z</time>
        <extensions>
          <gpxtpx:TrackPointExtension>
            <gpxtpx:atemp>32</gpxtpx:atemp>
            <gpxtpx:hr>102</gpxtpx:hr>
            <gpxtpx:cad>0</gpxtpx:cad>
          </gpxtpx:TrackPointExtension>
          <gpxx:TrackPointExtension>
            <gpxx:Temperature>32</gpxx:Temperature>
          </gpxx:TrackPointExtension>
        </extensions>
      </trkpt>
      <trkpt lat="42.76253099553287" lon="-0.503885988146067">
        <ele>1462.2</ele>
        <time>2026-07-08T10:03:29Z</time>
        <extensions>
          <gpxtpx:TrackPointExtension>
            <gpxtpx:atemp>32</gpxtpx:atemp>
            <gpxtpx:hr>99</gpxtpx:hr>
            <gpxtpx:cad>0</gpxtpx:cad>
          </gpxtpx:TrackPointExtension>
          <gpxx:TrackPointExtension>
            <gpxx:Temperature>32</gpxx:Temperature>
          </gpxx:TrackPointExtension>
        </extensions>
      </trkpt>
      <trkpt lat="42.762541975826025" lon="-0.503898980095983">
        <ele>1461.8</ele>
        <time>2026-07-08T10:03:31Z</time>
        <extensions>
          <gpxtpx:TrackPointExtension>
            <gpxtpx:atemp>32</gpxtpx:atemp>
            <gpxtpx:hr>96</gpxtpx:hr>
            <gpxtpx:cad>0</gpxtpx:cad>
          </gpxtpx:TrackPointExtension>
          <gpxx:TrackPointExtension>
            <gpxx:Temperature>32</gpxx:Temperature>
          </gpxx:TrackPointExtension>
        </extensions>
      </trkpt>
      <trkpt lat="42.762556979432702" lon="-0.503909038379788">
        <ele>1461.2</ele>
        <time>2026-07-08T10:03:33Z</time>
        <extensions>
          <gpxtpx:TrackPointExtension>
            <gpxtpx:atemp>32</gpxtpx:atemp>
            <gpxtpx:hr>96</gpxtpx:hr>
            <gpxtpx:cad>0</gpxtpx:cad>
          </gpxtpx:TrackPointExtension>
          <gpxx:TrackPointExtension>
            <gpxx:Temperature>32</gpxx:Temperature>
          </gpxx:TrackPointExtension>
        </extensions>
      </trkpt>
      <trkpt lat="42.762579023838043" lon="-0.503938039764762">
        <ele>1460.2</ele>
        <time>2026-07-08T10:03:37Z</time>
        <extensions>
          <gpxtpx:TrackPointExtension>
            <gpxtpx:atemp>32</gpxtpx:atemp>
            <gpxtpx:hr>95</gpxtpx:hr>
            <gpxtpx:cad>0</gpxtpx:cad>
          </gpxtpx:TrackPointExtension>
          <gpxx:TrackPointExtension>
            <gpxx:Temperature>32</gpxx:Temperature>
          </gpxx:TrackPointExtension>
        </extensions>
      </trkpt>
      <trkpt lat="42.762582963332534" lon="-0.503941979259253">
        <ele>1459.5999999999999</ele>
        <time>2026-07-08T10:03:38Z</time>
        <extensions>
          <gpxtpx:TrackPointExtension>
            <gpxtpx:atemp>32</gpxtpx:atemp>
            <gpxtpx:hr>94</gpxtpx:hr>
            <gpxtpx:cad>0</gpxtpx:cad>
          </gpxtpx:TrackPointExtension>
          <gpxx:TrackPointExtension>
            <gpxx:Temperature>32</gpxx:Temperature>
          </gpxx:TrackPointExtension>
        </extensions>
      </trkpt>
      <trkpt lat="42.762588998302817" lon="-0.503940973430872">
        <ele>1459</ele>
        <time>2026-07-08T10:03:41Z</time>
        <extensions>
          <gpxtpx:TrackPointExtension>
            <gpxtpx:atemp>32</gpxtpx:atemp>
            <gpxtpx:hr>94</gpxtpx:hr>
            <gpxtpx:cad>0</gpxtpx:cad>
          </gpxtpx:TrackPointExtension>
          <gpxx:TrackPointExtension>
            <gpxx:Temperature>32</gpxx:Temperature>
          </gpxx:TrackPointExtension>
        </extensions>
      </trkpt>
      <trkpt lat="42.762597966939211" lon="-0.50393401645124">
        <ele>1457.8</ele>
        <time>2026-07-08T10:03:45Z</time>
        <extensions>
          <gpxtpx:TrackPointExtension>
            <gpxtpx:atemp>32</gpxtpx:atemp>
            <gpxtpx:hr>93</gpxtpx:hr>
            <gpxtpx:cad>0</gpxtpx:cad>
          </gpxtpx:TrackPointExtension>
          <gpxx:TrackPointExtension>
            <gpxx:Temperature>32</gpxx:Temperature>
          </gpxx:TrackPointExtension>
        </extensions>
      </trkpt>
      <trkpt lat="42.762608025223017" lon="-0.503939967602491">
        <ele>1456.5999999999999</ele>
        <time>2026-07-08T10:03:51Z</time>
        <extensions>
          <gpxtpx:TrackPointExtension>
            <gpxtpx:atemp>32</gpxtpx:atemp>
            <gpxtpx:hr>93</gpxtpx:hr>
            <gpxtpx:cad>0</gpxtpx:cad>
          </gpxtpx:TrackPointExtension>
          <gpxx:TrackPointExtension>
            <gpxx:Temperature>32</gpxx:Temperature>
          </gpxx:TrackPointExtension>
        </extensions>
      </trkpt>
      <trkpt lat="42.762619005516171" lon="-0.503948014229536">
        <ele>1456</ele>
        <time>2026-07-08T10:03:53Z</time>
        <extensions>
          <gpxtpx:TrackPointExtension>
            <gpxtpx:atemp>32</gpxtpx:atemp>
            <gpxtpx:hr>94</gpxtpx:hr>
            <gpxtpx:cad>0</gpxtpx:cad>
          </gpxtpx:TrackPointExtension>
          <gpxx:TrackPointExtension>
            <gpxx:Temperature>32</gpxx:Temperature>
          </gpxx:TrackPointExtension>
        </extensions>
      </trkpt>
      <trkpt lat="42.762625962495804" lon="-0.503967963159084">
        <ele>1455.5999999999999</ele>
        <time>2026-07-08T10:03:55Z</time>
        <extensions>
          <gpxtpx:TrackPointExtension>
            <gpxtpx:atemp>32</gpxtpx:atemp>
            <gpxtpx:hr>94</gpxtpx:hr>
            <gpxtpx:cad>0</gpxtpx:cad>
          </gpxtpx:TrackPointExtension>
          <gpxx:TrackPointExtension>
            <gpxx:Temperature>32</gpxx:Temperature>
          </gpxx:TrackPointExtension>
        </extensions>
      </trkpt>
      <trkpt lat="42.7626399602741" lon="-0.503992019221187">
        <ele>1454.5999999999999</ele>
        <time>2026-07-08T10:04:00Z</time>
        <extensions>
          <gpxtpx:TrackPointExtension>
            <gpxtpx:atemp>32</gpxtpx:atemp>
            <gpxtpx:hr>92</gpxtpx:hr>
            <gpxtpx:cad>0</gpxtpx:cad>
          </gpxtpx:TrackPointExtension>
          <gpxx:TrackPointExtension>
            <gpxx:Temperature>32</gpxx:Temperature>
          </gpxx:TrackPointExtension>
        </extensions>
      </trkpt>
      <trkpt lat="42.762647001072764" lon="-0.503997970372438">
        <ele>1453.8</ele>
        <time>2026-07-08T10:04:04Z</time>
        <extensions>
          <gpxtpx:TrackPointExtension>
            <gpxtpx:atemp>32</gpxtpx:atemp>
            <gpxtpx:hr>95</gpxtpx:hr>
            <gpxtpx:cad>0</gpxtpx:cad>
          </gpxtpx:TrackPointExtension>
          <gpxx:TrackPointExtension>
            <gpxx:Temperature>32</gpxx:Temperature>
          </gpxx:TrackPointExtension>
        </extensions>
      </trkpt>
      <trkpt lat="42.762647001072764" lon="-0.504004005342722">
        <ele>1453.8</ele>
        <time>2026-07-08T10:04:06Z</time>
        <extensions>
          <gpxtpx:TrackPointExtension>
            <gpxtpx:atemp>32</gpxtpx:atemp>
            <gpxtpx:hr>96</gpxtpx:hr>
            <gpxtpx:cad>0</gpxtpx:cad>
          </gpxtpx:TrackPointExtension>
          <gpxx:TrackPointExtension>
            <gpxx:Temperature>32</gpxx:Temperature>
          </gpxx:TrackPointExtension>
        </extensions>
      </trkpt>
      <trkpt lat="42.762648006901145" lon="-0.504008028656244">
        <ele>1453.5999999999999</ele>
        <time>2026-07-08T10:04:07Z</time>
        <extensions>
          <gpxtpx:TrackPointExtension>
            <gpxtpx:atemp>32</gpxtpx:atemp>
            <gpxtpx:hr>96</gpxtpx:hr>
            <gpxtpx:cad>0</gpxtpx:cad>
          </gpxtpx:TrackPointExtension>
          <gpxx:TrackPointExtension>
            <gpxx:Temperature>32</gpxx:Temperature>
          </gpxx:TrackPointExtension>
        </extensions>
      </trkpt>
      <trkpt lat="42.762664016336203" lon="-0.504033006727695">
        <ele>1452.4000000000001</ele>
        <time>2026-07-08T10:04:11Z</time>
        <extensions>
          <gpxtpx:TrackPointExtension>
            <gpxtpx:atemp>32</gpxtpx:atemp>
            <gpxtpx:hr>97</gpxtpx:hr>
            <gpxtpx:cad>0</gpxtpx:cad>
          </gpxtpx:TrackPointExtension>
          <gpxx:TrackPointExtension>
            <gpxx:Temperature>32</gpxx:Temperature>
          </gpxx:TrackPointExtension>
        </extensions>
      </trkpt>
      <trkpt lat="42.762677008286119" lon="-0.504025965929031">
        <ele>1451.8</ele>
        <time>2026-07-08T10:04:14Z</time>
        <extensions>
          <gpxtpx:TrackPointExtension>
            <gpxtpx:atemp>32</gpxtpx:atemp>
            <gpxtpx:hr>97</gpxtpx:hr>
            <gpxtpx:cad>0</gpxtpx:cad>
          </gpxtpx:TrackPointExtension>
          <gpxx:TrackPointExtension>
            <gpxx:Temperature>32</gpxx:Temperature>
          </gpxx:TrackPointExtension>
        </extensions>
      </trkpt>
      <trkpt lat="42.76268002577126" lon="-0.50402102060616">
        <ele>1451.4000000000001</ele>
        <time>2026-07-08T10:04:15Z</time>
        <extensions>
          <gpxtpx:TrackPointExtension>
            <gpxtpx:atemp>32</gpxtpx:atemp>
            <gpxtpx:hr>97</gpxtpx:hr>
            <gpxtpx:cad>0</gpxtpx:cad>
          </gpxtpx:TrackPointExtension>
          <gpxx:TrackPointExtension>
            <gpxx:Temperature>32</gpxx:Temperature>
          </gpxx:TrackPointExtension>
        </extensions>
      </trkpt>
      <trkpt lat="42.762688994407654" lon="-0.504024038091302">
        <ele>1450.4000000000001</ele>
        <time>2026-07-08T10:04:19Z</time>
        <extensions>
          <gpxtpx:TrackPointExtension>
            <gpxtpx:atemp>32</gpxtpx:atemp>
            <gpxtpx:hr>97</gpxtpx:hr>
            <gpxtpx:cad>0</gpxtpx:cad>
          </gpxtpx:TrackPointExtension>
          <gpxx:TrackPointExtension>
            <gpxx:Temperature>32</gpxx:Temperature>
          </gpxx:TrackPointExtension>
        </extensions>
      </trkpt>
      <trkpt lat="42.762696035206318" lon="-0.504035018384457">
        <ele>1450</ele>
        <time>2026-07-08T10:04:21Z</time>
        <extensions>
          <gpxtpx:TrackPointExtension>
            <gpxtpx:atemp>32</gpxtpx:atemp>
            <gpxtpx:hr>97</gpxtpx:hr>
            <gpxtpx:cad>0</gpxtpx:cad>
          </gpxtpx:TrackPointExtension>
          <gpxx:TrackPointExtension>
            <gpxx:Temperature>32</gpxx:Temperature>
          </gpxx:TrackPointExtension>
        </extensions>
      </trkpt>
      <trkpt lat="42.762698968872428" lon="-0.504035018384457">
        <ele>1449.4000000000001</ele>
        <time>2026-07-08T10:04:27Z</time>
        <extensions>
          <gpxtpx:TrackPointExtension>
            <gpxtpx:atemp>32</gpxtpx:atemp>
            <gpxtpx:hr>96</gpxtpx:hr>
            <gpxtpx:cad>0</gpxtpx:cad>
          </gpxtpx:TrackPointExtension>
          <gpxx:TrackPointExtension>
            <gpxx:Temperature>32</gpxx:Temperature>
          </gpxx:TrackPointExtension>
        </extensions>
      </trkpt>
      <trkpt lat="42.762698968872428" lon="-0.504035018384457">
        <ele>1449.2</ele>
        <time>2026-07-08T10:04:30Z</time>
        <extensions>
          <gpxtpx:TrackPointExtension>
            <gpxtpx:atemp>32</gpxtpx:atemp>
            <gpxtpx:hr>93</gpxtpx:hr>
            <gpxtpx:cad>0</gpxtpx:cad>
          </gpxtpx:TrackPointExtension>
          <gpxx:TrackPointExtension>
            <gpxx:Temperature>32</gpxx:Temperature>
          </gpxx:TrackPointExtension>
        </extensions>
      </trkpt>
      <trkpt lat="42.762698968872428" lon="-0.504035018384457">
        <ele>1449.2</ele>
        <time>2026-07-08T10:04:31Z</time>
        <extensions>
          <gpxtpx:TrackPointExtension>
            <gpxtpx:atemp>32</gpxtpx:atemp>
            <gpxtpx:hr>95</gpxtpx:hr>
            <gpxtpx:cad>0</gpxtpx:cad>
          </gpxtpx:TrackPointExtension>
          <gpxx:TrackPointExtension>
            <gpxx:Temperature>32</gpxx:Temperature>
          </gpxx:TrackPointExtension>
        </extensions>
      </trkpt>
      <trkpt lat="42.762697963044047" lon="-0.504036024212837">
        <ele>1448.2</ele>
        <time>2026-07-08T10:04:39Z</time>
        <extensions>
          <gpxtpx:TrackPointExtension>
            <gpxtpx:atemp>32</gpxtpx:atemp>
            <gpxtpx:hr>94</gpxtpx:hr>
            <gpxtpx:cad>0</gpxtpx:cad>
          </gpxtpx:TrackPointExtension>
          <gpxx:TrackPointExtension>
            <gpxx:Temperature>32</gpxx:Temperature>
          </gpxx:TrackPointExtension>
        </extensions>
      </trkpt>
      <trkpt lat="42.762697963044047" lon="-0.504040969535708">
        <ele>1447.8</ele>
        <time>2026-07-08T10:04:40Z</time>
        <extensions>
          <gpxtpx:TrackPointExtension>
            <gpxtpx:atemp>32</gpxtpx:atemp>
            <gpxtpx:hr>97</gpxtpx:hr>
            <gpxtpx:cad>0</gpxtpx:cad>
          </gpxtpx:TrackPointExtension>
          <gpxx:TrackPointExtension>
            <gpxx:Temperature>32</gpxx:Temperature>
          </gpxx:TrackPointExtension>
        </extensions>
      </trkpt>
      <trkpt lat="42.762697963044047" lon="-0.504055973142385">
        <ele>1447.4000000000001</ele>
        <time>2026-07-08T10:04:43Z</time>
        <extensions>
          <gpxtpx:TrackPointExtension>
            <gpxtpx:atemp>32</gpxtpx:atemp>
            <gpxtpx:hr>100</gpxtpx:hr>
            <gpxtpx:cad>75</gpxtpx:cad>
          </gpxtpx:TrackPointExtension>
          <gpxx:TrackPointExtension>
            <gpxx:Temperature>32</gpxx:Temperature>
          </gpxx:TrackPointExtension>
        </extensions>
      </trkpt>
      <trkpt lat="42.762698968872428" lon="-0.504075000062585">
        <ele>1447.2</ele>
        <time>2026-07-08T10:04:46Z</time>
        <extensions>
          <gpxtpx:TrackPointExtension>
            <gpxtpx:atemp>32</gpxtpx:atemp>
            <gpxtpx:hr>104</gpxtpx:hr>
            <gpxtpx:cad>75</gpxtpx:cad>
          </gpxtpx:TrackPointExtension>
          <gpxx:TrackPointExtension>
            <gpxx:Temperature>32</gpxx:Temperature>
          </gpxx:TrackPointExtension>
        </extensions>
      </trkpt>
      <trkpt lat="42.762706009671092" lon="-0.504113975912333">
        <ele>1445.5999999999999</ele>
        <time>2026-07-08T10:04:51Z</time>
        <extensions>
          <gpxtpx:TrackPointExtension>
            <gpxtpx:atemp>32</gpxtpx:atemp>
            <gpxtpx:hr>103</gpxtpx:hr>
            <gpxtpx:cad>75</gpxtpx:cad>
          </gpxtpx:TrackPointExtension>
          <gpxx:TrackPointExtension>
            <gpxx:Temperature>32</gpxx:Temperature>
          </gpxx:TrackPointExtension>
        </extensions>
      </trkpt>
      <trkpt lat="42.762711960822344" lon="-0.504125962033868">
        <ele>1444.5999999999999</ele>
        <time>2026-07-08T10:04:53Z</time>
        <extensions>
          <gpxtpx:TrackPointExtension>
            <gpxtpx:atemp>32</gpxtpx:atemp>
            <gpxtpx:hr>103</gpxtpx:hr>
            <gpxtpx:cad>0</gpxtpx:cad>
          </gpxtpx:TrackPointExtension>
          <gpxx:TrackPointExtension>
            <gpxx:Temperature>32</gpxx:Temperature>
          </gpxx:TrackPointExtension>
        </extensions>
      </trkpt>
      <trkpt lat="42.762725036591291" lon="-0.504160998389125">
        <ele>1443.4000000000001</ele>
        <time>2026-07-08T10:04:59Z</time>
        <extensions>
          <gpxtpx:TrackPointExtension>
            <gpxtpx:atemp>32</gpxtpx:atemp>
            <gpxtpx:hr>102</gpxtpx:hr>
            <gpxtpx:cad>0</gpxtpx:cad>
          </gpxtpx:TrackPointExtension>
          <gpxx:TrackPointExtension>
            <gpxx:Temperature>32</gpxx:Temperature>
          </gpxx:TrackPointExtension>
        </extensions>
      </trkpt>
      <trkpt lat="42.762753032147884" lon="-0.50417197868228">
        <ele>1442.4000000000001</ele>
        <time>2026-07-08T10:05:04Z</time>
        <extensions>
          <gpxtpx:TrackPointExtension>
            <gpxtpx:atemp>32</gpxtpx:atemp>
            <gpxtpx:hr>101</gpxtpx:hr>
            <gpxtpx:cad>0</gpxtpx:cad>
          </gpxtpx:TrackPointExtension>
          <gpxx:TrackPointExtension>
            <gpxx:Temperature>32</gpxx:Temperature>
          </gpxx:TrackPointExtension>
        </extensions>
      </trkpt>
      <trkpt lat="42.762769963592291" lon="-0.504178013652563">
        <ele>1441.4000000000001</ele>
        <time>2026-07-08T10:05:09Z</time>
        <extensions>
          <gpxtpx:TrackPointExtension>
            <gpxtpx:atemp>32</gpxtpx:atemp>
            <gpxtpx:hr>103</gpxtpx:hr>
            <gpxtpx:cad>0</gpxtpx:cad>
          </gpxtpx:TrackPointExtension>
          <gpxx:TrackPointExtension>
            <gpxx:Temperature>32</gpxx:Temperature>
          </gpxx:TrackPointExtension>
        </extensions>
      </trkpt>
      <trkpt lat="42.762773986905813" lon="-0.504181031137705">
        <ele>1441.2</ele>
        <time>2026-07-08T10:05:10Z</time>
        <extensions>
          <gpxtpx:TrackPointExtension>
            <gpxtpx:atemp>32</gpxtpx:atemp>
            <gpxtpx:hr>100</gpxtpx:hr>
            <gpxtpx:cad>0</gpxtpx:cad>
          </gpxtpx:TrackPointExtension>
          <gpxx:TrackPointExtension>
            <gpxx:Temperature>32</gpxx:Temperature>
          </gpxx:TrackPointExtension>
        </extensions>
      </trkpt>
      <trkpt lat="42.762794019654393" lon="-0.504197962582111">
        <ele>1440</ele>
        <time>2026-07-08T10:05:17Z</time>
        <extensions>
          <gpxtpx:TrackPointExtension>
            <gpxtpx:atemp>32</gpxtpx:atemp>
            <gpxtpx:hr>100</gpxtpx:hr>
            <gpxtpx:cad>0</gpxtpx:cad>
          </gpxtpx:TrackPointExtension>
          <gpxx:TrackPointExtension>
            <gpxx:Temperature>32</gpxx:Temperature>
          </gpxx:TrackPointExtension>
        </extensions>
      </trkpt>
      <trkpt lat="42.762823021039367" lon="-0.504198968410492">
        <ele>1439</ele>
        <time>2026-07-08T10:05:25Z</time>
        <extensions>
          <gpxtpx:TrackPointExtension>
            <gpxtpx:atemp>32</gpxtpx:atemp>
            <gpxtpx:hr>100</gpxtpx:hr>
            <gpxtpx:cad>0</gpxtpx:cad>
          </gpxtpx:TrackPointExtension>
          <gpxx:TrackPointExtension>
            <gpxx:Temperature>32</gpxx:Temperature>
          </gpxx:TrackPointExtension>
        </extensions>
      </trkpt>
      <trkpt lat="42.762827966362238" lon="-0.504198968410492">
        <ele>1437.8</ele>
        <time>2026-07-08T10:05:28Z</time>
        <extensions>
          <gpxtpx:TrackPointExtension>
            <gpxtpx:atemp>32</gpxtpx:atemp>
            <gpxtpx:hr>98</gpxtpx:hr>
            <gpxtpx:cad>0</gpxtpx:cad>
          </gpxtpx:TrackPointExtension>
          <gpxx:TrackPointExtension>
            <gpxx:Temperature>32</gpxx:Temperature>
          </gpxx:TrackPointExtension>
        </extensions>
      </trkpt>
      <trkpt lat="42.762857973575592" lon="-0.504189999774098">
        <ele>1436.5999999999999</ele>
        <time>2026-07-08T10:05:35Z</time>
        <extensions>
          <gpxtpx:TrackPointExtension>
            <gpxtpx:atemp>32</gpxtpx:atemp>
            <gpxtpx:hr>98</gpxtpx:hr>
            <gpxtpx:cad>0</gpxtpx:cad>
          </gpxtpx:TrackPointExtension>
          <gpxx:TrackPointExtension>
            <gpxx:Temperature>32</gpxx:Temperature>
          </gpxx:TrackPointExtension>
        </extensions>
      </trkpt>
      <trkpt lat="42.762859985232353" lon="-0.504187988117337">
        <ele>1436.4000000000001</ele>
        <time>2026-07-08T10:05:36Z</time>
        <extensions>
          <gpxtpx:TrackPointExtension>
            <gpxtpx:atemp>32</gpxtpx:atemp>
            <gpxtpx:hr>95</gpxtpx:hr>
            <gpxtpx:cad>0</gpxtpx:cad>
          </gpxtpx:TrackPointExtension>
          <gpxx:TrackPointExtension>
            <gpxx:Temperature>32</gpxx:Temperature>
          </gpxx:TrackPointExtension>
        </extensions>
      </trkpt>
      <trkpt lat="42.762867026031017" lon="-0.504180025309324">
        <ele>1435.4000000000001</ele>
        <time>2026-07-08T10:05:39Z</time>
        <extensions>
          <gpxtpx:TrackPointExtension>
            <gpxtpx:atemp>32</gpxtpx:atemp>
            <gpxtpx:hr>93</gpxtpx:hr>
            <gpxtpx:cad>0</gpxtpx:cad>
          </gpxtpx:TrackPointExtension>
          <gpxx:TrackPointExtension>
            <gpxx:Temperature>32</gpxx:Temperature>
          </gpxx:TrackPointExtension>
        </extensions>
      </trkpt>
      <trkpt lat="42.762880017980933" lon="-0.504173990339041">
        <ele>1434.4000000000001</ele>
        <time>2026-07-08T10:05:43Z</time>
        <extensions>
          <gpxtpx:TrackPointExtension>
            <gpxtpx:atemp>32</gpxtpx:atemp>
            <gpxtpx:hr>92</gpxtpx:hr>
            <gpxtpx:cad>0</gpxtpx:cad>
          </gpxtpx:TrackPointExtension>
          <gpxx:TrackPointExtension>
            <gpxx:Temperature>32</gpxx:Temperature>
          </gpxx:TrackPointExtension>
        </extensions>
      </trkpt>
      <trkpt lat="42.762932991608977" lon="-0.504135014489293">
        <ele>1433</ele>
        <time>2026-07-08T10:05:51Z</time>
        <extensions>
          <gpxtpx:TrackPointExtension>
            <gpxtpx:atemp>32</gpxtpx:atemp>
            <gpxtpx:hr>93</gpxtpx:hr>
            <gpxtpx:cad>69</gpxtpx:cad>
          </gpxtpx:TrackPointExtension>
          <gpxx:TrackPointExtension>
            <gpxx:Temperature>32</gpxx:Temperature>
          </gpxx:TrackPointExtension>
        </extensions>
      </trkpt>
      <trkpt lat="42.762943971902132" lon="-0.504119005054235">
        <ele>1432.5999999999999</ele>
        <time>2026-07-08T10:05:52Z</time>
        <extensions>
          <gpxtpx:TrackPointExtension>
            <gpxtpx:atemp>32</gpxtpx:atemp>
            <gpxtpx:hr>93</gpxtpx:hr>
            <gpxtpx:cad>69</gpxtpx:cad>
          </gpxtpx:TrackPointExtension>
          <gpxx:TrackPointExtension>
            <gpxx:Temperature>32</gpxx:Temperature>
          </gpxx:TrackPointExtension>
        </extensions>
      </trkpt>
      <trkpt lat="42.762978002429008" lon="-0.504090003669262">
        <ele>1431.8</ele>
        <time>2026-07-08T10:05:55Z</time>
        <extensions>
          <gpxtpx:TrackPointExtension>
            <gpxtpx:atemp>32</gpxtpx:atemp>
            <gpxtpx:hr>94</gpxtpx:hr>
            <gpxtpx:cad>69</gpxtpx:cad>
          </gpxtpx:TrackPointExtension>
          <gpxx:TrackPointExtension>
            <gpxx:Temperature>32</gpxx:Temperature>
          </gpxx:TrackPointExtension>
        </extensions>
      </trkpt>
      <trkpt lat="42.763029970228672" lon="-0.504077011719346">
        <ele>1430.8</ele>
        <time>2026-07-08T10:05:58Z</time>
        <extensions>
          <gpxtpx:TrackPointExtension>
            <gpxtpx:atemp>32</gpxtpx:atemp>
            <gpxtpx:hr>94</gpxtpx:hr>
            <gpxtpx:cad>69</gpxtpx:cad>
          </gpxtpx:TrackPointExtension>
          <gpxx:TrackPointExtension>
            <gpxx:Temperature>32</gpxx:Temperature>
          </gpxx:TrackPointExtension>
        </extensions>
      </trkpt>
      <trkpt lat="42.763031981885433" lon="-0.504067959263921">
        <ele>1430.5999999999999</ele>
        <time>2026-07-08T10:05:59Z</time>
        <extensions>
          <gpxtpx:TrackPointExtension>
            <gpxtpx:atemp>32</gpxtpx:atemp>
            <gpxtpx:hr>94</gpxtpx:hr>
            <gpxtpx:cad>69</gpxtpx:cad>
          </gpxtpx:TrackPointExtension>
          <gpxx:TrackPointExtension>
            <gpxx:Temperature>32</gpxx:Temperature>
          </gpxx:TrackPointExtension>
        </extensions>
      </trkpt>
      <trkpt lat="42.763043968006968" lon="-0.504032000899315">
        <ele>1429.2</ele>
        <time>2026-07-08T10:06:02Z</time>
        <extensions>
          <gpxtpx:TrackPointExtension>
            <gpxtpx:atemp>32</gpxtpx:atemp>
            <gpxtpx:hr>94</gpxtpx:hr>
            <gpxtpx:cad>69</gpxtpx:cad>
          </gpxtpx:TrackPointExtension>
          <gpxx:TrackPointExtension>
            <gpxx:Temperature>32</gpxx:Temperature>
          </gpxx:TrackPointExtension>
        </extensions>
      </trkpt>
      <trkpt lat="42.763047991320491" lon="-0.504002999514341">
        <ele>1428.5999999999999</ele>
        <time>2026-07-08T10:06:04Z</time>
        <extensions>
          <gpxtpx:TrackPointExtension>
            <gpxtpx:atemp>32</gpxtpx:atemp>
            <gpxtpx:hr>94</gpxtpx:hr>
            <gpxtpx:cad>0</gpxtpx:cad>
          </gpxtpx:TrackPointExtension>
          <gpxx:TrackPointExtension>
            <gpxx:Temperature>32</gpxx:Temperature>
          </gpxx:TrackPointExtension>
        </extensions>
      </trkpt>
      <trkpt lat="42.763048997148871" lon="-0.503984978422523">
        <ele>1428.2</ele>
        <time>2026-07-08T10:06:06Z</time>
        <extensions>
          <gpxtpx:TrackPointExtension>
            <gpxtpx:atemp>32</gpxtpx:atemp>
            <gpxtpx:hr>93</gpxtpx:hr>
            <gpxtpx:cad>0</gpxtpx:cad>
          </gpxtpx:TrackPointExtension>
          <gpxx:TrackPointExtension>
            <gpxx:Temperature>32</gpxx:Temperature>
          </gpxx:TrackPointExtension>
        </extensions>
      </trkpt>
      <trkpt lat="42.763076992705464" lon="-0.503987995907664">
        <ele>1427.5999999999999</ele>
        <time>2026-07-08T10:06:10Z</time>
        <extensions>
          <gpxtpx:TrackPointExtension>
            <gpxtpx:atemp>32</gpxtpx:atemp>
            <gpxtpx:hr>92</gpxtpx:hr>
            <gpxtpx:cad>0</gpxtpx:cad>
          </gpxtpx:TrackPointExtension>
          <gpxx:TrackPointExtension>
            <gpxx:Temperature>32</gpxx:Temperature>
          </gpxx:TrackPointExtension>
        </extensions>
      </trkpt>
      <trkpt lat="42.763088978827" lon="-0.503995958715677">
        <ele>1427.2</ele>
        <time>2026-07-08T10:06:11Z</time>
        <extensions>
          <gpxtpx:TrackPointExtension>
            <gpxtpx:atemp>32</gpxtpx:atemp>
            <gpxtpx:hr>92</gpxtpx:hr>
            <gpxtpx:cad>0</gpxtpx:cad>
          </gpxtpx:TrackPointExtension>
          <gpxx:TrackPointExtension>
            <gpxx:Temperature>32</gpxx:Temperature>
          </gpxx:TrackPointExtension>
        </extensions>
      </trkpt>
      <trkpt lat="42.763115968555212" lon="-0.50402001477778">
        <ele>1426.2</ele>
        <time>2026-07-08T10:06:13Z</time>
        <extensions>
          <gpxtpx:TrackPointExtension>
            <gpxtpx:atemp>32</gpxtpx:atemp>
            <gpxtpx:hr>91</gpxtpx:hr>
            <gpxtpx:cad>64</gpxtpx:cad>
          </gpxtpx:TrackPointExtension>
          <gpxx:TrackPointExtension>
            <gpxx:Temperature>32</gpxx:Temperature>
          </gpxx:TrackPointExtension>
        </extensions>
      </trkpt>
      <trkpt lat="42.76313298381865" lon="-0.504054967314005">
        <ele>1425.2</ele>
        <time>2026-07-08T10:06:15Z</time>
        <extensions>
          <gpxtpx:TrackPointExtension>
            <gpxtpx:atemp>32</gpxtpx:atemp>
            <gpxtpx:hr>91</gpxtpx:hr>
            <gpxtpx:cad>63</gpxtpx:cad>
          </gpxtpx:TrackPointExtension>
          <gpxx:TrackPointExtension>
            <gpxx:Temperature>32</gpxx:Temperature>
          </gpxx:TrackPointExtension>
        </extensions>
      </trkpt>
      <trkpt lat="42.763137007132173" lon="-0.504068965092301">
        <ele>1425</ele>
        <time>2026-07-08T10:06:16Z</time>
        <extensions>
          <gpxtpx:TrackPointExtension>
            <gpxtpx:atemp>32</gpxtpx:atemp>
            <gpxtpx:hr>92</gpxtpx:hr>
            <gpxtpx:cad>63</gpxtpx:cad>
          </gpxtpx:TrackPointExtension>
          <gpxx:TrackPointExtension>
            <gpxx:Temperature>32</gpxx:Temperature>
          </gpxx:TrackPointExtension>
        </extensions>
      </trkpt>
      <trkpt lat="42.763142958283424" lon="-0.504071982577443">
        <ele>1424.5999999999999</ele>
        <time>2026-07-08T10:06:17Z</time>
        <extensions>
          <gpxtpx:TrackPointExtension>
            <gpxtpx:atemp>32</gpxtpx:atemp>
            <gpxtpx:hr>91</gpxtpx:hr>
            <gpxtpx:cad>56</gpxtpx:cad>
          </gpxtpx:TrackPointExtension>
          <gpxx:TrackPointExtension>
            <gpxx:Temperature>32</gpxx:Temperature>
          </gpxx:TrackPointExtension>
        </extensions>
      </trkpt>
      <trkpt lat="42.763160979375243" lon="-0.504057984799147">
        <ele>1423.8</ele>
        <time>2026-07-08T10:06:19Z</time>
        <extensions>
          <gpxtpx:TrackPointExtension>
            <gpxtpx:atemp>32</gpxtpx:atemp>
            <gpxtpx:hr>91</gpxtpx:hr>
            <gpxtpx:cad>56</gpxtpx:cad>
          </gpxtpx:TrackPointExtension>
          <gpxx:TrackPointExtension>
            <gpxx:Temperature>32</gpxx:Temperature>
          </gpxx:TrackPointExtension>
        </extensions>
      </trkpt>
      <trkpt lat="42.763168020173907" lon="-0.504044992849231">
        <ele>1423.5999999999999</ele>
        <time>2026-07-08T10:06:20Z</time>
        <extensions>
          <gpxtpx:TrackPointExtension>
            <gpxtpx:atemp>32</gpxtpx:atemp>
            <gpxtpx:hr>91</gpxtpx:hr>
            <gpxtpx:cad>56</gpxtpx:cad>
          </gpxtpx:TrackPointExtension>
          <gpxx:TrackPointExtension>
            <gpxx:Temperature>32</gpxx:Temperature>
          </gpxx:TrackPointExtension>
        </extensions>
      </trkpt>
      <trkpt lat="42.763183023780584" lon="-0.504010962322354">
        <ele>1422.5999999999999</ele>
        <time>2026-07-08T10:06:23Z</time>
        <extensions>
          <gpxtpx:TrackPointExtension>
            <gpxtpx:atemp>32</gpxtpx:atemp>
            <gpxtpx:hr>93</gpxtpx:hr>
            <gpxtpx:cad>55</gpxtpx:cad>
          </gpxtpx:TrackPointExtension>
          <gpxx:TrackPointExtension>
            <gpxx:Temperature>32</gpxx:Temperature>
          </gpxx:TrackPointExtension>
        </extensions>
      </trkpt>
      <trkpt lat="42.763204984366894" lon="-0.503973998129368">
        <ele>1421.4000000000001</ele>
        <time>2026-07-08T10:06:26Z</time>
        <extensions>
          <gpxtpx:TrackPointExtension>
            <gpxtpx:atemp>32</gpxtpx:atemp>
            <gpxtpx:hr>94</gpxtpx:hr>
            <gpxtpx:cad>55</gpxtpx:cad>
          </gpxtpx:TrackPointExtension>
          <gpxx:TrackPointExtension>
            <gpxx:Temperature>32</gpxx:Temperature>
          </gpxx:TrackPointExtension>
        </extensions>
      </trkpt>
      <trkpt lat="42.763225017115474" lon="-0.503943990916014">
        <ele>1420.4000000000001</ele>
        <time>2026-07-08T10:06:28Z</time>
        <extensions>
          <gpxtpx:TrackPointExtension>
            <gpxtpx:atemp>32</gpxtpx:atemp>
            <gpxtpx:hr>96</gpxtpx:hr>
            <gpxtpx:cad>55</gpxtpx:cad>
          </gpxtpx:TrackPointExtension>
          <gpxx:TrackPointExtension>
            <gpxx:Temperature>32</gpxx:Temperature>
          </gpxx:TrackPointExtension>
        </extensions>
      </trkpt>
      <trkpt lat="42.763242032378912" lon="-0.503930998966098">
        <ele>1419.4000000000001</ele>
        <time>2026-07-08T10:06:30Z</time>
        <extensions>
          <gpxtpx:TrackPointExtension>
            <gpxtpx:atemp>32</gpxtpx:atemp>
            <gpxtpx:hr>96</gpxtpx:hr>
            <gpxtpx:cad>65</gpxtpx:cad>
          </gpxtpx:TrackPointExtension>
          <gpxx:TrackPointExtension>
            <gpxx:Temperature>32</gpxx:Temperature>
          </gpxx:TrackPointExtension>
        </extensions>
      </trkpt>
      <trkpt lat="42.763251001015306" lon="-0.503929993137717">
        <ele>1419</ele>
        <time>2026-07-08T10:06:31Z</time>
        <extensions>
          <gpxtpx:TrackPointExtension>
            <gpxtpx:atemp>32</gpxtpx:atemp>
            <gpxtpx:hr>94</gpxtpx:hr>
            <gpxtpx:cad>65</gpxtpx:cad>
          </gpxtpx:TrackPointExtension>
          <gpxx:TrackPointExtension>
            <gpxx:Temperature>32</gpxx:Temperature>
          </gpxx:TrackPointExtension>
        </extensions>
      </trkpt>
      <trkpt lat="42.763263992965221" lon="-0.503936028108001">
        <ele>1418.8</ele>
        <time>2026-07-08T10:06:32Z</time>
        <extensions>
          <gpxtpx:TrackPointExtension>
            <gpxtpx:atemp>32</gpxtpx:atemp>
            <gpxtpx:hr>95</gpxtpx:hr>
            <gpxtpx:cad>65</gpxtpx:cad>
          </gpxtpx:TrackPointExtension>
          <gpxx:TrackPointExtension>
            <gpxx:Temperature>32</gpxx:Temperature>
          </gpxx:TrackPointExtension>
        </extensions>
      </trkpt>
      <trkpt lat="42.763283019885421" lon="-0.503961006179452">
        <ele>1418</ele>
        <time>2026-07-08T10:06:34Z</time>
        <extensions>
          <gpxtpx:TrackPointExtension>
            <gpxtpx:atemp>32</gpxtpx:atemp>
            <gpxtpx:hr>96</gpxtpx:hr>
            <gpxtpx:cad>65</gpxtpx:cad>
          </gpxtpx:TrackPointExtension>
          <gpxx:TrackPointExtension>
            <gpxx:Temperature>32</gpxx:Temperature>
          </gpxx:TrackPointExtension>
        </extensions>
      </trkpt>
      <trkpt lat="42.763295006006956" lon="-0.503971986472607">
        <ele>1417.5999999999999</ele>
        <time>2026-07-08T10:06:35Z</time>
        <extensions>
          <gpxtpx:TrackPointExtension>
            <gpxtpx:atemp>32</gpxtpx:atemp>
            <gpxtpx:hr>96</gpxtpx:hr>
            <gpxtpx:cad>65</gpxtpx:cad>
          </gpxtpx:TrackPointExtension>
          <gpxx:TrackPointExtension>
            <gpxx:Temperature>32</gpxx:Temperature>
          </gpxx:TrackPointExtension>
        </extensions>
      </trkpt>
      <trkpt lat="42.763297017663717" lon="-0.503984978422523">
        <ele>1417.2</ele>
        <time>2026-07-08T10:06:36Z</time>
        <extensions>
          <gpxtpx:TrackPointExtension>
            <gpxtpx:atemp>32</gpxtpx:atemp>
            <gpxtpx:hr>98</gpxtpx:hr>
            <gpxtpx:cad>62</gpxtpx:cad>
          </gpxtpx:TrackPointExtension>
          <gpxx:TrackPointExtension>
            <gpxx:Temperature>32</gpxx:Temperature>
          </gpxx:TrackPointExtension>
        </extensions>
      </trkpt>
      <trkpt lat="42.763298023492098" lon="-0.504004005342722">
        <ele>1416.4000000000001</ele>
        <time>2026-07-08T10:06:38Z</time>
        <extensions>
          <gpxtpx:TrackPointExtension>
            <gpxtpx:atemp>32</gpxtpx:atemp>
            <gpxtpx:hr>99</gpxtpx:hr>
            <gpxtpx:cad>62</gpxtpx:cad>
          </gpxtpx:TrackPointExtension>
          <gpxx:TrackPointExtension>
            <gpxx:Temperature>32</gpxx:Temperature>
          </gpxx:TrackPointExtension>
        </extensions>
      </trkpt>
      <trkpt lat="42.763299029320478" lon="-0.504016997292638">
        <ele>1416.2</ele>
        <time>2026-07-08T10:06:39Z</time>
        <extensions>
          <gpxtpx:TrackPointExtension>
            <gpxtpx:atemp>32</gpxtpx:atemp>
            <gpxtpx:hr>100</gpxtpx:hr>
            <gpxtpx:cad>62</gpxtpx:cad>
          </gpxtpx:TrackPointExtension>
          <gpxx:TrackPointExtension>
            <gpxx:Temperature>32</gpxx:Temperature>
          </gpxx:TrackPointExtension>
        </extensions>
      </trkpt>
      <trkpt lat="42.763300035148859" lon="-0.504032000899315">
        <ele>1416</ele>
        <time>2026-07-08T10:06:40Z</time>
        <extensions>
          <gpxtpx:TrackPointExtension>
            <gpxtpx:atemp>32</gpxtpx:atemp>
            <gpxtpx:hr>100</gpxtpx:hr>
            <gpxtpx:cad>62</gpxtpx:cad>
          </gpxtpx:TrackPointExtension>
          <gpxx:TrackPointExtension>
            <gpxx:Temperature>32</gpxx:Temperature>
          </gpxx:TrackPointExtension>
        </extensions>
      </trkpt>
      <trkpt lat="42.763298023492098" lon="-0.504071982577443">
        <ele>1415.4000000000001</ele>
        <time>2026-07-08T10:06:43Z</time>
        <extensions>
          <gpxtpx:TrackPointExtension>
            <gpxtpx:atemp>32</gpxtpx:atemp>
            <gpxtpx:hr>100</gpxtpx:hr>
            <gpxtpx:cad>46</gpxtpx:cad>
          </gpxtpx:TrackPointExtension>
          <gpxx:TrackPointExtension>
            <gpxx:Temperature>32</gpxx:Temperature>
          </gpxx:TrackPointExtension>
        </extensions>
      </trkpt>
      <trkpt lat="42.763287965208292" lon="-0.504113975912333">
        <ele>1414.2</ele>
        <time>2026-07-08T10:06:47Z</time>
        <extensions>
          <gpxtpx:TrackPointExtension>
            <gpxtpx:atemp>32</gpxtpx:atemp>
            <gpxtpx:hr>100</gpxtpx:hr>
            <gpxtpx:cad>48</gpxtpx:cad>
          </gpxtpx:TrackPointExtension>
          <gpxx:TrackPointExtension>
            <gpxx:Temperature>32</gpxx:Temperature>
          </gpxx:TrackPointExtension>
        </extensions>
      </trkpt>
      <trkpt lat="42.763299029320478" lon="-0.504127973690629">
        <ele>1414.2</ele>
        <time>2026-07-08T10:06:48Z</time>
        <extensions>
          <gpxtpx:TrackPointExtension>
            <gpxtpx:atemp>32</gpxtpx:atemp>
            <gpxtpx:hr>100</gpxtpx:hr>
            <gpxtpx:cad>48</gpxtpx:cad>
          </gpxtpx:TrackPointExtension>
          <gpxx:TrackPointExtension>
            <gpxx:Temperature>32</gpxx:Temperature>
          </gpxx:TrackPointExtension>
        </extensions>
      </trkpt>
      <trkpt lat="42.763315960764885" lon="-0.504154041409492">
        <ele>1413</ele>
        <time>2026-07-08T10:06:51Z</time>
        <extensions>
          <gpxtpx:TrackPointExtension>
            <gpxtpx:atemp>32</gpxtpx:atemp>
            <gpxtpx:hr>100</gpxtpx:hr>
            <gpxtpx:cad>46</gpxtpx:cad>
          </gpxtpx:TrackPointExtension>
          <gpxx:TrackPointExtension>
            <gpxx:Temperature>32</gpxx:Temperature>
          </gpxx:TrackPointExtension>
        </extensions>
      </trkpt>
      <trkpt lat="42.763313027098775" lon="-0.504208020865917">
        <ele>1412</ele>
        <time>2026-07-08T10:06:55Z</time>
        <extensions>
          <gpxtpx:TrackPointExtension>
            <gpxtpx:atemp>32</gpxtpx:atemp>
            <gpxtpx:hr>99</gpxtpx:hr>
            <gpxtpx:cad>63</gpxtpx:cad>
          </gpxtpx:TrackPointExtension>
          <gpxx:TrackPointExtension>
            <gpxx:Temperature>32</gpxx:Temperature>
          </gpxx:TrackPointExtension>
        </extensions>
      </trkpt>
      <trkpt lat="42.76332400739193" lon="-0.504221012815833">
        <ele>1411.5999999999999</ele>
        <time>2026-07-08T10:06:56Z</time>
        <extensions>
          <gpxtpx:TrackPointExtension>
            <gpxtpx:atemp>32</gpxtpx:atemp>
            <gpxtpx:hr>99</gpxtpx:hr>
            <gpxtpx:cad>63</gpxtpx:cad>
          </gpxtpx:TrackPointExtension>
          <gpxx:TrackPointExtension>
            <gpxx:Temperature>32</gpxx:Temperature>
          </gpxx:TrackPointExtension>
        </extensions>
      </trkpt>
      <trkpt lat="42.763340016826987" lon="-0.504246996715665">
        <ele>1410.8</ele>
        <time>2026-07-08T10:06:58Z</time>
        <extensions>
          <gpxtpx:TrackPointExtension>
            <gpxtpx:atemp>32</gpxtpx:atemp>
            <gpxtpx:hr>99</gpxtpx:hr>
            <gpxtpx:cad>63</gpxtpx:cad>
          </gpxtpx:TrackPointExtension>
          <gpxx:TrackPointExtension>
            <gpxx:Temperature>32</gpxx:Temperature>
          </gpxx:TrackPointExtension>
        </extensions>
      </trkpt>
      <trkpt lat="42.763357032090425" lon="-0.504284966737032">
        <ele>1409.8</ele>
        <time>2026-07-08T10:07:01Z</time>
        <extensions>
          <gpxtpx:TrackPointExtension>
            <gpxtpx:atemp>32</gpxtpx:atemp>
            <gpxtpx:hr>98</gpxtpx:hr>
            <gpxtpx:cad>63</gpxtpx:cad>
          </gpxtpx:TrackPointExtension>
          <gpxx:TrackPointExtension>
            <gpxx:Temperature>32</gpxx:Temperature>
          </gpxx:TrackPointExtension>
        </extensions>
      </trkpt>
      <trkpt lat="42.763362983241677" lon="-0.504316985607147">
        <ele>1408.5999999999999</ele>
        <time>2026-07-08T10:07:04Z</time>
        <extensions>
          <gpxtpx:TrackPointExtension>
            <gpxtpx:atemp>32</gpxtpx:atemp>
            <gpxtpx:hr>96</gpxtpx:hr>
            <gpxtpx:cad>0</gpxtpx:cad>
          </gpxtpx:TrackPointExtension>
          <gpxx:TrackPointExtension>
            <gpxx:Temperature>32</gpxx:Temperature>
          </gpxx:TrackPointExtension>
        </extensions>
      </trkpt>
      <trkpt lat="42.763353008776903" lon="-0.504375994205475">
        <ele>1407.8</ele>
        <time>2026-07-08T10:07:09Z</time>
        <extensions>
          <gpxtpx:TrackPointExtension>
            <gpxtpx:atemp>32</gpxtpx:atemp>
            <gpxtpx:hr>95</gpxtpx:hr>
            <gpxtpx:cad>54</gpxtpx:cad>
          </gpxtpx:TrackPointExtension>
          <gpxx:TrackPointExtension>
            <gpxx:Temperature>32</gpxx:Temperature>
          </gpxx:TrackPointExtension>
        </extensions>
      </trkpt>
      <trkpt lat="42.763349991291761" lon="-0.504390997812152">
        <ele>1407.4000000000001</ele>
        <time>2026-07-08T10:07:10Z</time>
        <extensions>
          <gpxtpx:TrackPointExtension>
            <gpxtpx:atemp>32</gpxtpx:atemp>
            <gpxtpx:hr>94</gpxtpx:hr>
            <gpxtpx:cad>54</gpxtpx:cad>
          </gpxtpx:TrackPointExtension>
          <gpxx:TrackPointExtension>
            <gpxx:Temperature>32</gpxx:Temperature>
          </gpxx:TrackPointExtension>
        </extensions>
      </trkpt>
      <trkpt lat="42.76334404014051" lon="-0.504435002803802">
        <ele>1406.5999999999999</ele>
        <time>2026-07-08T10:07:14Z</time>
        <extensions>
          <gpxtpx:TrackPointExtension>
            <gpxtpx:atemp>32</gpxtpx:atemp>
            <gpxtpx:hr>98</gpxtpx:hr>
            <gpxtpx:cad>49</gpxtpx:cad>
          </gpxtpx:TrackPointExtension>
          <gpxx:TrackPointExtension>
            <gpxx:Temperature>32</gpxx:Temperature>
          </gpxx:TrackPointExtension>
        </extensions>
      </trkpt>
      <trkpt lat="42.763341022655368" lon="-0.504446988925338">
        <ele>1406.4000000000001</ele>
        <time>2026-07-08T10:07:15Z</time>
        <extensions>
          <gpxtpx:TrackPointExtension>
            <gpxtpx:atemp>32</gpxtpx:atemp>
            <gpxtpx:hr>96</gpxtpx:hr>
            <gpxtpx:cad>50</gpxtpx:cad>
          </gpxtpx:TrackPointExtension>
          <gpxx:TrackPointExtension>
            <gpxx:Temperature>32</gpxx:Temperature>
          </gpxx:TrackPointExtension>
        </extensions>
      </trkpt>
      <trkpt lat="42.763345967978239" lon="-0.50447297282517">
        <ele>1405.8</ele>
        <time>2026-07-08T10:07:18Z</time>
        <extensions>
          <gpxtpx:TrackPointExtension>
            <gpxtpx:atemp>32</gpxtpx:atemp>
            <gpxtpx:hr>98</gpxtpx:hr>
            <gpxtpx:cad>48</gpxtpx:cad>
          </gpxtpx:TrackPointExtension>
          <gpxx:TrackPointExtension>
            <gpxx:Temperature>32</gpxx:Temperature>
          </gpxx:TrackPointExtension>
        </extensions>
      </trkpt>
      <trkpt lat="42.763348985463381" lon="-0.504486970603466">
        <ele>1405.4000000000001</ele>
        <time>2026-07-08T10:07:20Z</time>
        <extensions>
          <gpxtpx:TrackPointExtension>
            <gpxtpx:atemp>32</gpxtpx:atemp>
            <gpxtpx:hr>101</gpxtpx:hr>
            <gpxtpx:cad>49</gpxtpx:cad>
          </gpxtpx:TrackPointExtension>
          <gpxx:TrackPointExtension>
            <gpxx:Temperature>32</gpxx:Temperature>
          </gpxx:TrackPointExtension>
        </extensions>
      </trkpt>
      <trkpt lat="42.763357032090425" lon="-0.504495017230511">
        <ele>1405</ele>
        <time>2026-07-08T10:07:21Z</time>
        <extensions>
          <gpxtpx:TrackPointExtension>
            <gpxtpx:atemp>32</gpxtpx:atemp>
            <gpxtpx:hr>102</gpxtpx:hr>
            <gpxtpx:cad>49</gpxtpx:cad>
          </gpxtpx:TrackPointExtension>
          <gpxx:TrackPointExtension>
            <gpxx:Temperature>32</gpxx:Temperature>
          </gpxx:TrackPointExtension>
        </extensions>
      </trkpt>
      <trkpt lat="42.763375975191593" lon="-0.504499962553382">
        <ele>1403.8</ele>
        <time>2026-07-08T10:07:25Z</time>
        <extensions>
          <gpxtpx:TrackPointExtension>
            <gpxtpx:atemp>32</gpxtpx:atemp>
            <gpxtpx:hr>102</gpxtpx:hr>
            <gpxtpx:cad>49</gpxtpx:cad>
          </gpxtpx:TrackPointExtension>
          <gpxx:TrackPointExtension>
            <gpxx:Temperature>32</gpxx:Temperature>
          </gpxx:TrackPointExtension>
        </extensions>
      </trkpt>
      <trkpt lat="42.763416040688753" lon="-0.504498034715652">
        <ele>1402.5999999999999</ele>
        <time>2026-07-08T10:07:31Z</time>
        <extensions>
          <gpxtpx:TrackPointExtension>
            <gpxtpx:atemp>32</gpxtpx:atemp>
            <gpxtpx:hr>101</gpxtpx:hr>
            <gpxtpx:cad>0</gpxtpx:cad>
          </gpxtpx:TrackPointExtension>
          <gpxx:TrackPointExtension>
            <gpxx:Temperature>32</gpxx:Temperature>
          </gpxx:TrackPointExtension>
        </extensions>
      </trkpt>
      <trkpt lat="42.763435989618301" lon="-0.504481019452214">
        <ele>1402</ele>
        <time>2026-07-08T10:07:34Z</time>
        <extensions>
          <gpxtpx:TrackPointExtension>
            <gpxtpx:atemp>32</gpxtpx:atemp>
            <gpxtpx:hr>101</gpxtpx:hr>
            <gpxtpx:cad>0</gpxtpx:cad>
          </gpxtpx:TrackPointExtension>
          <gpxx:TrackPointExtension>
            <gpxx:Temperature>32</gpxx:Temperature>
          </gpxx:TrackPointExtension>
        </extensions>
      </trkpt>
      <trkpt lat="42.763447975739837" lon="-0.504464004188776">
        <ele>1401.5999999999999</ele>
        <time>2026-07-08T10:07:36Z</time>
        <extensions>
          <gpxtpx:TrackPointExtension>
            <gpxtpx:atemp>32</gpxtpx:atemp>
            <gpxtpx:hr>101</gpxtpx:hr>
            <gpxtpx:cad>48</gpxtpx:cad>
          </gpxtpx:TrackPointExtension>
          <gpxx:TrackPointExtension>
            <gpxx:Temperature>32</gpxx:Temperature>
          </gpxx:TrackPointExtension>
        </extensions>
      </trkpt>
      <trkpt lat="42.763484017923474" lon="-0.504449000582099">
        <ele>1400.5999999999999</ele>
        <time>2026-07-08T10:07:40Z</time>
        <extensions>
          <gpxtpx:TrackPointExtension>
            <gpxtpx:atemp>32</gpxtpx:atemp>
            <gpxtpx:hr>100</gpxtpx:hr>
            <gpxtpx:cad>48</gpxtpx:cad>
          </gpxtpx:TrackPointExtension>
          <gpxx:TrackPointExtension>
            <gpxx:Temperature>32</gpxx:Temperature>
          </gpxx:TrackPointExtension>
        </extensions>
      </trkpt>
      <trkpt lat="42.763507990166545" lon="-0.504455035552382">
        <ele>1400</ele>
        <time>2026-07-08T10:07:42Z</time>
        <extensions>
          <gpxtpx:TrackPointExtension>
            <gpxtpx:atemp>32</gpxtpx:atemp>
            <gpxtpx:hr>99</gpxtpx:hr>
            <gpxtpx:cad>50</gpxtpx:cad>
          </gpxtpx:TrackPointExtension>
          <gpxx:TrackPointExtension>
            <gpxx:Temperature>32</gpxx:Temperature>
          </gpxx:TrackPointExtension>
        </extensions>
      </trkpt>
      <trkpt lat="42.763523999601603" lon="-0.504462998360395">
        <ele>1399.4000000000001</ele>
        <time>2026-07-08T10:07:44Z</time>
        <extensions>
          <gpxtpx:TrackPointExtension>
            <gpxtpx:atemp>32</gpxtpx:atemp>
            <gpxtpx:hr>100</gpxtpx:hr>
            <gpxtpx:cad>50</gpxtpx:cad>
          </gpxtpx:TrackPointExtension>
          <gpxx:TrackPointExtension>
            <gpxx:Temperature>32</gpxx:Temperature>
          </gpxx:TrackPointExtension>
        </extensions>
      </trkpt>
      <trkpt lat="42.763537997379899" lon="-0.504467021673918">
        <ele>1398.4000000000001</ele>
        <time>2026-07-08T10:07:46Z</time>
        <extensions>
          <gpxtpx:TrackPointExtension>
            <gpxtpx:atemp>32</gpxtpx:atemp>
            <gpxtpx:hr>101</gpxtpx:hr>
            <gpxtpx:cad>48</gpxtpx:cad>
          </gpxtpx:TrackPointExtension>
          <gpxx:TrackPointExtension>
            <gpxx:Temperature>32</gpxx:Temperature>
          </gpxx:TrackPointExtension>
        </extensions>
      </trkpt>
      <trkpt lat="42.76356004178524" lon="-0.50449401140213">
        <ele>1397.2</ele>
        <time>2026-07-08T10:07:49Z</time>
        <extensions>
          <gpxtpx:TrackPointExtension>
            <gpxtpx:atemp>32</gpxtpx:atemp>
            <gpxtpx:hr>101</gpxtpx:hr>
            <gpxtpx:cad>48</gpxtpx:cad>
          </gpxtpx:TrackPointExtension>
          <gpxx:TrackPointExtension>
            <gpxx:Temperature>32</gpxx:Temperature>
          </gpxx:TrackPointExtension>
        </extensions>
      </trkpt>
      <trkpt lat="42.763563981279731" lon="-0.504503985866904">
        <ele>1396.8</ele>
        <time>2026-07-08T10:07:50Z</time>
        <extensions>
          <gpxtpx:TrackPointExtension>
            <gpxtpx:atemp>32</gpxtpx:atemp>
            <gpxtpx:hr>101</gpxtpx:hr>
            <gpxtpx:cad>48</gpxtpx:cad>
          </gpxtpx:TrackPointExtension>
          <gpxx:TrackPointExtension>
            <gpxx:Temperature>32</gpxx:Temperature>
          </gpxx:TrackPointExtension>
        </extensions>
      </trkpt>
      <trkpt lat="42.763553000986576" lon="-0.504527036100626">
        <ele>1396</ele>
        <time>2026-07-08T10:07:52Z</time>
        <extensions>
          <gpxtpx:TrackPointExtension>
            <gpxtpx:atemp>32</gpxtpx:atemp>
            <gpxtpx:hr>100</gpxtpx:hr>
            <gpxtpx:cad>48</gpxtpx:cad>
          </gpxtpx:TrackPointExtension>
          <gpxx:TrackPointExtension>
            <gpxx:Temperature>32</gpxx:Temperature>
          </gpxx:TrackPointExtension>
        </extensions>
      </trkpt>
      <trkpt lat="42.763544032350183" lon="-0.504543967545033">
        <ele>1395.5999999999999</ele>
        <time>2026-07-08T10:07:53Z</time>
        <extensions>
          <gpxtpx:TrackPointExtension>
            <gpxtpx:atemp>32</gpxtpx:atemp>
            <gpxtpx:hr>100</gpxtpx:hr>
            <gpxtpx:cad>48</gpxtpx:cad>
          </gpxtpx:TrackPointExtension>
          <gpxx:TrackPointExtension>
            <gpxx:Temperature>32</gpxx:Temperature>
          </gpxx:TrackPointExtension>
        </extensions>
      </trkpt>
      <trkpt lat="42.763545038178563" lon="-0.504570035263896">
        <ele>1394.8</ele>
        <time>2026-07-08T10:07:56Z</time>
        <extensions>
          <gpxtpx:TrackPointExtension>
            <gpxtpx:atemp>32</gpxtpx:atemp>
            <gpxtpx:hr>100</gpxtpx:hr>
            <gpxtpx:cad>48</gpxtpx:cad>
          </gpxtpx:TrackPointExtension>
          <gpxx:TrackPointExtension>
            <gpxx:Temperature>32</gpxx:Temperature>
          </gpxx:TrackPointExtension>
        </extensions>
      </trkpt>
      <trkpt lat="42.763541014865041" lon="-0.504577998071909">
        <ele>1394.5999999999999</ele>
        <time>2026-07-08T10:07:57Z</time>
        <extensions>
          <gpxtpx:TrackPointExtension>
            <gpxtpx:atemp>32</gpxtpx:atemp>
            <gpxtpx:hr>99</gpxtpx:hr>
            <gpxtpx:cad>47</gpxtpx:cad>
          </gpxtpx:TrackPointExtension>
          <gpxx:TrackPointExtension>
            <gpxx:Temperature>32</gpxx:Temperature>
          </gpxx:TrackPointExtension>
        </extensions>
      </trkpt>
      <trkpt lat="42.76353900320828" lon="-0.504596019163728">
        <ele>1394</ele>
        <time>2026-07-08T10:07:59Z</time>
        <extensions>
          <gpxtpx:TrackPointExtension>
            <gpxtpx:atemp>32</gpxtpx:atemp>
            <gpxtpx:hr>99</gpxtpx:hr>
            <gpxtpx:cad>45</gpxtpx:cad>
          </gpxtpx:TrackPointExtension>
          <gpxx:TrackPointExtension>
            <gpxx:Temperature>32</gpxx:Temperature>
          </gpxx:TrackPointExtension>
        </extensions>
      </trkpt>
      <trkpt lat="42.76354000903666" lon="-0.504620997235179">
        <ele>1393.5999999999999</ele>
        <time>2026-07-08T10:08:01Z</time>
        <extensions>
          <gpxtpx:TrackPointExtension>
            <gpxtpx:atemp>32</gpxtpx:atemp>
            <gpxtpx:hr>99</gpxtpx:hr>
            <gpxtpx:cad>49</gpxtpx:cad>
          </gpxtpx:TrackPointExtension>
          <gpxx:TrackPointExtension>
            <gpxx:Temperature>32</gpxx:Temperature>
          </gpxx:TrackPointExtension>
        </extensions>
      </trkpt>
      <trkpt lat="42.763543026521802" lon="-0.504652010276914">
        <ele>1392.8</ele>
        <time>2026-07-08T10:08:05Z</time>
        <extensions>
          <gpxtpx:TrackPointExtension>
            <gpxtpx:atemp>32</gpxtpx:atemp>
            <gpxtpx:hr>99</gpxtpx:hr>
            <gpxtpx:cad>0</gpxtpx:cad>
          </gpxtpx:TrackPointExtension>
          <gpxx:TrackPointExtension>
            <gpxx:Temperature>32</gpxx:Temperature>
          </gpxx:TrackPointExtension>
        </extensions>
      </trkpt>
      <trkpt lat="42.763549983501434" lon="-0.504674976691604">
        <ele>1392.5999999999999</ele>
        <time>2026-07-08T10:08:07Z</time>
        <extensions>
          <gpxtpx:TrackPointExtension>
            <gpxtpx:atemp>32</gpxtpx:atemp>
            <gpxtpx:hr>99</gpxtpx:hr>
            <gpxtpx:cad>0</gpxtpx:cad>
          </gpxtpx:TrackPointExtension>
          <gpxx:TrackPointExtension>
            <gpxx:Temperature>32</gpxx:Temperature>
          </gpxx:TrackPointExtension>
        </extensions>
      </trkpt>
      <trkpt lat="42.763558030128479" lon="-0.50473096780479">
        <ele>1391.8</ele>
        <time>2026-07-08T10:08:11Z</time>
        <extensions>
          <gpxtpx:TrackPointExtension>
            <gpxtpx:atemp>32</gpxtpx:atemp>
            <gpxtpx:hr>99</gpxtpx:hr>
            <gpxtpx:cad>47</gpxtpx:cad>
          </gpxtpx:TrackPointExtension>
          <gpxx:TrackPointExtension>
            <gpxx:Temperature>32</gpxx:Temperature>
          </gpxx:TrackPointExtension>
        </extensions>
      </trkpt>
      <trkpt lat="42.763580996543169" lon="-0.50486097112298">
        <ele>1391.4000000000001</ele>
        <time>2026-07-08T10:08:20Z</time>
        <extensions>
          <gpxtpx:TrackPointExtension>
            <gpxtpx:atemp>32</gpxtpx:atemp>
            <gpxtpx:hr>97</gpxtpx:hr>
            <gpxtpx:cad>51</gpxtpx:cad>
          </gpxtpx:TrackPointExtension>
          <gpxx:TrackPointExtension>
            <gpxx:Temperature>32</gpxx:Temperature>
          </gpxx:TrackPointExtension>
        </extensions>
      </trkpt>
      <trkpt lat="42.763584014028311" lon="-0.50490103662014">
        <ele>1390.5999999999999</ele>
        <time>2026-07-08T10:08:23Z</time>
        <extensions>
          <gpxtpx:TrackPointExtension>
            <gpxtpx:atemp>33</gpxtpx:atemp>
            <gpxtpx:hr>94</gpxtpx:hr>
            <gpxtpx:cad>50</gpxtpx:cad>
          </gpxtpx:TrackPointExtension>
          <gpxx:TrackPointExtension>
            <gpxx:Temperature>33</gpxx:Temperature>
          </gpxx:TrackPointExtension>
        </extensions>
      </trkpt>
      <trkpt lat="42.763589965179563" lon="-0.504915034398437">
        <ele>1390.2</ele>
        <time>2026-07-08T10:08:24Z</time>
        <extensions>
          <gpxtpx:TrackPointExtension>
            <gpxtpx:atemp>32</gpxtpx:atemp>
            <gpxtpx:hr>93</gpxtpx:hr>
            <gpxtpx:cad>50</gpxtpx:cad>
          </gpxtpx:TrackPointExtension>
          <gpxx:TrackPointExtension>
            <gpxx:Temperature>32</gpxx:Temperature>
          </gpxx:TrackPointExtension>
        </extensions>
      </trkpt>
      <trkpt lat="42.763607986271381" lon="-0.504951998591423">
        <ele>1389</ele>
        <time>2026-07-08T10:08:27Z</time>
        <extensions>
          <gpxtpx:TrackPointExtension>
            <gpxtpx:atemp>33</gpxtpx:atemp>
            <gpxtpx:hr>92</gpxtpx:hr>
            <gpxtpx:cad>49</gpxtpx:cad>
          </gpxtpx:TrackPointExtension>
          <gpxx:TrackPointExtension>
            <gpxx:Temperature>33</gpxx:Temperature>
          </gpxx:TrackPointExtension>
        </extensions>
      </trkpt>
      <trkpt lat="42.763615027070045" lon="-0.505015030503273">
        <ele>1387.8</ele>
        <time>2026-07-08T10:08:32Z</time>
        <extensions>
          <gpxtpx:TrackPointExtension>
            <gpxtpx:atemp>33</gpxtpx:atemp>
            <gpxtpx:hr>90</gpxtpx:hr>
            <gpxtpx:cad>49</gpxtpx:cad>
          </gpxtpx:TrackPointExtension>
          <gpxx:TrackPointExtension>
            <gpxx:Temperature>33</gpxx:Temperature>
          </gpxx:TrackPointExtension>
        </extensions>
      </trkpt>
      <trkpt lat="42.763617038726807" lon="-0.505025004968047">
        <ele>1387.5999999999999</ele>
        <time>2026-07-08T10:08:33Z</time>
        <extensions>
          <gpxtpx:TrackPointExtension>
            <gpxtpx:atemp>33</gpxtpx:atemp>
            <gpxtpx:hr>91</gpxtpx:hr>
            <gpxtpx:cad>49</gpxtpx:cad>
          </gpxtpx:TrackPointExtension>
          <gpxx:TrackPointExtension>
            <gpxx:Temperature>33</gpxx:Temperature>
          </gpxx:TrackPointExtension>
        </extensions>
      </trkpt>
      <trkpt lat="42.763621984049678" lon="-0.505082001909614">
        <ele>1386.8</ele>
        <time>2026-07-08T10:08:37Z</time>
        <extensions>
          <gpxtpx:TrackPointExtension>
            <gpxtpx:atemp>33</gpxtpx:atemp>
            <gpxtpx:hr>92</gpxtpx:hr>
            <gpxtpx:cad>46</gpxtpx:cad>
          </gpxtpx:TrackPointExtension>
          <gpxx:TrackPointExtension>
            <gpxx:Temperature>33</gpxx:Temperature>
          </gpxx:TrackPointExtension>
        </extensions>
      </trkpt>
      <trkpt lat="42.763623995706439" lon="-0.505090970546007">
        <ele>1386.5999999999999</ele>
        <time>2026-07-08T10:08:38Z</time>
        <extensions>
          <gpxtpx:TrackPointExtension>
            <gpxtpx:atemp>33</gpxtpx:atemp>
            <gpxtpx:hr>90</gpxtpx:hr>
            <gpxtpx:cad>46</gpxtpx:cad>
          </gpxtpx:TrackPointExtension>
          <gpxx:TrackPointExtension>
            <gpxx:Temperature>33</gpxx:Temperature>
          </gpxx:TrackPointExtension>
        </extensions>
      </trkpt>
      <trkpt lat="42.763627013191581" lon="-0.505109997466207">
        <ele>1386.2</ele>
        <time>2026-07-08T10:08:40Z</time>
        <extensions>
          <gpxtpx:TrackPointExtension>
            <gpxtpx:atemp>33</gpxtpx:atemp>
            <gpxtpx:hr>91</gpxtpx:hr>
            <gpxtpx:cad>0</gpxtpx:cad>
          </gpxtpx:TrackPointExtension>
          <gpxx:TrackPointExtension>
            <gpxx:Temperature>33</gpxx:Temperature>
          </gpxx:TrackPointExtension>
        </extensions>
      </trkpt>
      <trkpt lat="42.763632964342833" lon="-0.505136987194419">
        <ele>1385.5999999999999</ele>
        <time>2026-07-08T10:08:42Z</time>
        <extensions>
          <gpxtpx:TrackPointExtension>
            <gpxtpx:atemp>33</gpxtpx:atemp>
            <gpxtpx:hr>91</gpxtpx:hr>
            <gpxtpx:cad>0</gpxtpx:cad>
          </gpxtpx:TrackPointExtension>
          <gpxx:TrackPointExtension>
            <gpxx:Temperature>33</gpxx:Temperature>
          </gpxx:TrackPointExtension>
        </extensions>
      </trkpt>
      <trkpt lat="42.76364897377789" lon="-0.505171017721295">
        <ele>1384.4000000000001</ele>
        <time>2026-07-08T10:08:46Z</time>
        <extensions>
          <gpxtpx:TrackPointExtension>
            <gpxtpx:atemp>33</gpxtpx:atemp>
            <gpxtpx:hr>90</gpxtpx:hr>
            <gpxtpx:cad>51</gpxtpx:cad>
          </gpxtpx:TrackPointExtension>
          <gpxx:TrackPointExtension>
            <gpxx:Temperature>33</gpxx:Temperature>
          </gpxx:TrackPointExtension>
        </extensions>
      </trkpt>
      <trkpt lat="42.763651991263032" lon="-0.50518199801445">
        <ele>1384</ele>
        <time>2026-07-08T10:08:47Z</time>
        <extensions>
          <gpxtpx:TrackPointExtension>
            <gpxtpx:atemp>33</gpxtpx:atemp>
            <gpxtpx:hr>91</gpxtpx:hr>
            <gpxtpx:cad>51</gpxtpx:cad>
          </gpxtpx:TrackPointExtension>
          <gpxx:TrackPointExtension>
            <gpxx:Temperature>33</gpxx:Temperature>
          </gpxx:TrackPointExtension>
        </extensions>
      </trkpt>
      <trkpt lat="42.763678980991244" lon="-0.505232959985733">
        <ele>1383.2</ele>
        <time>2026-07-08T10:08:50Z</time>
        <extensions>
          <gpxtpx:TrackPointExtension>
            <gpxtpx:atemp>33</gpxtpx:atemp>
            <gpxtpx:hr>92</gpxtpx:hr>
            <gpxtpx:cad>51</gpxtpx:cad>
          </gpxtpx:TrackPointExtension>
          <gpxx:TrackPointExtension>
            <gpxx:Temperature>33</gpxx:Temperature>
          </gpxx:TrackPointExtension>
        </extensions>
      </trkpt>
      <trkpt lat="42.76368803344667" lon="-0.505280988290906">
        <ele>1381.8</ele>
        <time>2026-07-08T10:08:53Z</time>
        <extensions>
          <gpxtpx:TrackPointExtension>
            <gpxtpx:atemp>33</gpxtpx:atemp>
            <gpxtpx:hr>92</gpxtpx:hr>
            <gpxtpx:cad>51</gpxtpx:cad>
          </gpxtpx:TrackPointExtension>
          <gpxx:TrackPointExtension>
            <gpxx:Temperature>33</gpxx:Temperature>
          </gpxx:TrackPointExtension>
        </extensions>
      </trkpt>
      <trkpt lat="42.763684010133147" lon="-0.505304038524628">
        <ele>1380.8</ele>
        <time>2026-07-08T10:08:55Z</time>
        <extensions>
          <gpxtpx:TrackPointExtension>
            <gpxtpx:atemp>33</gpxtpx:atemp>
            <gpxtpx:hr>92</gpxtpx:hr>
            <gpxtpx:cad>51</gpxtpx:cad>
          </gpxtpx:TrackPointExtension>
          <gpxx:TrackPointExtension>
            <gpxx:Temperature>33</gpxx:Temperature>
          </gpxx:TrackPointExtension>
        </extensions>
      </trkpt>
      <trkpt lat="42.763680992648005" lon="-0.505359023809433">
        <ele>1380</ele>
        <time>2026-07-08T10:09:00Z</time>
        <extensions>
          <gpxtpx:TrackPointExtension>
            <gpxtpx:atemp>33</gpxtpx:atemp>
            <gpxtpx:hr>91</gpxtpx:hr>
            <gpxtpx:cad>49</gpxtpx:cad>
          </gpxtpx:TrackPointExtension>
          <gpxx:TrackPointExtension>
            <gpxx:Temperature>33</gpxx:Temperature>
          </gpxx:TrackPointExtension>
        </extensions>
      </trkpt>
      <trkpt lat="42.763673029839993" lon="-0.505381990224123">
        <ele>1379.5999999999999</ele>
        <time>2026-07-08T10:09:02Z</time>
        <extensions>
          <gpxtpx:TrackPointExtension>
            <gpxtpx:atemp>33</gpxtpx:atemp>
            <gpxtpx:hr>91</gpxtpx:hr>
            <gpxtpx:cad>50</gpxtpx:cad>
          </gpxtpx:TrackPointExtension>
          <gpxx:TrackPointExtension>
            <gpxx:Temperature>33</gpxx:Temperature>
          </gpxx:TrackPointExtension>
        </extensions>
      </trkpt>
      <trkpt lat="42.763661965727806" lon="-0.505440998822451">
        <ele>1378.5999999999999</ele>
        <time>2026-07-08T10:09:06Z</time>
        <extensions>
          <gpxtpx:TrackPointExtension>
            <gpxtpx:atemp>33</gpxtpx:atemp>
            <gpxtpx:hr>89</gpxtpx:hr>
            <gpxtpx:cad>50</gpxtpx:cad>
          </gpxtpx:TrackPointExtension>
          <gpxx:TrackPointExtension>
            <gpxx:Temperature>33</gpxx:Temperature>
          </gpxx:TrackPointExtension>
        </extensions>
      </trkpt>
      <trkpt lat="42.763657020404935" lon="-0.505477041006088">
        <ele>1377.5999999999999</ele>
        <time>2026-07-08T10:09:09Z</time>
        <extensions>
          <gpxtpx:TrackPointExtension>
            <gpxtpx:atemp>33</gpxtpx:atemp>
            <gpxtpx:hr>87</gpxtpx:hr>
            <gpxtpx:cad>52</gpxtpx:cad>
          </gpxtpx:TrackPointExtension>
          <gpxx:TrackPointExtension>
            <gpxx:Temperature>33</gpxx:Temperature>
          </gpxx:TrackPointExtension>
        </extensions>
      </trkpt>
      <trkpt lat="42.763660037890077" lon="-0.505490032956004">
        <ele>1377.4000000000001</ele>
        <time>2026-07-08T10:09:10Z</time>
        <extensions>
          <gpxtpx:TrackPointExtension>
            <gpxtpx:atemp>33</gpxtpx:atemp>
            <gpxtpx:hr>88</gpxtpx:hr>
            <gpxtpx:cad>52</gpxtpx:cad>
          </gpxtpx:TrackPointExtension>
          <gpxx:TrackPointExtension>
            <gpxx:Temperature>33</gpxx:Temperature>
          </gpxx:TrackPointExtension>
        </extensions>
      </trkpt>
      <trkpt lat="42.763675041496754" lon="-0.505577959120274">
        <ele>1376</ele>
        <time>2026-07-08T10:09:16Z</time>
        <extensions>
          <gpxtpx:TrackPointExtension>
            <gpxtpx:atemp>33</gpxtpx:atemp>
            <gpxtpx:hr>88</gpxtpx:hr>
            <gpxtpx:cad>50</gpxtpx:cad>
          </gpxtpx:TrackPointExtension>
          <gpxx:TrackPointExtension>
            <gpxx:Temperature>33</gpxx:Temperature>
          </gpxx:TrackPointExtension>
        </extensions>
      </trkpt>
      <trkpt lat="42.763687027618289" lon="-0.505621964111924">
        <ele>1374.8</ele>
        <time>2026-07-08T10:09:20Z</time>
        <extensions>
          <gpxtpx:TrackPointExtension>
            <gpxtpx:atemp>33</gpxtpx:atemp>
            <gpxtpx:hr>86</gpxtpx:hr>
            <gpxtpx:cad>50</gpxtpx:cad>
          </gpxtpx:TrackPointExtension>
          <gpxx:TrackPointExtension>
            <gpxx:Temperature>33</gpxx:Temperature>
          </gpxx:TrackPointExtension>
        </extensions>
      </trkpt>
      <trkpt lat="42.763675963506103" lon="-0.505629004910588">
        <ele>1374.2</ele>
        <time>2026-07-08T10:09:22Z</time>
        <extensions>
          <gpxtpx:TrackPointExtension>
            <gpxtpx:atemp>33</gpxtpx:atemp>
            <gpxtpx:hr>87</gpxtpx:hr>
            <gpxtpx:cad>50</gpxtpx:cad>
          </gpxtpx:TrackPointExtension>
          <gpxx:TrackPointExtension>
            <gpxx:Temperature>33</gpxx:Temperature>
          </gpxx:TrackPointExtension>
        </extensions>
      </trkpt>
      <trkpt lat="42.763674035668373" lon="-0.505636967718601">
        <ele>1374.2</ele>
        <time>2026-07-08T10:09:23Z</time>
        <extensions>
          <gpxtpx:TrackPointExtension>
            <gpxtpx:atemp>33</gpxtpx:atemp>
            <gpxtpx:hr>88</gpxtpx:hr>
            <gpxtpx:cad>0</gpxtpx:cad>
          </gpxtpx:TrackPointExtension>
          <gpxx:TrackPointExtension>
            <gpxx:Temperature>33</gpxx:Temperature>
          </gpxx:TrackPointExtension>
        </extensions>
      </trkpt>
      <trkpt lat="42.763677975162864" lon="-0.505663035437465">
        <ele>1373.8</ele>
        <time>2026-07-08T10:09:28Z</time>
        <extensions>
          <gpxtpx:TrackPointExtension>
            <gpxtpx:atemp>33</gpxtpx:atemp>
            <gpxtpx:hr>87</gpxtpx:hr>
            <gpxtpx:cad>45</gpxtpx:cad>
          </gpxtpx:TrackPointExtension>
          <gpxx:TrackPointExtension>
            <gpxx:Temperature>33</gpxx:Temperature>
          </gpxx:TrackPointExtension>
        </extensions>
      </trkpt>
      <trkpt lat="42.763705970719457" lon="-0.505670998245478">
        <ele>1372</ele>
        <time>2026-07-08T10:09:32Z</time>
        <extensions>
          <gpxtpx:TrackPointExtension>
            <gpxtpx:atemp>33</gpxtpx:atemp>
            <gpxtpx:hr>86</gpxtpx:hr>
            <gpxtpx:cad>0</gpxtpx:cad>
          </gpxtpx:TrackPointExtension>
          <gpxx:TrackPointExtension>
            <gpxx:Temperature>33</gpxx:Temperature>
          </gpxx:TrackPointExtension>
        </extensions>
      </trkpt>
      <trkpt lat="42.763721980154514" lon="-0.505687007680535">
        <ele>1370.8</ele>
        <time>2026-07-08T10:09:39Z</time>
        <extensions>
          <gpxtpx:TrackPointExtension>
            <gpxtpx:atemp>33</gpxtpx:atemp>
            <gpxtpx:hr>87</gpxtpx:hr>
            <gpxtpx:cad>0</gpxtpx:cad>
          </gpxtpx:TrackPointExtension>
          <gpxx:TrackPointExtension>
            <gpxx:Temperature>33</gpxx:Temperature>
          </gpxx:TrackPointExtension>
        </extensions>
      </trkpt>
      <trkpt lat="42.763749975711107" lon="-0.505715003237128">
        <ele>1369.5999999999999</ele>
        <time>2026-07-08T10:09:46Z</time>
        <extensions>
          <gpxtpx:TrackPointExtension>
            <gpxtpx:atemp>33</gpxtpx:atemp>
            <gpxtpx:hr>86</gpxtpx:hr>
            <gpxtpx:cad>0</gpxtpx:cad>
          </gpxtpx:TrackPointExtension>
          <gpxx:TrackPointExtension>
            <gpxx:Temperature>33</gpxx:Temperature>
          </gpxx:TrackPointExtension>
        </extensions>
      </trkpt>
      <trkpt lat="42.763788029551506" lon="-0.505746016278863">
        <ele>1368.5999999999999</ele>
        <time>2026-07-08T10:09:51Z</time>
        <extensions>
          <gpxtpx:TrackPointExtension>
            <gpxtpx:atemp>33</gpxtpx:atemp>
            <gpxtpx:hr>85</gpxtpx:hr>
            <gpxtpx:cad>0</gpxtpx:cad>
          </gpxtpx:TrackPointExtension>
          <gpxx:TrackPointExtension>
            <gpxx:Temperature>33</gpxx:Temperature>
          </gpxx:TrackPointExtension>
        </extensions>
      </trkpt>
      <trkpt lat="42.763792974874377" lon="-0.505764959380031">
        <ele>1368</ele>
        <time>2026-07-08T10:09:53Z</time>
        <extensions>
          <gpxtpx:TrackPointExtension>
            <gpxtpx:atemp>33</gpxtpx:atemp>
            <gpxtpx:hr>87</gpxtpx:hr>
            <gpxtpx:cad>0</gpxtpx:cad>
          </gpxtpx:TrackPointExtension>
          <gpxx:TrackPointExtension>
            <gpxx:Temperature>33</gpxx:Temperature>
          </gpxx:TrackPointExtension>
        </extensions>
      </trkpt>
      <trkpt lat="42.763794986531138" lon="-0.505768982693553">
        <ele>1367.5999999999999</ele>
        <time>2026-07-08T10:09:54Z</time>
        <extensions>
          <gpxtpx:TrackPointExtension>
            <gpxtpx:atemp>33</gpxtpx:atemp>
            <gpxtpx:hr>87</gpxtpx:hr>
            <gpxtpx:cad>62</gpxtpx:cad>
          </gpxtpx:TrackPointExtension>
          <gpxx:TrackPointExtension>
            <gpxx:Temperature>33</gpxx:Temperature>
          </gpxx:TrackPointExtension>
        </extensions>
      </trkpt>
      <trkpt lat="42.76381803676486" lon="-0.505812987685204">
        <ele>1366.5999999999999</ele>
        <time>2026-07-08T10:09:58Z</time>
        <extensions>
          <gpxtpx:TrackPointExtension>
            <gpxtpx:atemp>33</gpxtpx:atemp>
            <gpxtpx:hr>88</gpxtpx:hr>
            <gpxtpx:cad>0</gpxtpx:cad>
          </gpxtpx:TrackPointExtension>
          <gpxx:TrackPointExtension>
            <gpxx:Temperature>33</gpxx:Temperature>
          </gpxx:TrackPointExtension>
        </extensions>
      </trkpt>
      <trkpt lat="42.763825999572873" lon="-0.505830002948642">
        <ele>1366</ele>
        <time>2026-07-08T10:10:00Z</time>
        <extensions>
          <gpxtpx:TrackPointExtension>
            <gpxtpx:atemp>33</gpxtpx:atemp>
            <gpxtpx:hr>90</gpxtpx:hr>
            <gpxtpx:cad>0</gpxtpx:cad>
          </gpxtpx:TrackPointExtension>
          <gpxx:TrackPointExtension>
            <gpxx:Temperature>33</gpxx:Temperature>
          </gpxx:TrackPointExtension>
        </extensions>
      </trkpt>
      <trkpt lat="42.763827005401254" lon="-0.505834026262164">
        <ele>1365.2</ele>
        <time>2026-07-08T10:10:01Z</time>
        <extensions>
          <gpxtpx:TrackPointExtension>
            <gpxtpx:atemp>33</gpxtpx:atemp>
            <gpxtpx:hr>91</gpxtpx:hr>
            <gpxtpx:cad>0</gpxtpx:cad>
          </gpxtpx:TrackPointExtension>
          <gpxx:TrackPointExtension>
            <gpxx:Temperature>33</gpxx:Temperature>
          </gpxx:TrackPointExtension>
        </extensions>
      </trkpt>
      <trkpt lat="42.763791969045997" lon="-0.505849029868841">
        <ele>1364.8</ele>
        <time>2026-07-08T10:10:06Z</time>
        <extensions>
          <gpxtpx:TrackPointExtension>
            <gpxtpx:atemp>33</gpxtpx:atemp>
            <gpxtpx:hr>92</gpxtpx:hr>
            <gpxtpx:cad>0</gpxtpx:cad>
          </gpxtpx:TrackPointExtension>
          <gpxx:TrackPointExtension>
            <gpxx:Temperature>33</gpxx:Temperature>
          </gpxx:TrackPointExtension>
        </extensions>
      </trkpt>
      <trkpt lat="42.763762967661023" lon="-0.505884988233447">
        <ele>1364.2</ele>
        <time>2026-07-08T10:10:10Z</time>
        <extensions>
          <gpxtpx:TrackPointExtension>
            <gpxtpx:atemp>33</gpxtpx:atemp>
            <gpxtpx:hr>90</gpxtpx:hr>
            <gpxtpx:cad>0</gpxtpx:cad>
          </gpxtpx:TrackPointExtension>
          <gpxx:TrackPointExtension>
            <gpxx:Temperature>33</gpxx:Temperature>
          </gpxx:TrackPointExtension>
        </extensions>
      </trkpt>
      <trkpt lat="42.76377403177321" lon="-0.505898986011744">
        <ele>1363.8</ele>
        <time>2026-07-08T10:10:12Z</time>
        <extensions>
          <gpxtpx:TrackPointExtension>
            <gpxtpx:atemp>33</gpxtpx:atemp>
            <gpxtpx:hr>92</gpxtpx:hr>
            <gpxtpx:cad>0</gpxtpx:cad>
          </gpxtpx:TrackPointExtension>
          <gpxx:TrackPointExtension>
            <gpxx:Temperature>33</gpxx:Temperature>
          </gpxx:TrackPointExtension>
        </extensions>
      </trkpt>
      <trkpt lat="42.763821976259351" lon="-0.506000993773341">
        <ele>1363</ele>
        <time>2026-07-08T10:10:20Z</time>
        <extensions>
          <gpxtpx:TrackPointExtension>
            <gpxtpx:atemp>33</gpxtpx:atemp>
            <gpxtpx:hr>96</gpxtpx:hr>
            <gpxtpx:cad>48</gpxtpx:cad>
          </gpxtpx:TrackPointExtension>
          <gpxx:TrackPointExtension>
            <gpxx:Temperature>33</gpxx:Temperature>
          </gpxx:TrackPointExtension>
        </extensions>
      </trkpt>
      <trkpt lat="42.763873022049665" lon="-0.506058996543288">
        <ele>1362.4000000000001</ele>
        <time>2026-07-08T10:10:27Z</time>
        <extensions>
          <gpxtpx:TrackPointExtension>
            <gpxtpx:atemp>33</gpxtpx:atemp>
            <gpxtpx:hr>93</gpxtpx:hr>
            <gpxtpx:cad>0</gpxtpx:cad>
          </gpxtpx:TrackPointExtension>
          <gpxx:TrackPointExtension>
            <gpxx:Temperature>33</gpxx:Temperature>
          </gpxx:TrackPointExtension>
        </extensions>
      </trkpt>
      <trkpt lat="42.763909986242652" lon="-0.506085986271501">
        <ele>1362.2</ele>
        <time>2026-07-08T10:10:30Z</time>
        <extensions>
          <gpxtpx:TrackPointExtension>
            <gpxtpx:atemp>33</gpxtpx:atemp>
            <gpxtpx:hr>90</gpxtpx:hr>
            <gpxtpx:cad>0</gpxtpx:cad>
          </gpxtpx:TrackPointExtension>
          <gpxx:TrackPointExtension>
            <gpxx:Temperature>33</gpxx:Temperature>
          </gpxx:TrackPointExtension>
        </extensions>
      </trkpt>
      <trkpt lat="42.763922978192568" lon="-0.506086992099881">
        <ele>1362.2</ele>
        <time>2026-07-08T10:10:32Z</time>
        <extensions>
          <gpxtpx:TrackPointExtension>
            <gpxtpx:atemp>33</gpxtpx:atemp>
            <gpxtpx:hr>91</gpxtpx:hr>
            <gpxtpx:cad>0</gpxtpx:cad>
          </gpxtpx:TrackPointExtension>
          <gpxx:TrackPointExtension>
            <gpxx:Temperature>33</gpxx:Temperature>
          </gpxx:TrackPointExtension>
        </extensions>
      </trkpt>
      <trkpt lat="42.763933036476374" lon="-0.506094032898545">
        <ele>1362.2</ele>
        <time>2026-07-08T10:10:34Z</time>
        <extensions>
          <gpxtpx:TrackPointExtension>
            <gpxtpx:atemp>33</gpxtpx:atemp>
            <gpxtpx:hr>91</gpxtpx:hr>
            <gpxtpx:cad>0</gpxtpx:cad>
          </gpxtpx:TrackPointExtension>
          <gpxx:TrackPointExtension>
            <gpxx:Temperature>33</gpxx:Temperature>
          </gpxx:TrackPointExtension>
        </extensions>
      </trkpt>
      <trkpt lat="42.763954997062683" lon="-0.506112975999713">
        <ele>1362.4000000000001</ele>
        <time>2026-07-08T10:10:37Z</time>
        <extensions>
          <gpxtpx:TrackPointExtension>
            <gpxtpx:atemp>33</gpxtpx:atemp>
            <gpxtpx:hr>92</gpxtpx:hr>
            <gpxtpx:cad>0</gpxtpx:cad>
          </gpxtpx:TrackPointExtension>
          <gpxx:TrackPointExtension>
            <gpxx:Temperature>33</gpxx:Temperature>
          </gpxx:TrackPointExtension>
        </extensions>
      </trkpt>
      <trkpt lat="42.764009982347488" lon="-0.506179025396705">
        <ele>1362</ele>
        <time>2026-07-08T10:10:44Z</time>
        <extensions>
          <gpxtpx:TrackPointExtension>
            <gpxtpx:atemp>33</gpxtpx:atemp>
            <gpxtpx:hr>94</gpxtpx:hr>
            <gpxtpx:cad>0</gpxtpx:cad>
          </gpxtpx:TrackPointExtension>
          <gpxx:TrackPointExtension>
            <gpxx:Temperature>33</gpxx:Temperature>
          </gpxx:TrackPointExtension>
        </extensions>
      </trkpt>
      <trkpt lat="42.76401299983263" lon="-0.50619101151824">
        <ele>1361.8</ele>
        <time>2026-07-08T10:10:45Z</time>
        <extensions>
          <gpxtpx:TrackPointExtension>
            <gpxtpx:atemp>33</gpxtpx:atemp>
            <gpxtpx:hr>95</gpxtpx:hr>
            <gpxtpx:cad>0</gpxtpx:cad>
          </gpxtpx:TrackPointExtension>
          <gpxx:TrackPointExtension>
            <gpxx:Temperature>33</gpxx:Temperature>
          </gpxx:TrackPointExtension>
        </extensions>
      </trkpt>
      <trkpt lat="42.764029009267688" lon="-0.506236022338271">
        <ele>1360.8</ele>
        <time>2026-07-08T10:10:48Z</time>
        <extensions>
          <gpxtpx:TrackPointExtension>
            <gpxtpx:atemp>33</gpxtpx:atemp>
            <gpxtpx:hr>96</gpxtpx:hr>
            <gpxtpx:cad>53</gpxtpx:cad>
          </gpxtpx:TrackPointExtension>
          <gpxx:TrackPointExtension>
            <gpxx:Temperature>33</gpxx:Temperature>
          </gpxx:TrackPointExtension>
        </extensions>
      </trkpt>
      <trkpt lat="42.764023980125785" lon="-0.506287990137935">
        <ele>1359.4000000000001</ele>
        <time>2026-07-08T10:10:51Z</time>
        <extensions>
          <gpxtpx:TrackPointExtension>
            <gpxtpx:atemp>33</gpxtpx:atemp>
            <gpxtpx:hr>96</gpxtpx:hr>
            <gpxtpx:cad>52</gpxtpx:cad>
          </gpxtpx:TrackPointExtension>
          <gpxx:TrackPointExtension>
            <gpxx:Temperature>33</gpxx:Temperature>
          </gpxx:TrackPointExtension>
        </extensions>
      </trkpt>
      <trkpt lat="42.76401199400425" lon="-0.50632000900805">
        <ele>1359.2</ele>
        <time>2026-07-08T10:10:53Z</time>
        <extensions>
          <gpxtpx:TrackPointExtension>
            <gpxtpx:atemp>33</gpxtpx:atemp>
            <gpxtpx:hr>96</gpxtpx:hr>
            <gpxtpx:cad>53</gpxtpx:cad>
          </gpxtpx:TrackPointExtension>
          <gpxx:TrackPointExtension>
            <gpxx:Temperature>33</gpxx:Temperature>
          </gpxx:TrackPointExtension>
        </extensions>
      </trkpt>
      <trkpt lat="42.76399003341794" lon="-0.506346998736262">
        <ele>1357.8</ele>
        <time>2026-07-08T10:10:55Z</time>
        <extensions>
          <gpxtpx:TrackPointExtension>
            <gpxtpx:atemp>33</gpxtpx:atemp>
            <gpxtpx:hr>96</gpxtpx:hr>
            <gpxtpx:cad>52</gpxtpx:cad>
          </gpxtpx:TrackPointExtension>
          <gpxx:TrackPointExtension>
            <gpxx:Temperature>33</gpxx:Temperature>
          </gpxx:TrackPointExtension>
        </extensions>
      </trkpt>
      <trkpt lat="42.763995984569192" lon="-0.506425034254789">
        <ele>1357.2</ele>
        <time>2026-07-08T10:10:59Z</time>
        <extensions>
          <gpxtpx:TrackPointExtension>
            <gpxtpx:atemp>33</gpxtpx:atemp>
            <gpxtpx:hr>96</gpxtpx:hr>
            <gpxtpx:cad>52</gpxtpx:cad>
          </gpxtpx:TrackPointExtension>
          <gpxx:TrackPointExtension>
            <gpxx:Temperature>33</gpxx:Temperature>
          </gpxx:TrackPointExtension>
        </extensions>
      </trkpt>
      <trkpt lat="42.763997996225953" lon="-0.506440959870815">
        <ele>1357.2</ele>
        <time>2026-07-08T10:11:00Z</time>
        <extensions>
          <gpxtpx:TrackPointExtension>
            <gpxtpx:atemp>33</gpxtpx:atemp>
            <gpxtpx:hr>95</gpxtpx:hr>
            <gpxtpx:cad>51</gpxtpx:cad>
          </gpxtpx:TrackPointExtension>
          <gpxx:TrackPointExtension>
            <gpxx:Temperature>33</gpxx:Temperature>
          </gpxx:TrackPointExtension>
        </extensions>
      </trkpt>
      <trkpt lat="42.764007970690727" lon="-0.506506003439426">
        <ele>1357</ele>
        <time>2026-07-08T10:11:03Z</time>
        <extensions>
          <gpxtpx:TrackPointExtension>
            <gpxtpx:atemp>33</gpxtpx:atemp>
            <gpxtpx:hr>95</gpxtpx:hr>
            <gpxtpx:cad>51</gpxtpx:cad>
          </gpxtpx:TrackPointExtension>
          <gpxx:TrackPointExtension>
            <gpxx:Temperature>33</gpxx:Temperature>
          </gpxx:TrackPointExtension>
        </extensions>
      </trkpt>
      <trkpt lat="42.764014005661011" lon="-0.506572974845767">
        <ele>1356.8</ele>
        <time>2026-07-08T10:11:06Z</time>
        <extensions>
          <gpxtpx:TrackPointExtension>
            <gpxtpx:atemp>33</gpxtpx:atemp>
            <gpxtpx:hr>93</gpxtpx:hr>
            <gpxtpx:cad>48</gpxtpx:cad>
          </gpxtpx:TrackPointExtension>
          <gpxx:TrackPointExtension>
            <gpxx:Temperature>33</gpxx:Temperature>
          </gpxx:TrackPointExtension>
        </extensions>
      </trkpt>
      <trkpt lat="42.76401199400425" lon="-0.506590995937586">
        <ele>1356.4000000000001</ele>
        <time>2026-07-08T10:11:07Z</time>
        <extensions>
          <gpxtpx:TrackPointExtension>
            <gpxtpx:atemp>33</gpxtpx:atemp>
            <gpxtpx:hr>95</gpxtpx:hr>
            <gpxtpx:cad>48</gpxtpx:cad>
          </gpxtpx:TrackPointExtension>
          <gpxx:TrackPointExtension>
            <gpxx:Temperature>33</gpxx:Temperature>
          </gpxx:TrackPointExtension>
        </extensions>
      </trkpt>
      <trkpt lat="42.76401199400425" lon="-0.506629971787333">
        <ele>1356.2</ele>
        <time>2026-07-08T10:11:09Z</time>
        <extensions>
          <gpxtpx:TrackPointExtension>
            <gpxtpx:atemp>33</gpxtpx:atemp>
            <gpxtpx:hr>94</gpxtpx:hr>
            <gpxtpx:cad>51</gpxtpx:cad>
          </gpxtpx:TrackPointExtension>
          <gpxx:TrackPointExtension>
            <gpxx:Temperature>33</gpxx:Temperature>
          </gpxx:TrackPointExtension>
        </extensions>
      </trkpt>
      <trkpt lat="42.764005959033966" lon="-0.506669031456113">
        <ele>1355.5999999999999</ele>
        <time>2026-07-08T10:11:11Z</time>
        <extensions>
          <gpxtpx:TrackPointExtension>
            <gpxtpx:atemp>33</gpxtpx:atemp>
            <gpxtpx:hr>94</gpxtpx:hr>
            <gpxtpx:cad>51</gpxtpx:cad>
          </gpxtpx:TrackPointExtension>
          <gpxx:TrackPointExtension>
            <gpxx:Temperature>33</gpxx:Temperature>
          </gpxx:TrackPointExtension>
        </extensions>
      </trkpt>
      <trkpt lat="42.764005037024617" lon="-0.506696021184325">
        <ele>1355.5999999999999</ele>
        <time>2026-07-08T10:11:12Z</time>
        <extensions>
          <gpxtpx:TrackPointExtension>
            <gpxtpx:atemp>33</gpxtpx:atemp>
            <gpxtpx:hr>94</gpxtpx:hr>
            <gpxtpx:cad>50</gpxtpx:cad>
          </gpxtpx:TrackPointExtension>
          <gpxx:TrackPointExtension>
            <gpxx:Temperature>33</gpxx:Temperature>
          </gpxx:TrackPointExtension>
        </extensions>
      </trkpt>
      <trkpt lat="42.764007970690727" lon="-0.506796017289162">
        <ele>1355.4000000000001</ele>
        <time>2026-07-08T10:11:16Z</time>
        <extensions>
          <gpxtpx:TrackPointExtension>
            <gpxtpx:atemp>32</gpxtpx:atemp>
            <gpxtpx:hr>91</gpxtpx:hr>
            <gpxtpx:cad>50</gpxtpx:cad>
          </gpxtpx:TrackPointExtension>
          <gpxx:TrackPointExtension>
            <gpxx:Temperature>32</gpxx:Temperature>
          </gpxx:TrackPointExtension>
        </extensions>
      </trkpt>
      <trkpt lat="42.76399003341794" lon="-0.506826024502516">
        <ele>1354.4000000000001</ele>
        <time>2026-07-08T10:11:20Z</time>
        <extensions>
          <gpxtpx:TrackPointExtension>
            <gpxtpx:atemp>32</gpxtpx:atemp>
            <gpxtpx:hr>92</gpxtpx:hr>
            <gpxtpx:cad>49</gpxtpx:cad>
          </gpxtpx:TrackPointExtension>
          <gpxx:TrackPointExtension>
            <gpxx:Temperature>32</gpxx:Temperature>
          </gpxx:TrackPointExtension>
        </extensions>
      </trkpt>
      <trkpt lat="42.763981986790895" lon="-0.50685896538198">
        <ele>1353.8</ele>
        <time>2026-07-08T10:11:26Z</time>
        <extensions>
          <gpxtpx:TrackPointExtension>
            <gpxtpx:atemp>32</gpxtpx:atemp>
            <gpxtpx:hr>91</gpxtpx:hr>
            <gpxtpx:cad>49</gpxtpx:cad>
          </gpxtpx:TrackPointExtension>
          <gpxx:TrackPointExtension>
            <gpxx:Temperature>32</gpxx:Temperature>
          </gpxx:TrackPointExtension>
        </extensions>
      </trkpt>
      <trkpt lat="42.763979975134134" lon="-0.506888972595334">
        <ele>1353.2</ele>
        <time>2026-07-08T10:11:29Z</time>
        <extensions>
          <gpxtpx:TrackPointExtension>
            <gpxtpx:atemp>32</gpxtpx:atemp>
            <gpxtpx:hr>92</gpxtpx:hr>
            <gpxtpx:cad>50</gpxtpx:cad>
          </gpxtpx:TrackPointExtension>
          <gpxx:TrackPointExtension>
            <gpxx:Temperature>32</gpxx:Temperature>
          </gpxx:TrackPointExtension>
        </extensions>
      </trkpt>
      <trkpt lat="42.76398902758956" lon="-0.506917973980308">
        <ele>1352.5999999999999</ele>
        <time>2026-07-08T10:11:34Z</time>
        <extensions>
          <gpxtpx:TrackPointExtension>
            <gpxtpx:atemp>32</gpxtpx:atemp>
            <gpxtpx:hr>91</gpxtpx:hr>
            <gpxtpx:cad>50</gpxtpx:cad>
          </gpxtpx:TrackPointExtension>
          <gpxx:TrackPointExtension>
            <gpxx:Temperature>32</gpxx:Temperature>
          </gpxx:TrackPointExtension>
        </extensions>
      </trkpt>
      <trkpt lat="42.76397000066936" lon="-0.506948987022042">
        <ele>1352</ele>
        <time>2026-07-08T10:11:36Z</time>
        <extensions>
          <gpxtpx:TrackPointExtension>
            <gpxtpx:atemp>32</gpxtpx:atemp>
            <gpxtpx:hr>90</gpxtpx:hr>
            <gpxtpx:cad>50</gpxtpx:cad>
          </gpxtpx:TrackPointExtension>
          <gpxx:TrackPointExtension>
            <gpxx:Temperature>32</gpxx:Temperature>
          </gpxx:TrackPointExtension>
        </extensions>
      </trkpt>
      <trkpt lat="42.76394602842629" lon="-0.50698502920568">
        <ele>1351</ele>
        <time>2026-07-08T10:11:41Z</time>
        <extensions>
          <gpxtpx:TrackPointExtension>
            <gpxtpx:atemp>32</gpxtpx:atemp>
            <gpxtpx:hr>91</gpxtpx:hr>
            <gpxtpx:cad>52</gpxtpx:cad>
          </gpxtpx:TrackPointExtension>
          <gpxx:TrackPointExtension>
            <gpxx:Temperature>32</gpxx:Temperature>
          </gpxx:TrackPointExtension>
        </extensions>
      </trkpt>
      <trkpt lat="42.763962959870696" lon="-0.507039008662105">
        <ele>1350.2</ele>
        <time>2026-07-08T10:11:44Z</time>
        <extensions>
          <gpxtpx:TrackPointExtension>
            <gpxtpx:atemp>32</gpxtpx:atemp>
            <gpxtpx:hr>91</gpxtpx:hr>
            <gpxtpx:cad>51</gpxtpx:cad>
          </gpxtpx:TrackPointExtension>
          <gpxx:TrackPointExtension>
            <gpxx:Temperature>32</gpxx:Temperature>
          </gpxx:TrackPointExtension>
        </extensions>
      </trkpt>
      <trkpt lat="42.763959020376205" lon="-0.507056023925543">
        <ele>1349.8</ele>
        <time>2026-07-08T10:11:45Z</time>
        <extensions>
          <gpxtpx:TrackPointExtension>
            <gpxtpx:atemp>32</gpxtpx:atemp>
            <gpxtpx:hr>90</gpxtpx:hr>
            <gpxtpx:cad>52</gpxtpx:cad>
          </gpxtpx:TrackPointExtension>
          <gpxx:TrackPointExtension>
            <gpxx:Temperature>32</gpxx:Temperature>
          </gpxx:TrackPointExtension>
        </extensions>
      </trkpt>
      <trkpt lat="42.763950973749161" lon="-0.507111009210348">
        <ele>1348.8</ele>
        <time>2026-07-08T10:11:49Z</time>
        <extensions>
          <gpxtpx:TrackPointExtension>
            <gpxtpx:atemp>32</gpxtpx:atemp>
            <gpxtpx:hr>91</gpxtpx:hr>
            <gpxtpx:cad>52</gpxtpx:cad>
          </gpxtpx:TrackPointExtension>
          <gpxx:TrackPointExtension>
            <gpxx:Temperature>32</gpxx:Temperature>
          </gpxx:TrackPointExtension>
        </extensions>
      </trkpt>
      <trkpt lat="42.763948040083051" lon="-0.507163982838392">
        <ele>1348.2</ele>
        <time>2026-07-08T10:11:52Z</time>
        <extensions>
          <gpxtpx:TrackPointExtension>
            <gpxtpx:atemp>32</gpxtpx:atemp>
            <gpxtpx:hr>91</gpxtpx:hr>
            <gpxtpx:cad>52</gpxtpx:cad>
          </gpxtpx:TrackPointExtension>
          <gpxx:TrackPointExtension>
            <gpxx:Temperature>32</gpxx:Temperature>
          </gpxx:TrackPointExtension>
        </extensions>
      </trkpt>
      <trkpt lat="42.763939993456006" lon="-0.507213016971946">
        <ele>1347.5999999999999</ele>
        <time>2026-07-08T10:11:56Z</time>
        <extensions>
          <gpxtpx:TrackPointExtension>
            <gpxtpx:atemp>32</gpxtpx:atemp>
            <gpxtpx:hr>92</gpxtpx:hr>
            <gpxtpx:cad>52</gpxtpx:cad>
          </gpxtpx:TrackPointExtension>
          <gpxx:TrackPointExtension>
            <gpxx:Temperature>32</gpxx:Temperature>
          </gpxx:TrackPointExtension>
        </extensions>
      </trkpt>
      <trkpt lat="42.763944016769528" lon="-0.507290968671441">
        <ele>1346.8</ele>
        <time>2026-07-08T10:12:02Z</time>
        <extensions>
          <gpxtpx:TrackPointExtension>
            <gpxtpx:atemp>32</gpxtpx:atemp>
            <gpxtpx:hr>92</gpxtpx:hr>
            <gpxtpx:cad>52</gpxtpx:cad>
          </gpxtpx:TrackPointExtension>
          <gpxx:TrackPointExtension>
            <gpxx:Temperature>32</gpxx:Temperature>
          </gpxx:TrackPointExtension>
        </extensions>
      </trkpt>
      <trkpt lat="42.76394602842629" lon="-0.507303038612008">
        <ele>1346.5999999999999</ele>
        <time>2026-07-08T10:12:03Z</time>
        <extensions>
          <gpxtpx:TrackPointExtension>
            <gpxtpx:atemp>32</gpxtpx:atemp>
            <gpxtpx:hr>91</gpxtpx:hr>
            <gpxtpx:cad>52</gpxtpx:cad>
          </gpxtpx:TrackPointExtension>
          <gpxx:TrackPointExtension>
            <gpxx:Temperature>32</gpxx:Temperature>
          </gpxx:TrackPointExtension>
        </extensions>
      </trkpt>
      <trkpt lat="42.763957008719444" lon="-0.507393982261419">
        <ele>1345.5999999999999</ele>
        <time>2026-07-08T10:12:10Z</time>
        <extensions>
          <gpxtpx:TrackPointExtension>
            <gpxtpx:atemp>33</gpxtpx:atemp>
            <gpxtpx:hr>88</gpxtpx:hr>
            <gpxtpx:cad>48</gpxtpx:cad>
          </gpxtpx:TrackPointExtension>
          <gpxx:TrackPointExtension>
            <gpxx:Temperature>33</gpxx:Temperature>
          </gpxx:TrackPointExtension>
        </extensions>
      </trkpt>
      <trkpt lat="42.763940999284387" lon="-0.507487021386623">
        <ele>1344.5999999999999</ele>
        <time>2026-07-08T10:12:18Z</time>
        <extensions>
          <gpxtpx:TrackPointExtension>
            <gpxtpx:atemp>33</gpxtpx:atemp>
            <gpxtpx:hr>87</gpxtpx:hr>
            <gpxtpx:cad>49</gpxtpx:cad>
          </gpxtpx:TrackPointExtension>
          <gpxx:TrackPointExtension>
            <gpxx:Temperature>33</gpxx:Temperature>
          </gpxx:TrackPointExtension>
        </extensions>
      </trkpt>
      <trkpt lat="42.763934964314103" lon="-0.507500013336539">
        <ele>1344.5999999999999</ele>
        <time>2026-07-08T10:12:19Z</time>
        <extensions>
          <gpxtpx:TrackPointExtension>
            <gpxtpx:atemp>33</gpxtpx:atemp>
            <gpxtpx:hr>84</gpxtpx:hr>
            <gpxtpx:cad>49</gpxtpx:cad>
          </gpxtpx:TrackPointExtension>
          <gpxx:TrackPointExtension>
            <gpxx:Temperature>33</gpxx:Temperature>
          </gpxx:TrackPointExtension>
        </extensions>
      </trkpt>
      <trkpt lat="42.763931024819613" lon="-0.507527003064752">
        <ele>1344.5999999999999</ele>
        <time>2026-07-08T10:12:21Z</time>
        <extensions>
          <gpxtpx:TrackPointExtension>
            <gpxtpx:atemp>33</gpxtpx:atemp>
            <gpxtpx:hr>88</gpxtpx:hr>
            <gpxtpx:cad>47</gpxtpx:cad>
          </gpxtpx:TrackPointExtension>
          <gpxx:TrackPointExtension>
            <gpxx:Temperature>33</gpxx:Temperature>
          </gpxx:TrackPointExtension>
        </extensions>
      </trkpt>
      <trkpt lat="42.763928007334471" lon="-0.507547035813332">
        <ele>1344.4000000000001</ele>
        <time>2026-07-08T10:12:23Z</time>
        <extensions>
          <gpxtpx:TrackPointExtension>
            <gpxtpx:atemp>33</gpxtpx:atemp>
            <gpxtpx:hr>92</gpxtpx:hr>
            <gpxtpx:cad>48</gpxtpx:cad>
          </gpxtpx:TrackPointExtension>
          <gpxx:TrackPointExtension>
            <gpxx:Temperature>33</gpxx:Temperature>
          </gpxx:TrackPointExtension>
        </extensions>
      </trkpt>
      <trkpt lat="42.763914009556174" lon="-0.507573019713163">
        <ele>1344.4000000000001</ele>
        <time>2026-07-08T10:12:25Z</time>
        <extensions>
          <gpxtpx:TrackPointExtension>
            <gpxtpx:atemp>33</gpxtpx:atemp>
            <gpxtpx:hr>89</gpxtpx:hr>
            <gpxtpx:cad>46</gpxtpx:cad>
          </gpxtpx:TrackPointExtension>
          <gpxx:TrackPointExtension>
            <gpxx:Temperature>33</gpxx:Temperature>
          </gpxx:TrackPointExtension>
        </extensions>
      </trkpt>
      <trkpt lat="42.76390696875751" lon="-0.507584000006318">
        <ele>1344.4000000000001</ele>
        <time>2026-07-08T10:12:26Z</time>
        <extensions>
          <gpxtpx:TrackPointExtension>
            <gpxtpx:atemp>33</gpxtpx:atemp>
            <gpxtpx:hr>88</gpxtpx:hr>
            <gpxtpx:cad>46</gpxtpx:cad>
          </gpxtpx:TrackPointExtension>
          <gpxx:TrackPointExtension>
            <gpxx:Temperature>33</gpxx:Temperature>
          </gpxx:TrackPointExtension>
        </extensions>
      </trkpt>
      <trkpt lat="42.763887019827962" lon="-0.507616018876433">
        <ele>1344.2</ele>
        <time>2026-07-08T10:12:29Z</time>
        <extensions>
          <gpxtpx:TrackPointExtension>
            <gpxtpx:atemp>33</gpxtpx:atemp>
            <gpxtpx:hr>85</gpxtpx:hr>
            <gpxtpx:cad>48</gpxtpx:cad>
          </gpxtpx:TrackPointExtension>
          <gpxx:TrackPointExtension>
            <gpxx:Temperature>33</gpxx:Temperature>
          </gpxx:TrackPointExtension>
        </extensions>
      </trkpt>
      <trkpt lat="42.76386296376586" lon="-0.507691036909819">
        <ele>1344.2</ele>
        <time>2026-07-08T10:12:35Z</time>
        <extensions>
          <gpxtpx:TrackPointExtension>
            <gpxtpx:atemp>33</gpxtpx:atemp>
            <gpxtpx:hr>87</gpxtpx:hr>
            <gpxtpx:cad>0</gpxtpx:cad>
          </gpxtpx:TrackPointExtension>
          <gpxx:TrackPointExtension>
            <gpxx:Temperature>33</gpxx:Temperature>
          </gpxx:TrackPointExtension>
        </extensions>
      </trkpt>
      <trkpt lat="42.763851983472705" lon="-0.507730012759566">
        <ele>1344.2</ele>
        <time>2026-07-08T10:12:38Z</time>
        <extensions>
          <gpxtpx:TrackPointExtension>
            <gpxtpx:atemp>33</gpxtpx:atemp>
            <gpxtpx:hr>84</gpxtpx:hr>
            <gpxtpx:cad>49</gpxtpx:cad>
          </gpxtpx:TrackPointExtension>
          <gpxx:TrackPointExtension>
            <gpxx:Temperature>33</gpxx:Temperature>
          </gpxx:TrackPointExtension>
        </extensions>
      </trkpt>
      <trkpt lat="42.763832034543157" lon="-0.507801007479429">
        <ele>1344</ele>
        <time>2026-07-08T10:12:43Z</time>
        <extensions>
          <gpxtpx:TrackPointExtension>
            <gpxtpx:atemp>33</gpxtpx:atemp>
            <gpxtpx:hr>87</gpxtpx:hr>
            <gpxtpx:cad>50</gpxtpx:cad>
          </gpxtpx:TrackPointExtension>
          <gpxx:TrackPointExtension>
            <gpxx:Temperature>33</gpxx:Temperature>
          </gpxx:TrackPointExtension>
        </extensions>
      </trkpt>
      <trkpt lat="42.763822982087731" lon="-0.507826991379261">
        <ele>1343.2</ele>
        <time>2026-07-08T10:12:45Z</time>
        <extensions>
          <gpxtpx:TrackPointExtension>
            <gpxtpx:atemp>33</gpxtpx:atemp>
            <gpxtpx:hr>88</gpxtpx:hr>
            <gpxtpx:cad>50</gpxtpx:cad>
          </gpxtpx:TrackPointExtension>
          <gpxx:TrackPointExtension>
            <gpxx:Temperature>33</gpxx:Temperature>
          </gpxx:TrackPointExtension>
        </extensions>
      </trkpt>
      <trkpt lat="42.763815019279718" lon="-0.507854986935854">
        <ele>1343.2</ele>
        <time>2026-07-08T10:12:47Z</time>
        <extensions>
          <gpxtpx:TrackPointExtension>
            <gpxtpx:atemp>33</gpxtpx:atemp>
            <gpxtpx:hr>88</gpxtpx:hr>
            <gpxtpx:cad>48</gpxtpx:cad>
          </gpxtpx:TrackPointExtension>
          <gpxx:TrackPointExtension>
            <gpxx:Temperature>33</gpxx:Temperature>
          </gpxx:TrackPointExtension>
        </extensions>
      </trkpt>
      <trkpt lat="42.76379800401628" lon="-0.507964035496116">
        <ele>1343.4000000000001</ele>
        <time>2026-07-08T10:12:55Z</time>
        <extensions>
          <gpxtpx:TrackPointExtension>
            <gpxtpx:atemp>33</gpxtpx:atemp>
            <gpxtpx:hr>88</gpxtpx:hr>
            <gpxtpx:cad>45</gpxtpx:cad>
          </gpxtpx:TrackPointExtension>
          <gpxx:TrackPointExtension>
            <gpxx:Temperature>33</gpxx:Temperature>
          </gpxx:TrackPointExtension>
        </extensions>
      </trkpt>
      <trkpt lat="42.763843014836311" lon="-0.508074006065726">
        <ele>1343.4000000000001</ele>
        <time>2026-07-08T10:13:05Z</time>
        <extensions>
          <gpxtpx:TrackPointExtension>
            <gpxtpx:atemp>33</gpxtpx:atemp>
            <gpxtpx:hr>87</gpxtpx:hr>
            <gpxtpx:cad>0</gpxtpx:cad>
          </gpxtpx:TrackPointExtension>
          <gpxx:TrackPointExtension>
            <gpxx:Temperature>33</gpxx:Temperature>
          </gpxx:TrackPointExtension>
        </extensions>
      </trkpt>
      <trkpt lat="42.763843014836311" lon="-0.508078029379249">
        <ele>1342.5999999999999</ele>
        <time>2026-07-08T10:13:13Z</time>
        <extensions>
          <gpxtpx:TrackPointExtension>
            <gpxtpx:atemp>33</gpxtpx:atemp>
            <gpxtpx:hr>90</gpxtpx:hr>
            <gpxtpx:cad>0</gpxtpx:cad>
          </gpxtpx:TrackPointExtension>
          <gpxx:TrackPointExtension>
            <gpxx:Temperature>33</gpxx:Temperature>
          </gpxx:TrackPointExtension>
        </extensions>
      </trkpt>
      <trkpt lat="42.763843014836311" lon="-0.508079035207629">
        <ele>1342.4000000000001</ele>
        <time>2026-07-08T10:13:19Z</time>
        <extensions>
          <gpxtpx:TrackPointExtension>
            <gpxtpx:atemp>33</gpxtpx:atemp>
            <gpxtpx:hr>90</gpxtpx:hr>
            <gpxtpx:cad>0</gpxtpx:cad>
          </gpxtpx:TrackPointExtension>
          <gpxx:TrackPointExtension>
            <gpxx:Temperature>33</gpxx:Temperature>
          </gpxx:TrackPointExtension>
        </extensions>
      </trkpt>
      <trkpt lat="42.763843014836311" lon="-0.508079035207629">
        <ele>1342.2</ele>
        <time>2026-07-08T10:13:20Z</time>
        <extensions>
          <gpxtpx:TrackPointExtension>
            <gpxtpx:atemp>33</gpxtpx:atemp>
            <gpxtpx:hr>92</gpxtpx:hr>
            <gpxtpx:cad>0</gpxtpx:cad>
          </gpxtpx:TrackPointExtension>
          <gpxx:TrackPointExtension>
            <gpxx:Temperature>33</gpxx:Temperature>
          </gpxx:TrackPointExtension>
        </extensions>
      </trkpt>
      <trkpt lat="42.763844020664692" lon="-0.508079035207629">
        <ele>1342</ele>
        <time>2026-07-08T10:13:26Z</time>
        <extensions>
          <gpxtpx:TrackPointExtension>
            <gpxtpx:atemp>33</gpxtpx:atemp>
            <gpxtpx:hr>95</gpxtpx:hr>
            <gpxtpx:cad>0</gpxtpx:cad>
          </gpxtpx:TrackPointExtension>
          <gpxx:TrackPointExtension>
            <gpxx:Temperature>33</gpxx:Temperature>
          </gpxx:TrackPointExtension>
        </extensions>
      </trkpt>
      <trkpt lat="42.763793980702758" lon="-0.508106024935842">
        <ele>1341.2</ele>
        <time>2026-07-08T10:13:35Z</time>
        <extensions>
          <gpxtpx:TrackPointExtension>
            <gpxtpx:atemp>33</gpxtpx:atemp>
            <gpxtpx:hr>97</gpxtpx:hr>
            <gpxtpx:cad>51</gpxtpx:cad>
          </gpxtpx:TrackPointExtension>
          <gpxx:TrackPointExtension>
            <gpxx:Temperature>33</gpxx:Temperature>
          </gpxx:TrackPointExtension>
        </extensions>
      </trkpt>
      <trkpt lat="42.763707982376218" lon="-0.508226975798607">
        <ele>1341.2</ele>
        <time>2026-07-08T10:13:44Z</time>
        <extensions>
          <gpxtpx:TrackPointExtension>
            <gpxtpx:atemp>33</gpxtpx:atemp>
            <gpxtpx:hr>98</gpxtpx:hr>
            <gpxtpx:cad>55</gpxtpx:cad>
          </gpxtpx:TrackPointExtension>
          <gpxx:TrackPointExtension>
            <gpxx:Temperature>33</gpxx:Temperature>
          </gpxx:TrackPointExtension>
        </extensions>
      </trkpt>
      <trkpt lat="42.763700019568205" lon="-0.508244996890426">
        <ele>1341</ele>
        <time>2026-07-08T10:13:45Z</time>
        <extensions>
          <gpxtpx:TrackPointExtension>
            <gpxtpx:atemp>33</gpxtpx:atemp>
            <gpxtpx:hr>98</gpxtpx:hr>
            <gpxtpx:cad>55</gpxtpx:cad>
          </gpxtpx:TrackPointExtension>
          <gpxx:TrackPointExtension>
            <gpxx:Temperature>33</gpxx:Temperature>
          </gpxx:TrackPointExtension>
        </extensions>
      </trkpt>
      <trkpt lat="42.763652997091413" lon="-0.508326971903443">
        <ele>1339.5999999999999</ele>
        <time>2026-07-08T10:13:52Z</time>
        <extensions>
          <gpxtpx:TrackPointExtension>
            <gpxtpx:atemp>33</gpxtpx:atemp>
            <gpxtpx:hr>99</gpxtpx:hr>
            <gpxtpx:cad>55</gpxtpx:cad>
          </gpxtpx:TrackPointExtension>
          <gpxx:TrackPointExtension>
            <gpxx:Temperature>33</gpxx:Temperature>
          </gpxx:TrackPointExtension>
        </extensions>
      </trkpt>
      <trkpt lat="42.763580996543169" lon="-0.508396960794926">
        <ele>1338.5999999999999</ele>
        <time>2026-07-08T10:14:01Z</time>
        <extensions>
          <gpxtpx:TrackPointExtension>
            <gpxtpx:atemp>33</gpxtpx:atemp>
            <gpxtpx:hr>98</gpxtpx:hr>
            <gpxtpx:cad>53</gpxtpx:cad>
          </gpxtpx:TrackPointExtension>
          <gpxx:TrackPointExtension>
            <gpxx:Temperature>33</gpxx:Temperature>
          </gpxx:TrackPointExtension>
        </extensions>
      </trkpt>
      <trkpt lat="42.763557024300098" lon="-0.508408024907112">
        <ele>1338.4000000000001</ele>
        <time>2026-07-08T10:14:03Z</time>
        <extensions>
          <gpxtpx:TrackPointExtension>
            <gpxtpx:atemp>33</gpxtpx:atemp>
            <gpxtpx:hr>98</gpxtpx:hr>
            <gpxtpx:cad>52</gpxtpx:cad>
          </gpxtpx:TrackPointExtension>
          <gpxx:TrackPointExtension>
            <gpxx:Temperature>33</gpxx:Temperature>
          </gpxx:TrackPointExtension>
        </extensions>
      </trkpt>
      <trkpt lat="42.763545960187912" lon="-0.508412970229983">
        <ele>1338.2</ele>
        <time>2026-07-08T10:14:04Z</time>
        <extensions>
          <gpxtpx:TrackPointExtension>
            <gpxtpx:atemp>33</gpxtpx:atemp>
            <gpxtpx:hr>94</gpxtpx:hr>
            <gpxtpx:cad>52</gpxtpx:cad>
          </gpxtpx:TrackPointExtension>
          <gpxx:TrackPointExtension>
            <gpxx:Temperature>33</gpxx:Temperature>
          </gpxx:TrackPointExtension>
        </extensions>
      </trkpt>
      <trkpt lat="42.763535985723138" lon="-0.508415987715125">
        <ele>1338</ele>
        <time>2026-07-08T10:14:05Z</time>
        <extensions>
          <gpxtpx:TrackPointExtension>
            <gpxtpx:atemp>33</gpxtpx:atemp>
            <gpxtpx:hr>98</gpxtpx:hr>
            <gpxtpx:cad>52</gpxtpx:cad>
          </gpxtpx:TrackPointExtension>
          <gpxx:TrackPointExtension>
            <gpxx:Temperature>33</gpxx:Temperature>
          </gpxx:TrackPointExtension>
        </extensions>
      </trkpt>
      <trkpt lat="42.763511007651687" lon="-0.508423028513789">
        <ele>1337.5999999999999</ele>
        <time>2026-07-08T10:14:08Z</time>
        <extensions>
          <gpxtpx:TrackPointExtension>
            <gpxtpx:atemp>33</gpxtpx:atemp>
            <gpxtpx:hr>98</gpxtpx:hr>
            <gpxtpx:cad>52</gpxtpx:cad>
          </gpxtpx:TrackPointExtension>
          <gpxx:TrackPointExtension>
            <gpxx:Temperature>33</gpxx:Temperature>
          </gpxx:TrackPointExtension>
        </extensions>
      </trkpt>
      <trkpt lat="42.763448981568217" lon="-0.508430991321802">
        <ele>1336.4000000000001</ele>
        <time>2026-07-08T10:14:14Z</time>
        <extensions>
          <gpxtpx:TrackPointExtension>
            <gpxtpx:atemp>33</gpxtpx:atemp>
            <gpxtpx:hr>98</gpxtpx:hr>
            <gpxtpx:cad>50</gpxtpx:cad>
          </gpxtpx:TrackPointExtension>
          <gpxx:TrackPointExtension>
            <gpxx:Temperature>33</gpxx:Temperature>
          </gpxx:TrackPointExtension>
        </extensions>
      </trkpt>
      <trkpt lat="42.763436995446682" lon="-0.508433002978563">
        <ele>1336.2</ele>
        <time>2026-07-08T10:14:15Z</time>
        <extensions>
          <gpxtpx:TrackPointExtension>
            <gpxtpx:atemp>33</gpxtpx:atemp>
            <gpxtpx:hr>93</gpxtpx:hr>
            <gpxtpx:cad>50</gpxtpx:cad>
          </gpxtpx:TrackPointExtension>
          <gpxx:TrackPointExtension>
            <gpxx:Temperature>33</gpxx:Temperature>
          </gpxx:TrackPointExtension>
        </extensions>
      </trkpt>
      <trkpt lat="42.763382010161877" lon="-0.508425962179899">
        <ele>1335.5999999999999</ele>
        <time>2026-07-08T10:14:20Z</time>
        <extensions>
          <gpxtpx:TrackPointExtension>
            <gpxtpx:atemp>34</gpxtpx:atemp>
            <gpxtpx:hr>96</gpxtpx:hr>
            <gpxtpx:cad>50</gpxtpx:cad>
          </gpxtpx:TrackPointExtension>
          <gpxx:TrackPointExtension>
            <gpxx:Temperature>34</gpxx:Temperature>
          </gpxx:TrackPointExtension>
        </extensions>
      </trkpt>
      <trkpt lat="42.763372035697103" lon="-0.508422022685409">
        <ele>1335.4000000000001</ele>
        <time>2026-07-08T10:14:21Z</time>
        <extensions>
          <gpxtpx:TrackPointExtension>
            <gpxtpx:atemp>34</gpxtpx:atemp>
            <gpxtpx:hr>97</gpxtpx:hr>
            <gpxtpx:cad>48</gpxtpx:cad>
          </gpxtpx:TrackPointExtension>
          <gpxx:TrackPointExtension>
            <gpxx:Temperature>34</gpxx:Temperature>
          </gpxx:TrackPointExtension>
        </extensions>
      </trkpt>
      <trkpt lat="42.763344962149858" lon="-0.50840500742197">
        <ele>1334.8</ele>
        <time>2026-07-08T10:14:24Z</time>
        <extensions>
          <gpxtpx:TrackPointExtension>
            <gpxtpx:atemp>34</gpxtpx:atemp>
            <gpxtpx:hr>99</gpxtpx:hr>
            <gpxtpx:cad>49</gpxtpx:cad>
          </gpxtpx:TrackPointExtension>
          <gpxx:TrackPointExtension>
            <gpxx:Temperature>34</gpxx:Temperature>
          </gpxx:TrackPointExtension>
        </extensions>
      </trkpt>
      <trkpt lat="42.763321995735168" lon="-0.508366031572223">
        <ele>1334.4000000000001</ele>
        <time>2026-07-08T10:14:28Z</time>
        <extensions>
          <gpxtpx:TrackPointExtension>
            <gpxtpx:atemp>34</gpxtpx:atemp>
            <gpxtpx:hr>99</gpxtpx:hr>
            <gpxtpx:cad>51</gpxtpx:cad>
          </gpxtpx:TrackPointExtension>
          <gpxx:TrackPointExtension>
            <gpxx:Temperature>34</gpxx:Temperature>
          </gpxx:TrackPointExtension>
        </extensions>
      </trkpt>
      <trkpt lat="42.763312021270394" lon="-0.508339963853359">
        <ele>1333.8</ele>
        <time>2026-07-08T10:14:30Z</time>
        <extensions>
          <gpxtpx:TrackPointExtension>
            <gpxtpx:atemp>34</gpxtpx:atemp>
            <gpxtpx:hr>103</gpxtpx:hr>
            <gpxtpx:cad>52</gpxtpx:cad>
          </gpxtpx:TrackPointExtension>
          <gpxx:TrackPointExtension>
            <gpxx:Temperature>34</gpxx:Temperature>
          </gpxx:TrackPointExtension>
        </extensions>
      </trkpt>
      <trkpt lat="42.763287965208292" lon="-0.50827500410378">
        <ele>1333.2</ele>
        <time>2026-07-08T10:14:35Z</time>
        <extensions>
          <gpxtpx:TrackPointExtension>
            <gpxtpx:atemp>34</gpxtpx:atemp>
            <gpxtpx:hr>104</gpxtpx:hr>
            <gpxtpx:cad>52</gpxtpx:cad>
          </gpxtpx:TrackPointExtension>
          <gpxx:TrackPointExtension>
            <gpxx:Temperature>34</gpxx:Temperature>
          </gpxx:TrackPointExtension>
        </extensions>
      </trkpt>
      <trkpt lat="42.763263992965221" lon="-0.508198980242014">
        <ele>1332.2</ele>
        <time>2026-07-08T10:14:41Z</time>
        <extensions>
          <gpxtpx:TrackPointExtension>
            <gpxtpx:atemp>34</gpxtpx:atemp>
            <gpxtpx:hr>104</gpxtpx:hr>
            <gpxtpx:cad>48</gpxtpx:cad>
          </gpxtpx:TrackPointExtension>
          <gpxx:TrackPointExtension>
            <gpxx:Temperature>34</gpxx:Temperature>
          </gpxx:TrackPointExtension>
        </extensions>
      </trkpt>
      <trkpt lat="42.763246977701783" lon="-0.508153969421983">
        <ele>1331.8</ele>
        <time>2026-07-08T10:14:44Z</time>
        <extensions>
          <gpxtpx:TrackPointExtension>
            <gpxtpx:atemp>34</gpxtpx:atemp>
            <gpxtpx:hr>103</gpxtpx:hr>
            <gpxtpx:cad>50</gpxtpx:cad>
          </gpxtpx:TrackPointExtension>
          <gpxx:TrackPointExtension>
            <gpxx:Temperature>34</gpxx:Temperature>
          </gpxx:TrackPointExtension>
        </extensions>
      </trkpt>
      <trkpt lat="42.763228034600616" lon="-0.508094038814306">
        <ele>1331.2</ele>
        <time>2026-07-08T10:14:49Z</time>
        <extensions>
          <gpxtpx:TrackPointExtension>
            <gpxtpx:atemp>34</gpxtpx:atemp>
            <gpxtpx:hr>101</gpxtpx:hr>
            <gpxtpx:cad>49</gpxtpx:cad>
          </gpxtpx:TrackPointExtension>
          <gpxx:TrackPointExtension>
            <gpxx:Temperature>34</gpxx:Temperature>
          </gpxx:TrackPointExtension>
        </extensions>
      </trkpt>
      <trkpt lat="42.763204984366894" lon="-0.50806000828743">
        <ele>1330.2</ele>
        <time>2026-07-08T10:14:53Z</time>
        <extensions>
          <gpxtpx:TrackPointExtension>
            <gpxtpx:atemp>34</gpxtpx:atemp>
            <gpxtpx:hr>101</gpxtpx:hr>
            <gpxtpx:cad>49</gpxtpx:cad>
          </gpxtpx:TrackPointExtension>
          <gpxx:TrackPointExtension>
            <gpxx:Temperature>34</gpxx:Temperature>
          </gpxx:TrackPointExtension>
        </extensions>
      </trkpt>
      <trkpt lat="42.7631960157305" lon="-0.508047016337514">
        <ele>1330.2</ele>
        <time>2026-07-08T10:14:54Z</time>
        <extensions>
          <gpxtpx:TrackPointExtension>
            <gpxtpx:atemp>34</gpxtpx:atemp>
            <gpxtpx:hr>101</gpxtpx:hr>
            <gpxtpx:cad>49</gpxtpx:cad>
          </gpxtpx:TrackPointExtension>
          <gpxx:TrackPointExtension>
            <gpxx:Temperature>34</gpxx:Temperature>
          </gpxx:TrackPointExtension>
        </extensions>
      </trkpt>
      <trkpt lat="42.763142958283424" lon="-0.507984990254045">
        <ele>1329</ele>
        <time>2026-07-08T10:15:01Z</time>
        <extensions>
          <gpxtpx:TrackPointExtension>
            <gpxtpx:atemp>34</gpxtpx:atemp>
            <gpxtpx:hr>100</gpxtpx:hr>
            <gpxtpx:cad>50</gpxtpx:cad>
          </gpxtpx:TrackPointExtension>
          <gpxx:TrackPointExtension>
            <gpxx:Temperature>34</gpxx:Temperature>
          </gpxx:TrackPointExtension>
        </extensions>
      </trkpt>
      <trkpt lat="42.76310901157558" lon="-0.507965041324496">
        <ele>1328.5999999999999</ele>
        <time>2026-07-08T10:15:04Z</time>
        <extensions>
          <gpxtpx:TrackPointExtension>
            <gpxtpx:atemp>34</gpxtpx:atemp>
            <gpxtpx:hr>97</gpxtpx:hr>
            <gpxtpx:cad>49</gpxtpx:cad>
          </gpxtpx:TrackPointExtension>
          <gpxx:TrackPointExtension>
            <gpxx:Temperature>34</gpxx:Temperature>
          </gpxx:TrackPointExtension>
        </extensions>
      </trkpt>
      <trkpt lat="42.763100964948535" lon="-0.507960012182593">
        <ele>1328.4000000000001</ele>
        <time>2026-07-08T10:15:06Z</time>
        <extensions>
          <gpxtpx:TrackPointExtension>
            <gpxtpx:atemp>34</gpxtpx:atemp>
            <gpxtpx:hr>93</gpxtpx:hr>
            <gpxtpx:cad>49</gpxtpx:cad>
          </gpxtpx:TrackPointExtension>
          <gpxx:TrackPointExtension>
            <gpxx:Temperature>34</gpxx:Temperature>
          </gpxx:TrackPointExtension>
        </extensions>
      </trkpt>
      <trkpt lat="42.763096019625664" lon="-0.507960012182593">
        <ele>1327.8</ele>
        <time>2026-07-08T10:15:08Z</time>
        <extensions>
          <gpxtpx:TrackPointExtension>
            <gpxtpx:atemp>34</gpxtpx:atemp>
            <gpxtpx:hr>92</gpxtpx:hr>
            <gpxtpx:cad>0</gpxtpx:cad>
          </gpxtpx:TrackPointExtension>
          <gpxx:TrackPointExtension>
            <gpxx:Temperature>34</gpxx:Temperature>
          </gpxx:TrackPointExtension>
        </extensions>
      </trkpt>
      <trkpt lat="42.763091996312141" lon="-0.507956994697452">
        <ele>1327.8</ele>
        <time>2026-07-08T10:15:09Z</time>
        <extensions>
          <gpxtpx:TrackPointExtension>
            <gpxtpx:atemp>34</gpxtpx:atemp>
            <gpxtpx:hr>92</gpxtpx:hr>
            <gpxtpx:cad>0</gpxtpx:cad>
          </gpxtpx:TrackPointExtension>
          <gpxx:TrackPointExtension>
            <gpxx:Temperature>34</gpxx:Temperature>
          </gpxx:TrackPointExtension>
        </extensions>
      </trkpt>
      <trkpt lat="42.763076992705464" lon="-0.507925981655717">
        <ele>1327.5999999999999</ele>
        <time>2026-07-08T10:15:12Z</time>
        <extensions>
          <gpxtpx:TrackPointExtension>
            <gpxtpx:atemp>34</gpxtpx:atemp>
            <gpxtpx:hr>92</gpxtpx:hr>
            <gpxtpx:cad>0</gpxtpx:cad>
          </gpxtpx:TrackPointExtension>
          <gpxx:TrackPointExtension>
            <gpxx:Temperature>34</gpxx:Temperature>
          </gpxx:TrackPointExtension>
        </extensions>
      </trkpt>
      <trkpt lat="42.763064000755548" lon="-0.507939979434013">
        <ele>1327.5999999999999</ele>
        <time>2026-07-08T10:15:14Z</time>
        <extensions>
          <gpxtpx:TrackPointExtension>
            <gpxtpx:atemp>34</gpxtpx:atemp>
            <gpxtpx:hr>91</gpxtpx:hr>
            <gpxtpx:cad>46</gpxtpx:cad>
          </gpxtpx:TrackPointExtension>
          <gpxx:TrackPointExtension>
            <gpxx:Temperature>34</gpxx:Temperature>
          </gpxx:TrackPointExtension>
        </extensions>
      </trkpt>
      <trkpt lat="42.763042962178588" lon="-0.507971998304129">
        <ele>1326.5999999999999</ele>
        <time>2026-07-08T10:15:18Z</time>
        <extensions>
          <gpxtpx:TrackPointExtension>
            <gpxtpx:atemp>34</gpxtpx:atemp>
            <gpxtpx:hr>91</gpxtpx:hr>
            <gpxtpx:cad>0</gpxtpx:cad>
          </gpxtpx:TrackPointExtension>
          <gpxx:TrackPointExtension>
            <gpxx:Temperature>34</gpxx:Temperature>
          </gpxx:TrackPointExtension>
        </extensions>
      </trkpt>
      <trkpt lat="42.763032987713814" lon="-0.507978033274412">
        <ele>1326.2</ele>
        <time>2026-07-08T10:15:21Z</time>
        <extensions>
          <gpxtpx:TrackPointExtension>
            <gpxtpx:atemp>34</gpxtpx:atemp>
            <gpxtpx:hr>91</gpxtpx:hr>
            <gpxtpx:cad>0</gpxtpx:cad>
          </gpxtpx:TrackPointExtension>
          <gpxx:TrackPointExtension>
            <gpxx:Temperature>34</gpxx:Temperature>
          </gpxx:TrackPointExtension>
        </extensions>
      </trkpt>
      <trkpt lat="42.763007003813982" lon="-0.507970992475748">
        <ele>1325.2</ele>
        <time>2026-07-08T10:15:24Z</time>
        <extensions>
          <gpxtpx:TrackPointExtension>
            <gpxtpx:atemp>34</gpxtpx:atemp>
            <gpxtpx:hr>92</gpxtpx:hr>
            <gpxtpx:cad>47</gpxtpx:cad>
          </gpxtpx:TrackPointExtension>
          <gpxx:TrackPointExtension>
            <gpxx:Temperature>34</gpxx:Temperature>
          </gpxx:TrackPointExtension>
        </extensions>
      </trkpt>
      <trkpt lat="42.762969033792615" lon="-0.507966969162226">
        <ele>1324.2</ele>
        <time>2026-07-08T10:15:27Z</time>
        <extensions>
          <gpxtpx:TrackPointExtension>
            <gpxtpx:atemp>34</gpxtpx:atemp>
            <gpxtpx:hr>95</gpxtpx:hr>
            <gpxtpx:cad>45</gpxtpx:cad>
          </gpxtpx:TrackPointExtension>
          <gpxx:TrackPointExtension>
            <gpxx:Temperature>34</gpxx:Temperature>
          </gpxx:TrackPointExtension>
        </extensions>
      </trkpt>
      <trkpt lat="42.762964004650712" lon="-0.507965963333845">
        <ele>1324</ele>
        <time>2026-07-08T10:15:28Z</time>
        <extensions>
          <gpxtpx:TrackPointExtension>
            <gpxtpx:atemp>34</gpxtpx:atemp>
            <gpxtpx:hr>93</gpxtpx:hr>
            <gpxtpx:cad>46</gpxtpx:cad>
          </gpxtpx:TrackPointExtension>
          <gpxx:TrackPointExtension>
            <gpxx:Temperature>34</gpxx:Temperature>
          </gpxx:TrackPointExtension>
        </extensions>
      </trkpt>
      <trkpt lat="42.762935003265738" lon="-0.507973004132509">
        <ele>1323.4000000000001</ele>
        <time>2026-07-08T10:15:31Z</time>
        <extensions>
          <gpxtpx:TrackPointExtension>
            <gpxtpx:atemp>34</gpxtpx:atemp>
            <gpxtpx:hr>92</gpxtpx:hr>
            <gpxtpx:cad>47</gpxtpx:cad>
          </gpxtpx:TrackPointExtension>
          <gpxx:TrackPointExtension>
            <gpxx:Temperature>34</gpxx:Temperature>
          </gpxx:TrackPointExtension>
        </extensions>
      </trkpt>
      <trkpt lat="42.762925028800964" lon="-0.50797501578927">
        <ele>1323</ele>
        <time>2026-07-08T10:15:32Z</time>
        <extensions>
          <gpxtpx:TrackPointExtension>
            <gpxtpx:atemp>34</gpxtpx:atemp>
            <gpxtpx:hr>91</gpxtpx:hr>
            <gpxtpx:cad>47</gpxtpx:cad>
          </gpxtpx:TrackPointExtension>
          <gpxx:TrackPointExtension>
            <gpxx:Temperature>34</gpxx:Temperature>
          </gpxx:TrackPointExtension>
        </extensions>
      </trkpt>
      <trkpt lat="42.762857973575592" lon="-0.507971998304129">
        <ele>1322</ele>
        <time>2026-07-08T10:15:39Z</time>
        <extensions>
          <gpxtpx:TrackPointExtension>
            <gpxtpx:atemp>34</gpxtpx:atemp>
            <gpxtpx:hr>90</gpxtpx:hr>
            <gpxtpx:cad>52</gpxtpx:cad>
          </gpxtpx:TrackPointExtension>
          <gpxx:TrackPointExtension>
            <gpxx:Temperature>34</gpxx:Temperature>
          </gpxx:TrackPointExtension>
        </extensions>
      </trkpt>
      <trkpt lat="42.762812040746212" lon="-0.507959006354213">
        <ele>1320.8</ele>
        <time>2026-07-08T10:15:44Z</time>
        <extensions>
          <gpxtpx:TrackPointExtension>
            <gpxtpx:atemp>34</gpxtpx:atemp>
            <gpxtpx:hr>89</gpxtpx:hr>
            <gpxtpx:cad>52</gpxtpx:cad>
          </gpxtpx:TrackPointExtension>
          <gpxx:TrackPointExtension>
            <gpxx:Temperature>34</gpxx:Temperature>
          </gpxx:TrackPointExtension>
        </extensions>
      </trkpt>
      <trkpt lat="42.762760994955897" lon="-0.507949031889439">
        <ele>1320.2</ele>
        <time>2026-07-08T10:15:48Z</time>
        <extensions>
          <gpxtpx:TrackPointExtension>
            <gpxtpx:atemp>34</gpxtpx:atemp>
            <gpxtpx:hr>89</gpxtpx:hr>
            <gpxtpx:cad>51</gpxtpx:cad>
          </gpxtpx:TrackPointExtension>
          <gpxx:TrackPointExtension>
            <gpxx:Temperature>34</gpxx:Temperature>
          </gpxx:TrackPointExtension>
        </extensions>
      </trkpt>
      <trkpt lat="42.762742973864079" lon="-0.507950037717819">
        <ele>1319.5999999999999</ele>
        <time>2026-07-08T10:15:50Z</time>
        <extensions>
          <gpxtpx:TrackPointExtension>
            <gpxtpx:atemp>34</gpxtpx:atemp>
            <gpxtpx:hr>89</gpxtpx:hr>
            <gpxtpx:cad>51</gpxtpx:cad>
          </gpxtpx:TrackPointExtension>
          <gpxx:TrackPointExtension>
            <gpxx:Temperature>34</gpxx:Temperature>
          </gpxx:TrackPointExtension>
        </extensions>
      </trkpt>
      <trkpt lat="42.762669967487454" lon="-0.507979039102793">
        <ele>1318.4000000000001</ele>
        <time>2026-07-08T10:15:56Z</time>
        <extensions>
          <gpxtpx:TrackPointExtension>
            <gpxtpx:atemp>34</gpxtpx:atemp>
            <gpxtpx:hr>89</gpxtpx:hr>
            <gpxtpx:cad>52</gpxtpx:cad>
          </gpxtpx:TrackPointExtension>
          <gpxx:TrackPointExtension>
            <gpxx:Temperature>34</gpxx:Temperature>
          </gpxx:TrackPointExtension>
        </extensions>
      </trkpt>
      <trkpt lat="42.76261598803103" lon="-0.508009968325496">
        <ele>1317</ele>
        <time>2026-07-08T10:16:02Z</time>
        <extensions>
          <gpxtpx:TrackPointExtension>
            <gpxtpx:atemp>34</gpxtpx:atemp>
            <gpxtpx:hr>89</gpxtpx:hr>
            <gpxtpx:cad>51</gpxtpx:cad>
          </gpxtpx:TrackPointExtension>
          <gpxx:TrackPointExtension>
            <gpxx:Temperature>34</gpxx:Temperature>
          </gpxx:TrackPointExtension>
        </extensions>
      </trkpt>
      <trkpt lat="42.762587992474437" lon="-0.508006028831005">
        <ele>1316.4000000000001</ele>
        <time>2026-07-08T10:16:05Z</time>
        <extensions>
          <gpxtpx:TrackPointExtension>
            <gpxtpx:atemp>34</gpxtpx:atemp>
            <gpxtpx:hr>90</gpxtpx:hr>
            <gpxtpx:cad>52</gpxtpx:cad>
          </gpxtpx:TrackPointExtension>
          <gpxx:TrackPointExtension>
            <gpxx:Temperature>34</gpxx:Temperature>
          </gpxx:TrackPointExtension>
        </extensions>
      </trkpt>
      <trkpt lat="42.762581035494804" lon="-0.508007034659386">
        <ele>1316.4000000000001</ele>
        <time>2026-07-08T10:16:06Z</time>
        <extensions>
          <gpxtpx:TrackPointExtension>
            <gpxtpx:atemp>34</gpxtpx:atemp>
            <gpxtpx:hr>90</gpxtpx:hr>
            <gpxtpx:cad>52</gpxtpx:cad>
          </gpxtpx:TrackPointExtension>
          <gpxx:TrackPointExtension>
            <gpxx:Temperature>34</gpxx:Temperature>
          </gpxx:TrackPointExtension>
        </extensions>
      </trkpt>
      <trkpt lat="42.762562008574605" lon="-0.508008962497115">
        <ele>1316</ele>
        <time>2026-07-08T10:16:08Z</time>
        <extensions>
          <gpxtpx:TrackPointExtension>
            <gpxtpx:atemp>34</gpxtpx:atemp>
            <gpxtpx:hr>90</gpxtpx:hr>
            <gpxtpx:cad>51</gpxtpx:cad>
          </gpxtpx:TrackPointExtension>
          <gpxx:TrackPointExtension>
            <gpxx:Temperature>34</gpxx:Temperature>
          </gpxx:TrackPointExtension>
        </extensions>
      </trkpt>
      <trkpt lat="42.762522026896477" lon="-0.508037963882089">
        <ele>1315.5999999999999</ele>
        <time>2026-07-08T10:16:12Z</time>
        <extensions>
          <gpxtpx:TrackPointExtension>
            <gpxtpx:atemp>34</gpxtpx:atemp>
            <gpxtpx:hr>88</gpxtpx:hr>
            <gpxtpx:cad>0</gpxtpx:cad>
          </gpxtpx:TrackPointExtension>
          <gpxx:TrackPointExtension>
            <gpxx:Temperature>34</gpxx:Temperature>
          </gpxx:TrackPointExtension>
        </extensions>
      </trkpt>
      <trkpt lat="42.762494031339884" lon="-0.508057996630669">
        <ele>1314.8</ele>
        <time>2026-07-08T10:16:16Z</time>
        <extensions>
          <gpxtpx:TrackPointExtension>
            <gpxtpx:atemp>34</gpxtpx:atemp>
            <gpxtpx:hr>87</gpxtpx:hr>
            <gpxtpx:cad>0</gpxtpx:cad>
          </gpxtpx:TrackPointExtension>
          <gpxx:TrackPointExtension>
            <gpxx:Temperature>34</gpxx:Temperature>
          </gpxx:TrackPointExtension>
        </extensions>
      </trkpt>
      <trkpt lat="42.762475004419684" lon="-0.508068976923823">
        <ele>1314.2</ele>
        <time>2026-07-08T10:16:19Z</time>
        <extensions>
          <gpxtpx:TrackPointExtension>
            <gpxtpx:atemp>34</gpxtpx:atemp>
            <gpxtpx:hr>86</gpxtpx:hr>
            <gpxtpx:cad>45</gpxtpx:cad>
          </gpxtpx:TrackPointExtension>
          <gpxx:TrackPointExtension>
            <gpxx:Temperature>34</gpxx:Temperature>
          </gpxx:TrackPointExtension>
        </extensions>
      </trkpt>
      <trkpt lat="42.76246402412653" lon="-0.508078029379249">
        <ele>1313.8</ele>
        <time>2026-07-08T10:16:21Z</time>
        <extensions>
          <gpxtpx:TrackPointExtension>
            <gpxtpx:atemp>34</gpxtpx:atemp>
            <gpxtpx:hr>86</gpxtpx:hr>
            <gpxtpx:cad>0</gpxtpx:cad>
          </gpxtpx:TrackPointExtension>
          <gpxx:TrackPointExtension>
            <gpxx:Temperature>34</gpxx:Temperature>
          </gpxx:TrackPointExtension>
        </extensions>
      </trkpt>
      <trkpt lat="42.76242203079164" lon="-0.508095966652036">
        <ele>1312.5999999999999</ele>
        <time>2026-07-08T10:16:27Z</time>
        <extensions>
          <gpxtpx:TrackPointExtension>
            <gpxtpx:atemp>34</gpxtpx:atemp>
            <gpxtpx:hr>88</gpxtpx:hr>
            <gpxtpx:cad>53</gpxtpx:cad>
          </gpxtpx:TrackPointExtension>
          <gpxx:TrackPointExtension>
            <gpxx:Temperature>34</gpxx:Temperature>
          </gpxx:TrackPointExtension>
        </extensions>
      </trkpt>
      <trkpt lat="42.762407027184963" lon="-0.508105019107461">
        <ele>1312</ele>
        <time>2026-07-08T10:16:29Z</time>
        <extensions>
          <gpxtpx:TrackPointExtension>
            <gpxtpx:atemp>34</gpxtpx:atemp>
            <gpxtpx:hr>88</gpxtpx:hr>
            <gpxtpx:cad>53</gpxtpx:cad>
          </gpxtpx:TrackPointExtension>
          <gpxx:TrackPointExtension>
            <gpxx:Temperature>34</gpxx:Temperature>
          </gpxx:TrackPointExtension>
        </extensions>
      </trkpt>
      <trkpt lat="42.76240099221468" lon="-0.508108958601952">
        <ele>1311.5999999999999</ele>
        <time>2026-07-08T10:16:30Z</time>
        <extensions>
          <gpxtpx:TrackPointExtension>
            <gpxtpx:atemp>34</gpxtpx:atemp>
            <gpxtpx:hr>87</gpxtpx:hr>
            <gpxtpx:cad>48</gpxtpx:cad>
          </gpxtpx:TrackPointExtension>
          <gpxx:TrackPointExtension>
            <gpxx:Temperature>34</gpxx:Temperature>
          </gpxx:TrackPointExtension>
        </extensions>
      </trkpt>
      <trkpt lat="42.762376014143229" lon="-0.508131003007293">
        <ele>1310.4000000000001</ele>
        <time>2026-07-08T10:16:35Z</time>
        <extensions>
          <gpxtpx:TrackPointExtension>
            <gpxtpx:atemp>34</gpxtpx:atemp>
            <gpxtpx:hr>88</gpxtpx:hr>
            <gpxtpx:cad>45</gpxtpx:cad>
          </gpxtpx:TrackPointExtension>
          <gpxx:TrackPointExtension>
            <gpxx:Temperature>34</gpxx:Temperature>
          </gpxx:TrackPointExtension>
        </extensions>
      </trkpt>
      <trkpt lat="42.762362016364932" lon="-0.508142989128828">
        <ele>1310</ele>
        <time>2026-07-08T10:16:37Z</time>
        <extensions>
          <gpxtpx:TrackPointExtension>
            <gpxtpx:atemp>34</gpxtpx:atemp>
            <gpxtpx:hr>89</gpxtpx:hr>
            <gpxtpx:cad>45</gpxtpx:cad>
          </gpxtpx:TrackPointExtension>
          <gpxx:TrackPointExtension>
            <gpxx:Temperature>34</gpxx:Temperature>
          </gpxx:TrackPointExtension>
        </extensions>
      </trkpt>
      <trkpt lat="42.762346006929874" lon="-0.508143994957209">
        <ele>1309</ele>
        <time>2026-07-08T10:16:40Z</time>
        <extensions>
          <gpxtpx:TrackPointExtension>
            <gpxtpx:atemp>34</gpxtpx:atemp>
            <gpxtpx:hr>91</gpxtpx:hr>
            <gpxtpx:cad>48</gpxtpx:cad>
          </gpxtpx:TrackPointExtension>
          <gpxx:TrackPointExtension>
            <gpxx:Temperature>34</gpxx:Temperature>
          </gpxx:TrackPointExtension>
        </extensions>
      </trkpt>
      <trkpt lat="42.762325974181294" lon="-0.508178025484085">
        <ele>1308</ele>
        <time>2026-07-08T10:16:45Z</time>
        <extensions>
          <gpxtpx:TrackPointExtension>
            <gpxtpx:atemp>34</gpxtpx:atemp>
            <gpxtpx:hr>92</gpxtpx:hr>
            <gpxtpx:cad>48</gpxtpx:cad>
          </gpxtpx:TrackPointExtension>
          <gpxx:TrackPointExtension>
            <gpxx:Temperature>34</gpxx:Temperature>
          </gpxx:TrackPointExtension>
        </extensions>
      </trkpt>
      <trkpt lat="42.762323040515184" lon="-0.508183976635337">
        <ele>1307.8</ele>
        <time>2026-07-08T10:16:46Z</time>
        <extensions>
          <gpxtpx:TrackPointExtension>
            <gpxtpx:atemp>34</gpxtpx:atemp>
            <gpxtpx:hr>92</gpxtpx:hr>
            <gpxtpx:cad>48</gpxtpx:cad>
          </gpxtpx:TrackPointExtension>
          <gpxx:TrackPointExtension>
            <gpxx:Temperature>34</gpxx:Temperature>
          </gpxx:TrackPointExtension>
        </extensions>
      </trkpt>
      <trkpt lat="42.762306025251746" lon="-0.50820903852582">
        <ele>1306.8</ele>
        <time>2026-07-08T10:16:50Z</time>
        <extensions>
          <gpxtpx:TrackPointExtension>
            <gpxtpx:atemp>34</gpxtpx:atemp>
            <gpxtpx:hr>92</gpxtpx:hr>
            <gpxtpx:cad>0</gpxtpx:cad>
          </gpxtpx:TrackPointExtension>
          <gpxx:TrackPointExtension>
            <gpxx:Temperature>34</gpxx:Temperature>
          </gpxx:TrackPointExtension>
        </extensions>
      </trkpt>
      <trkpt lat="42.762282975018024" lon="-0.508237034082413">
        <ele>1305.5999999999999</ele>
        <time>2026-07-08T10:16:55Z</time>
        <extensions>
          <gpxtpx:TrackPointExtension>
            <gpxtpx:atemp>34</gpxtpx:atemp>
            <gpxtpx:hr>91</gpxtpx:hr>
            <gpxtpx:cad>0</gpxtpx:cad>
          </gpxtpx:TrackPointExtension>
          <gpxx:TrackPointExtension>
            <gpxx:Temperature>34</gpxx:Temperature>
          </gpxx:TrackPointExtension>
        </extensions>
      </trkpt>
      <trkpt lat="42.762239975854754" lon="-0.508280033245683">
        <ele>1304.5999999999999</ele>
        <time>2026-07-08T10:17:01Z</time>
        <extensions>
          <gpxtpx:TrackPointExtension>
            <gpxtpx:atemp>35</gpxtpx:atemp>
            <gpxtpx:hr>91</gpxtpx:hr>
            <gpxtpx:cad>49</gpxtpx:cad>
          </gpxtpx:TrackPointExtension>
          <gpxx:TrackPointExtension>
            <gpxx:Temperature>35</gpxx:Temperature>
          </gpxx:TrackPointExtension>
        </extensions>
      </trkpt>
      <trkpt lat="42.762214997783303" lon="-0.508289001882076">
        <ele>1303.8</ele>
        <time>2026-07-08T10:17:04Z</time>
        <extensions>
          <gpxtpx:TrackPointExtension>
            <gpxtpx:atemp>35</gpxtpx:atemp>
            <gpxtpx:hr>91</gpxtpx:hr>
            <gpxtpx:cad>53</gpxtpx:cad>
          </gpxtpx:TrackPointExtension>
          <gpxx:TrackPointExtension>
            <gpxx:Temperature>35</gpxx:Temperature>
          </gpxx:TrackPointExtension>
        </extensions>
      </trkpt>
      <trkpt lat="42.7622099686414" lon="-0.508290007710457">
        <ele>1303.4000000000001</ele>
        <time>2026-07-08T10:17:05Z</time>
        <extensions>
          <gpxtpx:TrackPointExtension>
            <gpxtpx:atemp>35</gpxtpx:atemp>
            <gpxtpx:hr>90</gpxtpx:hr>
            <gpxtpx:cad>53</gpxtpx:cad>
          </gpxtpx:TrackPointExtension>
          <gpxx:TrackPointExtension>
            <gpxx:Temperature>35</gpxx:Temperature>
          </gpxx:TrackPointExtension>
        </extensions>
      </trkpt>
      <trkpt lat="42.762159006670117" lon="-0.508306017145514">
        <ele>1302.2</ele>
        <time>2026-07-08T10:17:09Z</time>
        <extensions>
          <gpxtpx:TrackPointExtension>
            <gpxtpx:atemp>35</gpxtpx:atemp>
            <gpxtpx:hr>91</gpxtpx:hr>
            <gpxtpx:cad>48</gpxtpx:cad>
          </gpxtpx:TrackPointExtension>
          <gpxx:TrackPointExtension>
            <gpxx:Temperature>35</gpxx:Temperature>
          </gpxx:TrackPointExtension>
        </extensions>
      </trkpt>
      <trkpt lat="42.762125981971622" lon="-0.508327977731824">
        <ele>1301.4000000000001</ele>
        <time>2026-07-08T10:17:12Z</time>
        <extensions>
          <gpxtpx:TrackPointExtension>
            <gpxtpx:atemp>35</gpxtpx:atemp>
            <gpxtpx:hr>89</gpxtpx:hr>
            <gpxtpx:cad>49</gpxtpx:cad>
          </gpxtpx:TrackPointExtension>
          <gpxx:TrackPointExtension>
            <gpxx:Temperature>35</gpxx:Temperature>
          </gpxx:TrackPointExtension>
        </extensions>
      </trkpt>
      <trkpt lat="42.762111984193325" lon="-0.50834096968174">
        <ele>1301.2</ele>
        <time>2026-07-08T10:17:13Z</time>
        <extensions>
          <gpxtpx:TrackPointExtension>
            <gpxtpx:atemp>35</gpxtpx:atemp>
            <gpxtpx:hr>89</gpxtpx:hr>
            <gpxtpx:cad>49</gpxtpx:cad>
          </gpxtpx:TrackPointExtension>
          <gpxx:TrackPointExtension>
            <gpxx:Temperature>35</gpxx:Temperature>
          </gpxx:TrackPointExtension>
        </extensions>
      </trkpt>
      <trkpt lat="42.762064039707184" lon="-0.50842504017055">
        <ele>1300.5999999999999</ele>
        <time>2026-07-08T10:17:19Z</time>
        <extensions>
          <gpxtpx:TrackPointExtension>
            <gpxtpx:atemp>35</gpxtpx:atemp>
            <gpxtpx:hr>86</gpxtpx:hr>
            <gpxtpx:cad>49</gpxtpx:cad>
          </gpxtpx:TrackPointExtension>
          <gpxx:TrackPointExtension>
            <gpxx:Temperature>35</gpxx:Temperature>
          </gpxx:TrackPointExtension>
        </extensions>
      </trkpt>
      <trkpt lat="42.762029003351927" lon="-0.508441971614957">
        <ele>1300.4000000000001</ele>
        <time>2026-07-08T10:17:22Z</time>
        <extensions>
          <gpxtpx:TrackPointExtension>
            <gpxtpx:atemp>35</gpxtpx:atemp>
            <gpxtpx:hr>86</gpxtpx:hr>
            <gpxtpx:cad>52</gpxtpx:cad>
          </gpxtpx:TrackPointExtension>
          <gpxx:TrackPointExtension>
            <gpxx:Temperature>35</gpxx:Temperature>
          </gpxx:TrackPointExtension>
        </extensions>
      </trkpt>
      <trkpt lat="42.762021040543914" lon="-0.508450018242002">
        <ele>1300.4000000000001</ele>
        <time>2026-07-08T10:17:23Z</time>
        <extensions>
          <gpxtpx:TrackPointExtension>
            <gpxtpx:atemp>35</gpxtpx:atemp>
            <gpxtpx:hr>91</gpxtpx:hr>
            <gpxtpx:cad>52</gpxtpx:cad>
          </gpxtpx:TrackPointExtension>
          <gpxx:TrackPointExtension>
            <gpxx:Temperature>35</gpxx:Temperature>
          </gpxx:TrackPointExtension>
        </extensions>
      </trkpt>
      <trkpt lat="42.762018023058772" lon="-0.508453035727143">
        <ele>1300.2</ele>
        <time>2026-07-08T10:17:24Z</time>
        <extensions>
          <gpxtpx:TrackPointExtension>
            <gpxtpx:atemp>35</gpxtpx:atemp>
            <gpxtpx:hr>87</gpxtpx:hr>
            <gpxtpx:cad>52</gpxtpx:cad>
          </gpxtpx:TrackPointExtension>
          <gpxx:TrackPointExtension>
            <gpxx:Temperature>35</gpxx:Temperature>
          </gpxx:TrackPointExtension>
        </extensions>
      </trkpt>
      <trkpt lat="42.762006036937237" lon="-0.508473990485072">
        <ele>1300</ele>
        <time>2026-07-08T10:17:26Z</time>
        <extensions>
          <gpxtpx:TrackPointExtension>
            <gpxtpx:atemp>35</gpxtpx:atemp>
            <gpxtpx:hr>84</gpxtpx:hr>
            <gpxtpx:cad>53</gpxtpx:cad>
          </gpxtpx:TrackPointExtension>
          <gpxx:TrackPointExtension>
            <gpxx:Temperature>35</gpxx:Temperature>
          </gpxx:TrackPointExtension>
        </extensions>
      </trkpt>
      <trkpt lat="42.761992961168289" lon="-0.508487988263369">
        <ele>1299.4000000000001</ele>
        <time>2026-07-08T10:17:29Z</time>
        <extensions>
          <gpxtpx:TrackPointExtension>
            <gpxtpx:atemp>35</gpxtpx:atemp>
            <gpxtpx:hr>83</gpxtpx:hr>
            <gpxtpx:cad>0</gpxtpx:cad>
          </gpxtpx:TrackPointExtension>
          <gpxx:TrackPointExtension>
            <gpxx:Temperature>35</gpxx:Temperature>
          </gpxx:TrackPointExtension>
        </extensions>
      </trkpt>
      <trkpt lat="42.761981980875134" lon="-0.508503997698426">
        <ele>1299.2</ele>
        <time>2026-07-08T10:17:33Z</time>
        <extensions>
          <gpxtpx:TrackPointExtension>
            <gpxtpx:atemp>35</gpxtpx:atemp>
            <gpxtpx:hr>86</gpxtpx:hr>
            <gpxtpx:cad>0</gpxtpx:cad>
          </gpxtpx:TrackPointExtension>
          <gpxx:TrackPointExtension>
            <gpxx:Temperature>35</gpxx:Temperature>
          </gpxx:TrackPointExtension>
        </extensions>
      </trkpt>
      <trkpt lat="42.76195197366178" lon="-0.508524030447006">
        <ele>1298.8</ele>
        <time>2026-07-08T10:17:38Z</time>
        <extensions>
          <gpxtpx:TrackPointExtension>
            <gpxtpx:atemp>35</gpxtpx:atemp>
            <gpxtpx:hr>86</gpxtpx:hr>
            <gpxtpx:cad>0</gpxtpx:cad>
          </gpxtpx:TrackPointExtension>
          <gpxx:TrackPointExtension>
            <gpxx:Temperature>35</gpxx:Temperature>
          </gpxx:TrackPointExtension>
        </extensions>
      </trkpt>
      <trkpt lat="42.761896988376975" lon="-0.508558982983232">
        <ele>1298</ele>
        <time>2026-07-08T10:17:46Z</time>
        <extensions>
          <gpxtpx:TrackPointExtension>
            <gpxtpx:atemp>35</gpxtpx:atemp>
            <gpxtpx:hr>86</gpxtpx:hr>
            <gpxtpx:cad>47</gpxtpx:cad>
          </gpxtpx:TrackPointExtension>
          <gpxx:TrackPointExtension>
            <gpxx:Temperature>35</gpxx:Temperature>
          </gpxx:TrackPointExtension>
        </extensions>
      </trkpt>
      <trkpt lat="42.761888019740582" lon="-0.508565017953515">
        <ele>1297.5999999999999</ele>
        <time>2026-07-08T10:17:48Z</time>
        <extensions>
          <gpxtpx:TrackPointExtension>
            <gpxtpx:atemp>35</gpxtpx:atemp>
            <gpxtpx:hr>88</gpxtpx:hr>
            <gpxtpx:cad>47</gpxtpx:cad>
          </gpxtpx:TrackPointExtension>
          <gpxx:TrackPointExtension>
            <gpxx:Temperature>35</gpxx:Temperature>
          </gpxx:TrackPointExtension>
        </extensions>
      </trkpt>
      <trkpt lat="42.761878967285156" lon="-0.508571974933147">
        <ele>1297.4000000000001</ele>
        <time>2026-07-08T10:17:50Z</time>
        <extensions>
          <gpxtpx:TrackPointExtension>
            <gpxtpx:atemp>35</gpxtpx:atemp>
            <gpxtpx:hr>85</gpxtpx:hr>
            <gpxtpx:cad>45</gpxtpx:cad>
          </gpxtpx:TrackPointExtension>
          <gpxx:TrackPointExtension>
            <gpxx:Temperature>35</gpxx:Temperature>
          </gpxx:TrackPointExtension>
        </extensions>
      </trkpt>
      <trkpt lat="42.761875027790666" lon="-0.508573986589909">
        <ele>1297.4000000000001</ele>
        <time>2026-07-08T10:17:51Z</time>
        <extensions>
          <gpxtpx:TrackPointExtension>
            <gpxtpx:atemp>35</gpxtpx:atemp>
            <gpxtpx:hr>85</gpxtpx:hr>
            <gpxtpx:cad>45</gpxtpx:cad>
          </gpxtpx:TrackPointExtension>
          <gpxx:TrackPointExtension>
            <gpxx:Temperature>35</gpxx:Temperature>
          </gpxx:TrackPointExtension>
        </extensions>
      </trkpt>
      <trkpt lat="42.761851977556944" lon="-0.508597958832979">
        <ele>1296.8</ele>
        <time>2026-07-08T10:17:55Z</time>
        <extensions>
          <gpxtpx:TrackPointExtension>
            <gpxtpx:atemp>35</gpxtpx:atemp>
            <gpxtpx:hr>86</gpxtpx:hr>
            <gpxtpx:cad>0</gpxtpx:cad>
          </gpxtpx:TrackPointExtension>
          <gpxx:TrackPointExtension>
            <gpxx:Temperature>35</gpxx:Temperature>
          </gpxx:TrackPointExtension>
        </extensions>
      </trkpt>
      <trkpt lat="42.76182197034359" lon="-0.508629977703094">
        <ele>1296</ele>
        <time>2026-07-08T10:17:59Z</time>
        <extensions>
          <gpxtpx:TrackPointExtension>
            <gpxtpx:atemp>35</gpxtpx:atemp>
            <gpxtpx:hr>88</gpxtpx:hr>
            <gpxtpx:cad>57</gpxtpx:cad>
          </gpxtpx:TrackPointExtension>
          <gpxx:TrackPointExtension>
            <gpxx:Temperature>35</gpxx:Temperature>
          </gpxx:TrackPointExtension>
        </extensions>
      </trkpt>
      <trkpt lat="42.761813001707196" lon="-0.508632995188236">
        <ele>1295.8</ele>
        <time>2026-07-08T10:18:00Z</time>
        <extensions>
          <gpxtpx:TrackPointExtension>
            <gpxtpx:atemp>35</gpxtpx:atemp>
            <gpxtpx:hr>88</gpxtpx:hr>
            <gpxtpx:cad>57</gpxtpx:cad>
          </gpxtpx:TrackPointExtension>
          <gpxx:TrackPointExtension>
            <gpxx:Temperature>35</gpxx:Temperature>
          </gpxx:TrackPointExtension>
        </extensions>
      </trkpt>
      <trkpt lat="42.761777965351939" lon="-0.508657973259687">
        <ele>1294.5999999999999</ele>
        <time>2026-07-08T10:18:05Z</time>
        <extensions>
          <gpxtpx:TrackPointExtension>
            <gpxtpx:atemp>35</gpxtpx:atemp>
            <gpxtpx:hr>89</gpxtpx:hr>
            <gpxtpx:cad>48</gpxtpx:cad>
          </gpxtpx:TrackPointExtension>
          <gpxx:TrackPointExtension>
            <gpxx:Temperature>35</gpxx:Temperature>
          </gpxx:TrackPointExtension>
        </extensions>
      </trkpt>
      <trkpt lat="42.761753993108869" lon="-0.508673982694745">
        <ele>1294.4000000000001</ele>
        <time>2026-07-08T10:18:07Z</time>
        <extensions>
          <gpxtpx:TrackPointExtension>
            <gpxtpx:atemp>35</gpxtpx:atemp>
            <gpxtpx:hr>92</gpxtpx:hr>
            <gpxtpx:cad>0</gpxtpx:cad>
          </gpxtpx:TrackPointExtension>
          <gpxx:TrackPointExtension>
            <gpxx:Temperature>35</gpxx:Temperature>
          </gpxx:TrackPointExtension>
        </extensions>
      </trkpt>
      <trkpt lat="42.761744018644094" lon="-0.508675994351506">
        <ele>1294.2</ele>
        <time>2026-07-08T10:18:08Z</time>
        <extensions>
          <gpxtpx:TrackPointExtension>
            <gpxtpx:atemp>35</gpxtpx:atemp>
            <gpxtpx:hr>89</gpxtpx:hr>
            <gpxtpx:cad>0</gpxtpx:cad>
          </gpxtpx:TrackPointExtension>
          <gpxx:TrackPointExtension>
            <gpxx:Temperature>35</gpxx:Temperature>
          </gpxx:TrackPointExtension>
        </extensions>
      </trkpt>
      <trkpt lat="42.761696996167302" lon="-0.508692003786564">
        <ele>1293.4000000000001</ele>
        <time>2026-07-08T10:18:12Z</time>
        <extensions>
          <gpxtpx:TrackPointExtension>
            <gpxtpx:atemp>35</gpxtpx:atemp>
            <gpxtpx:hr>86</gpxtpx:hr>
            <gpxtpx:cad>0</gpxtpx:cad>
          </gpxtpx:TrackPointExtension>
          <gpxx:TrackPointExtension>
            <gpxx:Temperature>35</gpxx:Temperature>
          </gpxx:TrackPointExtension>
        </extensions>
      </trkpt>
      <trkpt lat="42.761681992560625" lon="-0.508696027100086">
        <ele>1293</ele>
        <time>2026-07-08T10:18:14Z</time>
        <extensions>
          <gpxtpx:TrackPointExtension>
            <gpxtpx:atemp>35</gpxtpx:atemp>
            <gpxtpx:hr>89</gpxtpx:hr>
            <gpxtpx:cad>45</gpxtpx:cad>
          </gpxtpx:TrackPointExtension>
          <gpxx:TrackPointExtension>
            <gpxx:Temperature>35</gpxx:Temperature>
          </gpxx:TrackPointExtension>
        </extensions>
      </trkpt>
      <trkpt lat="42.761680986732244" lon="-0.508716981858015">
        <ele>1292.8</ele>
        <time>2026-07-08T10:18:17Z</time>
        <extensions>
          <gpxtpx:TrackPointExtension>
            <gpxtpx:atemp>35</gpxtpx:atemp>
            <gpxtpx:hr>92</gpxtpx:hr>
            <gpxtpx:cad>45</gpxtpx:cad>
          </gpxtpx:TrackPointExtension>
          <gpxx:TrackPointExtension>
            <gpxx:Temperature>35</gpxx:Temperature>
          </gpxx:TrackPointExtension>
        </extensions>
      </trkpt>
      <trkpt lat="42.761672018095851" lon="-0.508738020434976">
        <ele>1292.4000000000001</ele>
        <time>2026-07-08T10:18:19Z</time>
        <extensions>
          <gpxtpx:TrackPointExtension>
            <gpxtpx:atemp>35</gpxtpx:atemp>
            <gpxtpx:hr>91</gpxtpx:hr>
            <gpxtpx:cad>45</gpxtpx:cad>
          </gpxtpx:TrackPointExtension>
          <gpxx:TrackPointExtension>
            <gpxx:Temperature>35</gpxx:Temperature>
          </gpxx:TrackPointExtension>
        </extensions>
      </trkpt>
      <trkpt lat="42.761660031974316" lon="-0.508758975192904">
        <ele>1291.2</ele>
        <time>2026-07-08T10:18:23Z</time>
        <extensions>
          <gpxtpx:TrackPointExtension>
            <gpxtpx:atemp>35</gpxtpx:atemp>
            <gpxtpx:hr>90</gpxtpx:hr>
            <gpxtpx:cad>67</gpxtpx:cad>
          </gpxtpx:TrackPointExtension>
          <gpxx:TrackPointExtension>
            <gpxx:Temperature>35</gpxx:Temperature>
          </gpxx:TrackPointExtension>
        </extensions>
      </trkpt>
      <trkpt lat="42.761655002832413" lon="-0.508761992678046">
        <ele>1291</ele>
        <time>2026-07-08T10:18:24Z</time>
        <extensions>
          <gpxtpx:TrackPointExtension>
            <gpxtpx:atemp>35</gpxtpx:atemp>
            <gpxtpx:hr>91</gpxtpx:hr>
            <gpxtpx:cad>67</gpxtpx:cad>
          </gpxtpx:TrackPointExtension>
          <gpxx:TrackPointExtension>
            <gpxx:Temperature>35</gpxx:Temperature>
          </gpxx:TrackPointExtension>
        </extensions>
      </trkpt>
      <trkpt lat="42.761642010882497" lon="-0.508778002113104">
        <ele>1290.8</ele>
        <time>2026-07-08T10:18:25Z</time>
        <extensions>
          <gpxtpx:TrackPointExtension>
            <gpxtpx:atemp>35</gpxtpx:atemp>
            <gpxtpx:hr>90</gpxtpx:hr>
            <gpxtpx:cad>62</gpxtpx:cad>
          </gpxtpx:TrackPointExtension>
          <gpxx:TrackPointExtension>
            <gpxx:Temperature>35</gpxx:Temperature>
          </gpxx:TrackPointExtension>
        </extensions>
      </trkpt>
      <trkpt lat="42.761605968698859" lon="-0.508828964084387">
        <ele>1290.2</ele>
        <time>2026-07-08T10:18:28Z</time>
        <extensions>
          <gpxtpx:TrackPointExtension>
            <gpxtpx:atemp>35</gpxtpx:atemp>
            <gpxtpx:hr>86</gpxtpx:hr>
            <gpxtpx:cad>53</gpxtpx:cad>
          </gpxtpx:TrackPointExtension>
          <gpxx:TrackPointExtension>
            <gpxx:Temperature>35</gpxx:Temperature>
          </gpxx:TrackPointExtension>
        </extensions>
      </trkpt>
      <trkpt lat="42.761577973142266" lon="-0.508870035409927">
        <ele>1289.4000000000001</ele>
        <time>2026-07-08T10:18:32Z</time>
        <extensions>
          <gpxtpx:TrackPointExtension>
            <gpxtpx:atemp>35</gpxtpx:atemp>
            <gpxtpx:hr>87</gpxtpx:hr>
            <gpxtpx:cad>51</gpxtpx:cad>
          </gpxtpx:TrackPointExtension>
          <gpxx:TrackPointExtension>
            <gpxx:Temperature>35</gpxx:Temperature>
          </gpxx:TrackPointExtension>
        </extensions>
      </trkpt>
      <trkpt lat="42.761558024212718" lon="-0.508882021531463">
        <ele>1289.2</ele>
        <time>2026-07-08T10:18:34Z</time>
        <extensions>
          <gpxtpx:TrackPointExtension>
            <gpxtpx:atemp>35</gpxtpx:atemp>
            <gpxtpx:hr>88</gpxtpx:hr>
            <gpxtpx:cad>51</gpxtpx:cad>
          </gpxtpx:TrackPointExtension>
          <gpxx:TrackPointExtension>
            <gpxx:Temperature>35</gpxx:Temperature>
          </gpxx:TrackPointExtension>
        </extensions>
      </trkpt>
      <trkpt lat="42.761489963158965" lon="-0.508908005431294">
        <ele>1288.2</ele>
        <time>2026-07-08T10:18:41Z</time>
        <extensions>
          <gpxtpx:TrackPointExtension>
            <gpxtpx:atemp>35</gpxtpx:atemp>
            <gpxtpx:hr>87</gpxtpx:hr>
            <gpxtpx:cad>49</gpxtpx:cad>
          </gpxtpx:TrackPointExtension>
          <gpxx:TrackPointExtension>
            <gpxx:Temperature>35</gpxx:Temperature>
          </gpxx:TrackPointExtension>
        </extensions>
      </trkpt>
      <trkpt lat="42.761483006179333" lon="-0.508908005431294">
        <ele>1288</ele>
        <time>2026-07-08T10:18:42Z</time>
        <extensions>
          <gpxtpx:TrackPointExtension>
            <gpxtpx:atemp>35</gpxtpx:atemp>
            <gpxtpx:hr>89</gpxtpx:hr>
            <gpxtpx:cad>49</gpxtpx:cad>
          </gpxtpx:TrackPointExtension>
          <gpxx:TrackPointExtension>
            <gpxx:Temperature>35</gpxx:Temperature>
          </gpxx:TrackPointExtension>
        </extensions>
      </trkpt>
      <trkpt lat="42.761417962610722" lon="-0.508926026523113">
        <ele>1286.8</ele>
        <time>2026-07-08T10:18:50Z</time>
        <extensions>
          <gpxtpx:TrackPointExtension>
            <gpxtpx:atemp>35</gpxtpx:atemp>
            <gpxtpx:hr>88</gpxtpx:hr>
            <gpxtpx:cad>50</gpxtpx:cad>
          </gpxtpx:TrackPointExtension>
          <gpxx:TrackPointExtension>
            <gpxx:Temperature>35</gpxx:Temperature>
          </gpxx:TrackPointExtension>
        </extensions>
      </trkpt>
      <trkpt lat="42.761406982317567" lon="-0.508927032351494">
        <ele>1286.4000000000001</ele>
        <time>2026-07-08T10:18:52Z</time>
        <extensions>
          <gpxtpx:TrackPointExtension>
            <gpxtpx:atemp>35</gpxtpx:atemp>
            <gpxtpx:hr>88</gpxtpx:hr>
            <gpxtpx:cad>50</gpxtpx:cad>
          </gpxtpx:TrackPointExtension>
          <gpxx:TrackPointExtension>
            <gpxx:Temperature>35</gpxx:Temperature>
          </gpxx:TrackPointExtension>
        </extensions>
      </trkpt>
      <trkpt lat="42.761380998417735" lon="-0.508923009037972">
        <ele>1285.8</ele>
        <time>2026-07-08T10:18:55Z</time>
        <extensions>
          <gpxtpx:TrackPointExtension>
            <gpxtpx:atemp>35</gpxtpx:atemp>
            <gpxtpx:hr>85</gpxtpx:hr>
            <gpxtpx:cad>45</gpxtpx:cad>
          </gpxtpx:TrackPointExtension>
          <gpxx:TrackPointExtension>
            <gpxx:Temperature>35</gpxx:Temperature>
          </gpxx:TrackPointExtension>
        </extensions>
      </trkpt>
      <trkpt lat="42.761374041438103" lon="-0.508918985724449">
        <ele>1285.5999999999999</ele>
        <time>2026-07-08T10:18:56Z</time>
        <extensions>
          <gpxtpx:TrackPointExtension>
            <gpxtpx:atemp>35</gpxtpx:atemp>
            <gpxtpx:hr>85</gpxtpx:hr>
            <gpxtpx:cad>45</gpxtpx:cad>
          </gpxtpx:TrackPointExtension>
          <gpxx:TrackPointExtension>
            <gpxx:Temperature>35</gpxx:Temperature>
          </gpxx:TrackPointExtension>
        </extensions>
      </trkpt>
      <trkpt lat="42.761345040053129" lon="-0.508910017088056">
        <ele>1285</ele>
        <time>2026-07-08T10:18:59Z</time>
        <extensions>
          <gpxtpx:TrackPointExtension>
            <gpxtpx:atemp>35</gpxtpx:atemp>
            <gpxtpx:hr>84</gpxtpx:hr>
            <gpxtpx:cad>47</gpxtpx:cad>
          </gpxtpx:TrackPointExtension>
          <gpxx:TrackPointExtension>
            <gpxx:Temperature>35</gpxx:Temperature>
          </gpxx:TrackPointExtension>
        </extensions>
      </trkpt>
      <trkpt lat="42.761328024789691" lon="-0.508910017088056">
        <ele>1284.4000000000001</ele>
        <time>2026-07-08T10:19:01Z</time>
        <extensions>
          <gpxtpx:TrackPointExtension>
            <gpxtpx:atemp>35</gpxtpx:atemp>
            <gpxtpx:hr>84</gpxtpx:hr>
            <gpxtpx:cad>47</gpxtpx:cad>
          </gpxtpx:TrackPointExtension>
          <gpxx:TrackPointExtension>
            <gpxx:Temperature>35</gpxx:Temperature>
          </gpxx:TrackPointExtension>
        </extensions>
      </trkpt>
      <trkpt lat="42.76128301396966" lon="-0.508922003209591">
        <ele>1283.5999999999999</ele>
        <time>2026-07-08T10:19:06Z</time>
        <extensions>
          <gpxtpx:TrackPointExtension>
            <gpxtpx:atemp>35</gpxtpx:atemp>
            <gpxtpx:hr>83</gpxtpx:hr>
            <gpxtpx:cad>49</gpxtpx:cad>
          </gpxtpx:TrackPointExtension>
          <gpxx:TrackPointExtension>
            <gpxx:Temperature>35</gpxx:Temperature>
          </gpxx:TrackPointExtension>
        </extensions>
      </trkpt>
      <trkpt lat="42.761247977614403" lon="-0.508925020694733">
        <ele>1283.4000000000001</ele>
        <time>2026-07-08T10:19:09Z</time>
        <extensions>
          <gpxtpx:TrackPointExtension>
            <gpxtpx:atemp>35</gpxtpx:atemp>
            <gpxtpx:hr>86</gpxtpx:hr>
            <gpxtpx:cad>48</gpxtpx:cad>
          </gpxtpx:TrackPointExtension>
          <gpxx:TrackPointExtension>
            <gpxx:Temperature>35</gpxx:Temperature>
          </gpxx:TrackPointExtension>
        </extensions>
      </trkpt>
      <trkpt lat="42.76121998205781" lon="-0.508928038179874">
        <ele>1283</ele>
        <time>2026-07-08T10:19:11Z</time>
        <extensions>
          <gpxtpx:TrackPointExtension>
            <gpxtpx:atemp>35</gpxtpx:atemp>
            <gpxtpx:hr>85</gpxtpx:hr>
            <gpxtpx:cad>50</gpxtpx:cad>
          </gpxtpx:TrackPointExtension>
          <gpxx:TrackPointExtension>
            <gpxx:Temperature>35</gpxx:Temperature>
          </gpxx:TrackPointExtension>
        </extensions>
      </trkpt>
      <trkpt lat="42.761201038956642" lon="-0.508980005979538">
        <ele>1282.2</ele>
        <time>2026-07-08T10:19:14Z</time>
        <extensions>
          <gpxtpx:TrackPointExtension>
            <gpxtpx:atemp>35</gpxtpx:atemp>
            <gpxtpx:hr>86</gpxtpx:hr>
            <gpxtpx:cad>48</gpxtpx:cad>
          </gpxtpx:TrackPointExtension>
          <gpxx:TrackPointExtension>
            <gpxx:Temperature>35</gpxx:Temperature>
          </gpxx:TrackPointExtension>
        </extensions>
      </trkpt>
      <trkpt lat="42.761190980672836" lon="-0.508985035121441">
        <ele>1281.8</ele>
        <time>2026-07-08T10:19:15Z</time>
        <extensions>
          <gpxtpx:TrackPointExtension>
            <gpxtpx:atemp>35</gpxtpx:atemp>
            <gpxtpx:hr>87</gpxtpx:hr>
            <gpxtpx:cad>48</gpxtpx:cad>
          </gpxtpx:TrackPointExtension>
          <gpxx:TrackPointExtension>
            <gpxx:Temperature>35</gpxx:Temperature>
          </gpxx:TrackPointExtension>
        </extensions>
      </trkpt>
      <trkpt lat="42.76113398373127" lon="-0.508968019858003">
        <ele>1281.2</ele>
        <time>2026-07-08T10:19:19Z</time>
        <extensions>
          <gpxtpx:TrackPointExtension>
            <gpxtpx:atemp>36</gpxtpx:atemp>
            <gpxtpx:hr>89</gpxtpx:hr>
            <gpxtpx:cad>48</gpxtpx:cad>
          </gpxtpx:TrackPointExtension>
          <gpxx:TrackPointExtension>
            <gpxx:Temperature>36</gpxx:Temperature>
          </gpxx:TrackPointExtension>
        </extensions>
      </trkpt>
      <trkpt lat="42.761110011488199" lon="-0.508981011807919">
        <ele>1281.2</ele>
        <time>2026-07-08T10:19:22Z</time>
        <extensions>
          <gpxtpx:TrackPointExtension>
            <gpxtpx:atemp>36</gpxtpx:atemp>
            <gpxtpx:hr>89</gpxtpx:hr>
            <gpxtpx:cad>49</gpxtpx:cad>
          </gpxtpx:TrackPointExtension>
          <gpxx:TrackPointExtension>
            <gpxx:Temperature>36</gpxx:Temperature>
          </gpxx:TrackPointExtension>
        </extensions>
      </trkpt>
      <trkpt lat="42.761101964861155" lon="-0.508987968787551">
        <ele>1281</ele>
        <time>2026-07-08T10:19:23Z</time>
        <extensions>
          <gpxtpx:TrackPointExtension>
            <gpxtpx:atemp>36</gpxtpx:atemp>
            <gpxtpx:hr>90</gpxtpx:hr>
            <gpxtpx:cad>49</gpxtpx:cad>
          </gpxtpx:TrackPointExtension>
          <gpxx:TrackPointExtension>
            <gpxx:Temperature>36</gpxx:Temperature>
          </gpxx:TrackPointExtension>
        </extensions>
      </trkpt>
      <trkpt lat="42.761028036475182" lon="-0.50900598987937">
        <ele>1280.4000000000001</ele>
        <time>2026-07-08T10:19:31Z</time>
        <extensions>
          <gpxtpx:TrackPointExtension>
            <gpxtpx:atemp>36</gpxtpx:atemp>
            <gpxtpx:hr>90</gpxtpx:hr>
            <gpxtpx:cad>47</gpxtpx:cad>
          </gpxtpx:TrackPointExtension>
          <gpxx:TrackPointExtension>
            <gpxx:Temperature>36</gpxx:Temperature>
          </gpxx:TrackPointExtension>
        </extensions>
      </trkpt>
      <trkpt lat="42.760995011776686" lon="-0.509045971557498">
        <ele>1280</ele>
        <time>2026-07-08T10:19:35Z</time>
        <extensions>
          <gpxtpx:TrackPointExtension>
            <gpxtpx:atemp>36</gpxtpx:atemp>
            <gpxtpx:hr>89</gpxtpx:hr>
            <gpxtpx:cad>51</gpxtpx:cad>
          </gpxtpx:TrackPointExtension>
          <gpxx:TrackPointExtension>
            <gpxx:Temperature>36</gpxx:Temperature>
          </gpxx:TrackPointExtension>
        </extensions>
      </trkpt>
      <trkpt lat="42.760952012613416" lon="-0.509081007912755">
        <ele>1279.2</ele>
        <time>2026-07-08T10:19:40Z</time>
        <extensions>
          <gpxtpx:TrackPointExtension>
            <gpxtpx:atemp>36</gpxtpx:atemp>
            <gpxtpx:hr>86</gpxtpx:hr>
            <gpxtpx:cad>52</gpxtpx:cad>
          </gpxtpx:TrackPointExtension>
          <gpxx:TrackPointExtension>
            <gpxx:Temperature>36</gpxx:Temperature>
          </gpxx:TrackPointExtension>
        </extensions>
      </trkpt>
      <trkpt lat="42.760942038148642" lon="-0.509086959064007">
        <ele>1279</ele>
        <time>2026-07-08T10:19:41Z</time>
        <extensions>
          <gpxtpx:TrackPointExtension>
            <gpxtpx:atemp>36</gpxtpx:atemp>
            <gpxtpx:hr>86</gpxtpx:hr>
            <gpxtpx:cad>52</gpxtpx:cad>
          </gpxtpx:TrackPointExtension>
          <gpxx:TrackPointExtension>
            <gpxx:Temperature>36</gpxx:Temperature>
          </gpxx:TrackPointExtension>
        </extensions>
      </trkpt>
      <trkpt lat="42.760931979864836" lon="-0.509093999862671">
        <ele>1278.8</ele>
        <time>2026-07-08T10:19:42Z</time>
        <extensions>
          <gpxtpx:TrackPointExtension>
            <gpxtpx:atemp>36</gpxtpx:atemp>
            <gpxtpx:hr>85</gpxtpx:hr>
            <gpxtpx:cad>52</gpxtpx:cad>
          </gpxtpx:TrackPointExtension>
          <gpxx:TrackPointExtension>
            <gpxx:Temperature>36</gpxx:Temperature>
          </gpxx:TrackPointExtension>
        </extensions>
      </trkpt>
      <trkpt lat="42.760888980701566" lon="-0.509133981540799">
        <ele>1278.2</ele>
        <time>2026-07-08T10:19:47Z</time>
        <extensions>
          <gpxtpx:TrackPointExtension>
            <gpxtpx:atemp>36</gpxtpx:atemp>
            <gpxtpx:hr>83</gpxtpx:hr>
            <gpxtpx:cad>50</gpxtpx:cad>
          </gpxtpx:TrackPointExtension>
          <gpxx:TrackPointExtension>
            <gpxx:Temperature>36</gpxx:Temperature>
          </gpxx:TrackPointExtension>
        </extensions>
      </trkpt>
      <trkpt lat="42.760869031772017" lon="-0.509149990975857">
        <ele>1277.8</ele>
        <time>2026-07-08T10:19:49Z</time>
        <extensions>
          <gpxtpx:TrackPointExtension>
            <gpxtpx:atemp>36</gpxtpx:atemp>
            <gpxtpx:hr>83</gpxtpx:hr>
            <gpxtpx:cad>51</gpxtpx:cad>
          </gpxtpx:TrackPointExtension>
          <gpxx:TrackPointExtension>
            <gpxx:Temperature>36</gpxx:Temperature>
          </gpxx:TrackPointExtension>
        </extensions>
      </trkpt>
      <trkpt lat="42.760855033993721" lon="-0.509159965440631">
        <ele>1277.4000000000001</ele>
        <time>2026-07-08T10:19:50Z</time>
        <extensions>
          <gpxtpx:TrackPointExtension>
            <gpxtpx:atemp>36</gpxtpx:atemp>
            <gpxtpx:hr>82</gpxtpx:hr>
            <gpxtpx:cad>52</gpxtpx:cad>
          </gpxtpx:TrackPointExtension>
          <gpxx:TrackPointExtension>
            <gpxx:Temperature>36</gpxx:Temperature>
          </gpxx:TrackPointExtension>
        </extensions>
      </trkpt>
      <trkpt lat="42.76081002317369" lon="-0.509192990139127">
        <ele>1276.8</ele>
        <time>2026-07-08T10:19:53Z</time>
        <extensions>
          <gpxtpx:TrackPointExtension>
            <gpxtpx:atemp>36</gpxtpx:atemp>
            <gpxtpx:hr>82</gpxtpx:hr>
            <gpxtpx:cad>52</gpxtpx:cad>
          </gpxtpx:TrackPointExtension>
          <gpxx:TrackPointExtension>
            <gpxx:Temperature>36</gpxx:Temperature>
          </gpxx:TrackPointExtension>
        </extensions>
      </trkpt>
      <trkpt lat="42.76076702401042" lon="-0.509224003180861">
        <ele>1276.2</ele>
        <time>2026-07-08T10:19:57Z</time>
        <extensions>
          <gpxtpx:TrackPointExtension>
            <gpxtpx:atemp>36</gpxtpx:atemp>
            <gpxtpx:hr>84</gpxtpx:hr>
            <gpxtpx:cad>52</gpxtpx:cad>
          </gpxtpx:TrackPointExtension>
          <gpxx:TrackPointExtension>
            <gpxx:Temperature>36</gpxx:Temperature>
          </gpxx:TrackPointExtension>
        </extensions>
      </trkpt>
      <trkpt lat="42.760692005977035" lon="-0.5092219915241">
        <ele>1275.8</ele>
        <time>2026-07-08T10:20:05Z</time>
        <extensions>
          <gpxtpx:TrackPointExtension>
            <gpxtpx:atemp>35</gpxtpx:atemp>
            <gpxtpx:hr>83</gpxtpx:hr>
            <gpxtpx:cad>52</gpxtpx:cad>
          </gpxtpx:TrackPointExtension>
          <gpxx:TrackPointExtension>
            <gpxx:Temperature>35</gpxx:Temperature>
          </gpxx:TrackPointExtension>
        </extensions>
      </trkpt>
      <trkpt lat="42.760673984885216" lon="-0.509228026494384">
        <ele>1275.5999999999999</ele>
        <time>2026-07-08T10:20:08Z</time>
        <extensions>
          <gpxtpx:TrackPointExtension>
            <gpxtpx:atemp>35</gpxtpx:atemp>
            <gpxtpx:hr>82</gpxtpx:hr>
            <gpxtpx:cad>52</gpxtpx:cad>
          </gpxtpx:TrackPointExtension>
          <gpxx:TrackPointExtension>
            <gpxx:Temperature>35</gpxx:Temperature>
          </gpxx:TrackPointExtension>
        </extensions>
      </trkpt>
      <trkpt lat="42.760622017085552" lon="-0.509226014837623">
        <ele>1275.4000000000001</ele>
        <time>2026-07-08T10:20:13Z</time>
        <extensions>
          <gpxtpx:TrackPointExtension>
            <gpxtpx:atemp>35</gpxtpx:atemp>
            <gpxtpx:hr>84</gpxtpx:hr>
            <gpxtpx:cad>51</gpxtpx:cad>
          </gpxtpx:TrackPointExtension>
          <gpxx:TrackPointExtension>
            <gpxx:Temperature>35</gpxx:Temperature>
          </gpxx:TrackPointExtension>
        </extensions>
      </trkpt>
      <trkpt lat="42.760550016537309" lon="-0.5092410184443">
        <ele>1274.5999999999999</ele>
        <time>2026-07-08T10:20:20Z</time>
        <extensions>
          <gpxtpx:TrackPointExtension>
            <gpxtpx:atemp>36</gpxtpx:atemp>
            <gpxtpx:hr>86</gpxtpx:hr>
            <gpxtpx:cad>50</gpxtpx:cad>
          </gpxtpx:TrackPointExtension>
          <gpxx:TrackPointExtension>
            <gpxx:Temperature>36</gpxx:Temperature>
          </gpxx:TrackPointExtension>
        </extensions>
      </trkpt>
      <trkpt lat="42.760526966303587" lon="-0.509236995130777">
        <ele>1274.2</ele>
        <time>2026-07-08T10:20:23Z</time>
        <extensions>
          <gpxtpx:TrackPointExtension>
            <gpxtpx:atemp>36</gpxtpx:atemp>
            <gpxtpx:hr>85</gpxtpx:hr>
            <gpxtpx:cad>52</gpxtpx:cad>
          </gpxtpx:TrackPointExtension>
          <gpxx:TrackPointExtension>
            <gpxx:Temperature>36</gpxx:Temperature>
          </gpxx:TrackPointExtension>
        </extensions>
      </trkpt>
      <trkpt lat="42.760452032089233" lon="-0.509260967373848">
        <ele>1273.5999999999999</ele>
        <time>2026-07-08T10:20:30Z</time>
        <extensions>
          <gpxtpx:TrackPointExtension>
            <gpxtpx:atemp>36</gpxtpx:atemp>
            <gpxtpx:hr>85</gpxtpx:hr>
            <gpxtpx:cad>50</gpxtpx:cad>
          </gpxtpx:TrackPointExtension>
          <gpxx:TrackPointExtension>
            <gpxx:Temperature>36</gpxx:Temperature>
          </gpxx:TrackPointExtension>
        </extensions>
      </trkpt>
      <trkpt lat="42.760411966592073" lon="-0.509273959323764">
        <ele>1273.2</ele>
        <time>2026-07-08T10:20:33Z</time>
        <extensions>
          <gpxtpx:TrackPointExtension>
            <gpxtpx:atemp>36</gpxtpx:atemp>
            <gpxtpx:hr>88</gpxtpx:hr>
            <gpxtpx:cad>50</gpxtpx:cad>
          </gpxtpx:TrackPointExtension>
          <gpxx:TrackPointExtension>
            <gpxx:Temperature>36</gpxx:Temperature>
          </gpxx:TrackPointExtension>
        </extensions>
      </trkpt>
      <trkpt lat="42.76040299795568" lon="-0.509274965152144">
        <ele>1273.2</ele>
        <time>2026-07-08T10:20:34Z</time>
        <extensions>
          <gpxtpx:TrackPointExtension>
            <gpxtpx:atemp>36</gpxtpx:atemp>
            <gpxtpx:hr>85</gpxtpx:hr>
            <gpxtpx:cad>50</gpxtpx:cad>
          </gpxtpx:TrackPointExtension>
          <gpxx:TrackPointExtension>
            <gpxx:Temperature>36</gpxx:Temperature>
          </gpxx:TrackPointExtension>
        </extensions>
      </trkpt>
      <trkpt lat="42.760336026549339" lon="-0.509296003729105">
        <ele>1272.5999999999999</ele>
        <time>2026-07-08T10:20:40Z</time>
        <extensions>
          <gpxtpx:TrackPointExtension>
            <gpxtpx:atemp>36</gpxtpx:atemp>
            <gpxtpx:hr>84</gpxtpx:hr>
            <gpxtpx:cad>52</gpxtpx:cad>
          </gpxtpx:TrackPointExtension>
          <gpxx:TrackPointExtension>
            <gpxx:Temperature>36</gpxx:Temperature>
          </gpxx:TrackPointExtension>
        </extensions>
      </trkpt>
      <trkpt lat="42.760322028771043" lon="-0.509298015385866">
        <ele>1272.4000000000001</ele>
        <time>2026-07-08T10:20:42Z</time>
        <extensions>
          <gpxtpx:TrackPointExtension>
            <gpxtpx:atemp>36</gpxtpx:atemp>
            <gpxtpx:hr>84</gpxtpx:hr>
            <gpxtpx:cad>50</gpxtpx:cad>
          </gpxtpx:TrackPointExtension>
          <gpxx:TrackPointExtension>
            <gpxx:Temperature>36</gpxx:Temperature>
          </gpxx:TrackPointExtension>
        </extensions>
      </trkpt>
      <trkpt lat="42.76025103405118" lon="-0.509344032034278">
        <ele>1271.5999999999999</ele>
        <time>2026-07-08T10:20:49Z</time>
        <extensions>
          <gpxtpx:TrackPointExtension>
            <gpxtpx:atemp>36</gpxtpx:atemp>
            <gpxtpx:hr>84</gpxtpx:hr>
            <gpxtpx:cad>50</gpxtpx:cad>
          </gpxtpx:TrackPointExtension>
          <gpxx:TrackPointExtension>
            <gpxx:Temperature>36</gpxx:Temperature>
          </gpxx:TrackPointExtension>
        </extensions>
      </trkpt>
      <trkpt lat="42.76023200713098" lon="-0.509356018155813">
        <ele>1271.4000000000001</ele>
        <time>2026-07-08T10:20:51Z</time>
        <extensions>
          <gpxtpx:TrackPointExtension>
            <gpxtpx:atemp>36</gpxtpx:atemp>
            <gpxtpx:hr>84</gpxtpx:hr>
            <gpxtpx:cad>50</gpxtpx:cad>
          </gpxtpx:TrackPointExtension>
          <gpxx:TrackPointExtension>
            <gpxx:Temperature>36</gpxx:Temperature>
          </gpxx:TrackPointExtension>
        </extensions>
      </trkpt>
      <trkpt lat="42.760142991319299" lon="-0.509391976520419">
        <ele>1271</ele>
        <time>2026-07-08T10:20:59Z</time>
        <extensions>
          <gpxtpx:TrackPointExtension>
            <gpxtpx:atemp>36</gpxtpx:atemp>
            <gpxtpx:hr>83</gpxtpx:hr>
            <gpxtpx:cad>51</gpxtpx:cad>
          </gpxtpx:TrackPointExtension>
          <gpxx:TrackPointExtension>
            <gpxx:Temperature>36</gpxx:Temperature>
          </gpxx:TrackPointExtension>
        </extensions>
      </trkpt>
      <trkpt lat="42.760104015469551" lon="-0.509401028975844">
        <ele>1270.4000000000001</ele>
        <time>2026-07-08T10:21:04Z</time>
        <extensions>
          <gpxtpx:TrackPointExtension>
            <gpxtpx:atemp>36</gpxtpx:atemp>
            <gpxtpx:hr>82</gpxtpx:hr>
            <gpxtpx:cad>50</gpxtpx:cad>
          </gpxtpx:TrackPointExtension>
          <gpxx:TrackPointExtension>
            <gpxx:Temperature>36</gpxx:Temperature>
          </gpxx:TrackPointExtension>
        </extensions>
      </trkpt>
      <trkpt lat="42.76005900464952" lon="-0.50941402092576">
        <ele>1270.2</ele>
        <time>2026-07-08T10:21:08Z</time>
        <extensions>
          <gpxtpx:TrackPointExtension>
            <gpxtpx:atemp>36</gpxtpx:atemp>
            <gpxtpx:hr>82</gpxtpx:hr>
            <gpxtpx:cad>50</gpxtpx:cad>
          </gpxtpx:TrackPointExtension>
          <gpxx:TrackPointExtension>
            <gpxx:Temperature>36</gpxx:Temperature>
          </gpxx:TrackPointExtension>
        </extensions>
      </trkpt>
      <trkpt lat="42.760008964687586" lon="-0.509474035352468">
        <ele>1269.5999999999999</ele>
        <time>2026-07-08T10:21:15Z</time>
        <extensions>
          <gpxtpx:TrackPointExtension>
            <gpxtpx:atemp>36</gpxtpx:atemp>
            <gpxtpx:hr>83</gpxtpx:hr>
            <gpxtpx:cad>51</gpxtpx:cad>
          </gpxtpx:TrackPointExtension>
          <gpxx:TrackPointExtension>
            <gpxx:Temperature>36</gpxx:Temperature>
          </gpxx:TrackPointExtension>
        </extensions>
      </trkpt>
      <trkpt lat="42.759961020201445" lon="-0.509509993717074">
        <ele>1269.4000000000001</ele>
        <time>2026-07-08T10:21:19Z</time>
        <extensions>
          <gpxtpx:TrackPointExtension>
            <gpxtpx:atemp>35</gpxtpx:atemp>
            <gpxtpx:hr>81</gpxtpx:hr>
            <gpxtpx:cad>0</gpxtpx:cad>
          </gpxtpx:TrackPointExtension>
          <gpxx:TrackPointExtension>
            <gpxx:Temperature>35</gpxx:Temperature>
          </gpxx:TrackPointExtension>
        </extensions>
      </trkpt>
      <trkpt lat="42.759947022423148" lon="-0.509518962353468">
        <ele>1269.4000000000001</ele>
        <time>2026-07-08T10:21:20Z</time>
        <extensions>
          <gpxtpx:TrackPointExtension>
            <gpxtpx:atemp>35</gpxtpx:atemp>
            <gpxtpx:hr>83</gpxtpx:hr>
            <gpxtpx:cad>0</gpxtpx:cad>
          </gpxtpx:TrackPointExtension>
          <gpxx:TrackPointExtension>
            <gpxx:Temperature>35</gpxx:Temperature>
          </gpxx:TrackPointExtension>
        </extensions>
      </trkpt>
      <trkpt lat="42.759880973026156" lon="-0.509541006758809">
        <ele>1269</ele>
        <time>2026-07-08T10:21:27Z</time>
        <extensions>
          <gpxtpx:TrackPointExtension>
            <gpxtpx:atemp>35</gpxtpx:atemp>
            <gpxtpx:hr>83</gpxtpx:hr>
            <gpxtpx:cad>49</gpxtpx:cad>
          </gpxtpx:TrackPointExtension>
          <gpxx:TrackPointExtension>
            <gpxx:Temperature>35</gpxx:Temperature>
          </gpxx:TrackPointExtension>
        </extensions>
      </trkpt>
      <trkpt lat="42.759819030761719" lon="-0.509577970951796">
        <ele>1268.4000000000001</ele>
        <time>2026-07-08T10:21:34Z</time>
        <extensions>
          <gpxtpx:TrackPointExtension>
            <gpxtpx:atemp>35</gpxtpx:atemp>
            <gpxtpx:hr>83</gpxtpx:hr>
            <gpxtpx:cad>50</gpxtpx:cad>
          </gpxtpx:TrackPointExtension>
          <gpxx:TrackPointExtension>
            <gpxx:Temperature>35</gpxx:Temperature>
          </gpxx:TrackPointExtension>
        </extensions>
      </trkpt>
      <trkpt lat="42.759814001619816" lon="-0.509578976780176">
        <ele>1268.2</ele>
        <time>2026-07-08T10:21:35Z</time>
        <extensions>
          <gpxtpx:TrackPointExtension>
            <gpxtpx:atemp>35</gpxtpx:atemp>
            <gpxtpx:hr>83</gpxtpx:hr>
            <gpxtpx:cad>50</gpxtpx:cad>
          </gpxtpx:TrackPointExtension>
          <gpxx:TrackPointExtension>
            <gpxx:Temperature>35</gpxx:Temperature>
          </gpxx:TrackPointExtension>
        </extensions>
      </trkpt>
      <trkpt lat="42.759735966101289" lon="-0.509617030620575">
        <ele>1267.5999999999999</ele>
        <time>2026-07-08T10:21:42Z</time>
        <extensions>
          <gpxtpx:TrackPointExtension>
            <gpxtpx:atemp>35</gpxtpx:atemp>
            <gpxtpx:hr>81</gpxtpx:hr>
            <gpxtpx:cad>51</gpxtpx:cad>
          </gpxtpx:TrackPointExtension>
          <gpxx:TrackPointExtension>
            <gpxx:Temperature>35</gpxx:Temperature>
          </gpxx:TrackPointExtension>
        </extensions>
      </trkpt>
      <trkpt lat="42.759726997464895" lon="-0.509618958458304">
        <ele>1267.2</ele>
        <time>2026-07-08T10:21:46Z</time>
        <extensions>
          <gpxtpx:TrackPointExtension>
            <gpxtpx:atemp>35</gpxtpx:atemp>
            <gpxtpx:hr>80</gpxtpx:hr>
            <gpxtpx:cad>54</gpxtpx:cad>
          </gpxtpx:TrackPointExtension>
          <gpxx:TrackPointExtension>
            <gpxx:Temperature>35</gpxx:Temperature>
          </gpxx:TrackPointExtension>
        </extensions>
      </trkpt>
      <trkpt lat="42.759733032435179" lon="-0.50960898399353">
        <ele>1267</ele>
        <time>2026-07-08T10:21:47Z</time>
        <extensions>
          <gpxtpx:TrackPointExtension>
            <gpxtpx:atemp>35</gpxtpx:atemp>
            <gpxtpx:hr>80</gpxtpx:hr>
            <gpxtpx:cad>49</gpxtpx:cad>
          </gpxtpx:TrackPointExtension>
          <gpxx:TrackPointExtension>
            <gpxx:Temperature>35</gpxx:Temperature>
          </gpxx:TrackPointExtension>
        </extensions>
      </trkpt>
      <trkpt lat="42.759726997464895" lon="-0.509599009528756">
        <ele>1266.5999999999999</ele>
        <time>2026-07-08T10:21:52Z</time>
        <extensions>
          <gpxtpx:TrackPointExtension>
            <gpxtpx:atemp>35</gpxtpx:atemp>
            <gpxtpx:hr>81</gpxtpx:hr>
            <gpxtpx:cad>47</gpxtpx:cad>
          </gpxtpx:TrackPointExtension>
          <gpxx:TrackPointExtension>
            <gpxx:Temperature>35</gpxx:Temperature>
          </gpxx:TrackPointExtension>
        </extensions>
      </trkpt>
      <trkpt lat="42.759662959724665" lon="-0.50962901674211">
        <ele>1266.2</ele>
        <time>2026-07-08T10:21:59Z</time>
        <extensions>
          <gpxtpx:TrackPointExtension>
            <gpxtpx:atemp>35</gpxtpx:atemp>
            <gpxtpx:hr>81</gpxtpx:hr>
            <gpxtpx:cad>49</gpxtpx:cad>
          </gpxtpx:TrackPointExtension>
          <gpxx:TrackPointExtension>
            <gpxx:Temperature>35</gpxx:Temperature>
          </gpxx:TrackPointExtension>
        </extensions>
      </trkpt>
      <trkpt lat="42.759656002745032" lon="-0.509635973721743">
        <ele>1266.2</ele>
        <time>2026-07-08T10:22:00Z</time>
        <extensions>
          <gpxtpx:TrackPointExtension>
            <gpxtpx:atemp>35</gpxtpx:atemp>
            <gpxtpx:hr>81</gpxtpx:hr>
            <gpxtpx:cad>49</gpxtpx:cad>
          </gpxtpx:TrackPointExtension>
          <gpxx:TrackPointExtension>
            <gpxx:Temperature>35</gpxx:Temperature>
          </gpxx:TrackPointExtension>
        </extensions>
      </trkpt>
      <trkpt lat="42.759633958339691" lon="-0.509647959843278">
        <ele>1266</ele>
        <time>2026-07-08T10:22:03Z</time>
        <extensions>
          <gpxtpx:TrackPointExtension>
            <gpxtpx:atemp>35</gpxtpx:atemp>
            <gpxtpx:hr>81</gpxtpx:hr>
            <gpxtpx:cad>47</gpxtpx:cad>
          </gpxtpx:TrackPointExtension>
          <gpxx:TrackPointExtension>
            <gpxx:Temperature>35</gpxx:Temperature>
          </gpxx:TrackPointExtension>
        </extensions>
      </trkpt>
      <trkpt lat="42.759635969996452" lon="-0.50965097732842">
        <ele>1266</ele>
        <time>2026-07-08T10:22:04Z</time>
        <extensions>
          <gpxtpx:TrackPointExtension>
            <gpxtpx:atemp>35</gpxtpx:atemp>
            <gpxtpx:hr>81</gpxtpx:hr>
            <gpxtpx:cad>47</gpxtpx:cad>
          </gpxtpx:TrackPointExtension>
          <gpxx:TrackPointExtension>
            <gpxx:Temperature>35</gpxx:Temperature>
          </gpxx:TrackPointExtension>
        </extensions>
      </trkpt>
      <trkpt lat="42.759624989703298" lon="-0.509661035612226">
        <ele>1265.5999999999999</ele>
        <time>2026-07-08T10:22:08Z</time>
        <extensions>
          <gpxtpx:TrackPointExtension>
            <gpxtpx:atemp>35</gpxtpx:atemp>
            <gpxtpx:hr>81</gpxtpx:hr>
            <gpxtpx:cad>49</gpxtpx:cad>
          </gpxtpx:TrackPointExtension>
          <gpxx:TrackPointExtension>
            <gpxx:Temperature>35</gpxx:Temperature>
          </gpxx:TrackPointExtension>
        </extensions>
      </trkpt>
      <trkpt lat="42.759604034945369" lon="-0.509673021733761">
        <ele>1265.2</ele>
        <time>2026-07-08T10:22:11Z</time>
        <extensions>
          <gpxtpx:TrackPointExtension>
            <gpxtpx:atemp>35</gpxtpx:atemp>
            <gpxtpx:hr>81</gpxtpx:hr>
            <gpxtpx:cad>49</gpxtpx:cad>
          </gpxtpx:TrackPointExtension>
          <gpxx:TrackPointExtension>
            <gpxx:Temperature>35</gpxx:Temperature>
          </gpxx:TrackPointExtension>
        </extensions>
      </trkpt>
      <trkpt lat="42.759582996368408" lon="-0.509685007855296">
        <ele>1265</ele>
        <time>2026-07-08T10:22:13Z</time>
        <extensions>
          <gpxtpx:TrackPointExtension>
            <gpxtpx:atemp>35</gpxtpx:atemp>
            <gpxtpx:hr>80</gpxtpx:hr>
            <gpxtpx:cad>49</gpxtpx:cad>
          </gpxtpx:TrackPointExtension>
          <gpxx:TrackPointExtension>
            <gpxx:Temperature>35</gpxx:Temperature>
          </gpxx:TrackPointExtension>
        </extensions>
      </trkpt>
      <trkpt lat="42.759532034397125" lon="-0.509705040603876">
        <ele>1264.8</ele>
        <time>2026-07-08T10:22:18Z</time>
        <extensions>
          <gpxtpx:TrackPointExtension>
            <gpxtpx:atemp>35</gpxtpx:atemp>
            <gpxtpx:hr>80</gpxtpx:hr>
            <gpxtpx:cad>49</gpxtpx:cad>
          </gpxtpx:TrackPointExtension>
          <gpxx:TrackPointExtension>
            <gpxx:Temperature>35</gpxx:Temperature>
          </gpxx:TrackPointExtension>
        </extensions>
      </trkpt>
      <trkpt lat="42.759520970284939" lon="-0.509717026725411">
        <ele>1264.8</ele>
        <time>2026-07-08T10:22:19Z</time>
        <extensions>
          <gpxtpx:TrackPointExtension>
            <gpxtpx:atemp>35</gpxtpx:atemp>
            <gpxtpx:hr>80</gpxtpx:hr>
            <gpxtpx:cad>49</gpxtpx:cad>
          </gpxtpx:TrackPointExtension>
          <gpxx:TrackPointExtension>
            <gpxx:Temperature>35</gpxx:Temperature>
          </gpxx:TrackPointExtension>
        </extensions>
      </trkpt>
      <trkpt lat="42.75945701636374" lon="-0.509753990918398">
        <ele>1264.4000000000001</ele>
        <time>2026-07-08T10:22:25Z</time>
        <extensions>
          <gpxtpx:TrackPointExtension>
            <gpxtpx:atemp>35</gpxtpx:atemp>
            <gpxtpx:hr>81</gpxtpx:hr>
            <gpxtpx:cad>0</gpxtpx:cad>
          </gpxtpx:TrackPointExtension>
          <gpxx:TrackPointExtension>
            <gpxx:Temperature>35</gpxx:Temperature>
          </gpxx:TrackPointExtension>
        </extensions>
      </trkpt>
      <trkpt lat="42.759380992501974" lon="-0.509790033102036">
        <ele>1264.4000000000001</ele>
        <time>2026-07-08T10:22:29Z</time>
        <extensions>
          <gpxtpx:TrackPointExtension>
            <gpxtpx:atemp>35</gpxtpx:atemp>
            <gpxtpx:hr>84</gpxtpx:hr>
            <gpxtpx:cad>0</gpxtpx:cad>
          </gpxtpx:TrackPointExtension>
          <gpxx:TrackPointExtension>
            <gpxx:Temperature>35</gpxx:Temperature>
          </gpxx:TrackPointExtension>
        </extensions>
      </trkpt>
      <trkpt lat="42.759363977238536" lon="-0.509792966768146">
        <ele>1264.4000000000001</ele>
        <time>2026-07-08T10:22:30Z</time>
        <extensions>
          <gpxtpx:TrackPointExtension>
            <gpxtpx:atemp>35</gpxtpx:atemp>
            <gpxtpx:hr>84</gpxtpx:hr>
            <gpxtpx:cad>0</gpxtpx:cad>
          </gpxtpx:TrackPointExtension>
          <gpxx:TrackPointExtension>
            <gpxx:Temperature>35</gpxx:Temperature>
          </gpxx:TrackPointExtension>
        </extensions>
      </trkpt>
      <trkpt lat="42.759346039965749" lon="-0.50980101339519">
        <ele>1264.2</ele>
        <time>2026-07-08T10:22:35Z</time>
        <extensions>
          <gpxtpx:TrackPointExtension>
            <gpxtpx:atemp>35</gpxtpx:atemp>
            <gpxtpx:hr>85</gpxtpx:hr>
            <gpxtpx:cad>0</gpxtpx:cad>
          </gpxtpx:TrackPointExtension>
          <gpxx:TrackPointExtension>
            <gpxx:Temperature>35</gpxx:Temperature>
          </gpxx:TrackPointExtension>
        </extensions>
      </trkpt>
      <trkpt lat="42.759337993338704" lon="-0.509814005345106">
        <ele>1264.2</ele>
        <time>2026-07-08T10:22:39Z</time>
        <extensions>
          <gpxtpx:TrackPointExtension>
            <gpxtpx:atemp>35</gpxtpx:atemp>
            <gpxtpx:hr>85</gpxtpx:hr>
            <gpxtpx:cad>0</gpxtpx:cad>
          </gpxtpx:TrackPointExtension>
          <gpxx:TrackPointExtension>
            <gpxx:Temperature>35</gpxx:Temperature>
          </gpxx:TrackPointExtension>
        </extensions>
      </trkpt>
      <trkpt lat="42.759329024702311" lon="-0.509809982031584">
        <ele>1264.4000000000001</ele>
        <time>2026-07-08T10:22:45Z</time>
        <extensions>
          <gpxtpx:TrackPointExtension>
            <gpxtpx:atemp>35</gpxtpx:atemp>
            <gpxtpx:hr>88</gpxtpx:hr>
            <gpxtpx:cad>0</gpxtpx:cad>
          </gpxtpx:TrackPointExtension>
          <gpxx:TrackPointExtension>
            <gpxx:Temperature>35</gpxx:Temperature>
          </gpxx:TrackPointExtension>
        </extensions>
      </trkpt>
      <trkpt lat="42.759302034974098" lon="-0.509816017001867">
        <ele>1264.4000000000001</ele>
        <time>2026-07-08T10:22:47Z</time>
        <extensions>
          <gpxtpx:TrackPointExtension>
            <gpxtpx:atemp>35</gpxtpx:atemp>
            <gpxtpx:hr>87</gpxtpx:hr>
            <gpxtpx:cad>0</gpxtpx:cad>
          </gpxtpx:TrackPointExtension>
          <gpxx:TrackPointExtension>
            <gpxx:Temperature>35</gpxx:Temperature>
          </gpxx:TrackPointExtension>
        </extensions>
      </trkpt>
      <trkpt lat="42.759280996397138" lon="-0.509853987023234">
        <ele>1264</ele>
        <time>2026-07-08T10:22:52Z</time>
        <extensions>
          <gpxtpx:TrackPointExtension>
            <gpxtpx:atemp>35</gpxtpx:atemp>
            <gpxtpx:hr>85</gpxtpx:hr>
            <gpxtpx:cad>48</gpxtpx:cad>
          </gpxtpx:TrackPointExtension>
          <gpxx:TrackPointExtension>
            <gpxx:Temperature>35</gpxx:Temperature>
          </gpxx:TrackPointExtension>
        </extensions>
      </trkpt>
      <trkpt lat="42.759259035810828" lon="-0.509874019771814">
        <ele>1264</ele>
        <time>2026-07-08T10:22:54Z</time>
        <extensions>
          <gpxtpx:TrackPointExtension>
            <gpxtpx:atemp>35</gpxtpx:atemp>
            <gpxtpx:hr>87</gpxtpx:hr>
            <gpxtpx:cad>48</gpxtpx:cad>
          </gpxtpx:TrackPointExtension>
          <gpxx:TrackPointExtension>
            <gpxx:Temperature>35</gpxx:Temperature>
          </gpxx:TrackPointExtension>
        </extensions>
      </trkpt>
      <trkpt lat="42.759177982807159" lon="-0.509949959814548">
        <ele>1263</ele>
        <time>2026-07-08T10:23:03Z</time>
        <extensions>
          <gpxtpx:TrackPointExtension>
            <gpxtpx:atemp>35</gpxtpx:atemp>
            <gpxtpx:hr>84</gpxtpx:hr>
            <gpxtpx:cad>50</gpxtpx:cad>
          </gpxtpx:TrackPointExtension>
          <gpxx:TrackPointExtension>
            <gpxx:Temperature>35</gpxx:Temperature>
          </gpxx:TrackPointExtension>
        </extensions>
      </trkpt>
      <trkpt lat="42.759175971150398" lon="-0.509959012269974">
        <ele>1263</ele>
        <time>2026-07-08T10:23:04Z</time>
        <extensions>
          <gpxtpx:TrackPointExtension>
            <gpxtpx:atemp>35</gpxtpx:atemp>
            <gpxtpx:hr>84</gpxtpx:hr>
            <gpxtpx:cad>50</gpxtpx:cad>
          </gpxtpx:TrackPointExtension>
          <gpxx:TrackPointExtension>
            <gpxx:Temperature>35</gpxx:Temperature>
          </gpxx:TrackPointExtension>
        </extensions>
      </trkpt>
      <trkpt lat="42.759169014170766" lon="-0.509975021705031">
        <ele>1262.5999999999999</ele>
        <time>2026-07-08T10:23:06Z</time>
        <extensions>
          <gpxtpx:TrackPointExtension>
            <gpxtpx:atemp>35</gpxtpx:atemp>
            <gpxtpx:hr>83</gpxtpx:hr>
            <gpxtpx:cad>50</gpxtpx:cad>
          </gpxtpx:TrackPointExtension>
          <gpxx:TrackPointExtension>
            <gpxx:Temperature>35</gpxx:Temperature>
          </gpxx:TrackPointExtension>
        </extensions>
      </trkpt>
      <trkpt lat="42.759151998907328" lon="-0.509984996169806">
        <ele>1262.4000000000001</ele>
        <time>2026-07-08T10:23:08Z</time>
        <extensions>
          <gpxtpx:TrackPointExtension>
            <gpxtpx:atemp>35</gpxtpx:atemp>
            <gpxtpx:hr>83</gpxtpx:hr>
            <gpxtpx:cad>49</gpxtpx:cad>
          </gpxtpx:TrackPointExtension>
          <gpxx:TrackPointExtension>
            <gpxx:Temperature>35</gpxx:Temperature>
          </gpxx:TrackPointExtension>
        </extensions>
      </trkpt>
      <trkpt lat="42.759127020835876" lon="-0.509991031140089">
        <ele>1262.4000000000001</ele>
        <time>2026-07-08T10:23:10Z</time>
        <extensions>
          <gpxtpx:TrackPointExtension>
            <gpxtpx:atemp>35</gpxtpx:atemp>
            <gpxtpx:hr>83</gpxtpx:hr>
            <gpxtpx:cad>0</gpxtpx:cad>
          </gpxtpx:TrackPointExtension>
          <gpxx:TrackPointExtension>
            <gpxx:Temperature>35</gpxx:Temperature>
          </gpxx:TrackPointExtension>
        </extensions>
      </trkpt>
      <trkpt lat="42.759067006409168" lon="-0.510030006989837">
        <ele>1262.2</ele>
        <time>2026-07-08T10:23:17Z</time>
        <extensions>
          <gpxtpx:TrackPointExtension>
            <gpxtpx:atemp>34</gpxtpx:atemp>
            <gpxtpx:hr>84</gpxtpx:hr>
            <gpxtpx:cad>50</gpxtpx:cad>
          </gpxtpx:TrackPointExtension>
          <gpxx:TrackPointExtension>
            <gpxx:Temperature>34</gpxx:Temperature>
          </gpxx:TrackPointExtension>
        </extensions>
      </trkpt>
      <trkpt lat="42.759034987539053" lon="-0.51005900837481">
        <ele>1262</ele>
        <time>2026-07-08T10:23:20Z</time>
        <extensions>
          <gpxtpx:TrackPointExtension>
            <gpxtpx:atemp>34</gpxtpx:atemp>
            <gpxtpx:hr>86</gpxtpx:hr>
            <gpxtpx:cad>50</gpxtpx:cad>
          </gpxtpx:TrackPointExtension>
          <gpxx:TrackPointExtension>
            <gpxx:Temperature>34</gpxx:Temperature>
          </gpxx:TrackPointExtension>
        </extensions>
      </trkpt>
      <trkpt lat="42.759026018902659" lon="-0.510076023638248">
        <ele>1261.8</ele>
        <time>2026-07-08T10:23:22Z</time>
        <extensions>
          <gpxtpx:TrackPointExtension>
            <gpxtpx:atemp>34</gpxtpx:atemp>
            <gpxtpx:hr>86</gpxtpx:hr>
            <gpxtpx:cad>50</gpxtpx:cad>
          </gpxtpx:TrackPointExtension>
          <gpxx:TrackPointExtension>
            <gpxx:Temperature>34</gpxx:Temperature>
          </gpxx:TrackPointExtension>
        </extensions>
      </trkpt>
      <trkpt lat="42.758974973112345" lon="-0.51012103445828">
        <ele>1261.5999999999999</ele>
        <time>2026-07-08T10:23:26Z</time>
        <extensions>
          <gpxtpx:TrackPointExtension>
            <gpxtpx:atemp>34</gpxtpx:atemp>
            <gpxtpx:hr>83</gpxtpx:hr>
            <gpxtpx:cad>49</gpxtpx:cad>
          </gpxtpx:TrackPointExtension>
          <gpxx:TrackPointExtension>
            <gpxx:Temperature>34</gpxx:Temperature>
          </gpxx:TrackPointExtension>
        </extensions>
      </trkpt>
      <trkpt lat="42.758939014747739" lon="-0.510162021964788">
        <ele>1261.4000000000001</ele>
        <time>2026-07-08T10:23:31Z</time>
        <extensions>
          <gpxtpx:TrackPointExtension>
            <gpxtpx:atemp>34</gpxtpx:atemp>
            <gpxtpx:hr>84</gpxtpx:hr>
            <gpxtpx:cad>47</gpxtpx:cad>
          </gpxtpx:TrackPointExtension>
          <gpxx:TrackPointExtension>
            <gpxx:Temperature>34</gpxx:Temperature>
          </gpxx:TrackPointExtension>
        </extensions>
      </trkpt>
      <trkpt lat="42.758921999484301" lon="-0.510190017521381">
        <ele>1261.2</ele>
        <time>2026-07-08T10:23:34Z</time>
        <extensions>
          <gpxtpx:TrackPointExtension>
            <gpxtpx:atemp>34</gpxtpx:atemp>
            <gpxtpx:hr>84</gpxtpx:hr>
            <gpxtpx:cad>49</gpxtpx:cad>
          </gpxtpx:TrackPointExtension>
          <gpxx:TrackPointExtension>
            <gpxx:Temperature>34</gpxx:Temperature>
          </gpxx:TrackPointExtension>
        </extensions>
      </trkpt>
      <trkpt lat="42.758871959522367" lon="-0.510232010856271">
        <ele>1261</ele>
        <time>2026-07-08T10:23:41Z</time>
        <extensions>
          <gpxtpx:TrackPointExtension>
            <gpxtpx:atemp>34</gpxtpx:atemp>
            <gpxtpx:hr>84</gpxtpx:hr>
            <gpxtpx:cad>50</gpxtpx:cad>
          </gpxtpx:TrackPointExtension>
          <gpxx:TrackPointExtension>
            <gpxx:Temperature>34</gpxx:Temperature>
          </gpxx:TrackPointExtension>
        </extensions>
      </trkpt>
      <trkpt lat="42.75885796174407" lon="-0.510246008634567">
        <ele>1260.8</ele>
        <time>2026-07-08T10:23:43Z</time>
        <extensions>
          <gpxtpx:TrackPointExtension>
            <gpxtpx:atemp>34</gpxtpx:atemp>
            <gpxtpx:hr>84</gpxtpx:hr>
            <gpxtpx:cad>50</gpxtpx:cad>
          </gpxtpx:TrackPointExtension>
          <gpxx:TrackPointExtension>
            <gpxx:Temperature>34</gpxx:Temperature>
          </gpxx:TrackPointExtension>
        </extensions>
      </trkpt>
      <trkpt lat="42.758862990885973" lon="-0.510251959785819">
        <ele>1260.8</ele>
        <time>2026-07-08T10:23:44Z</time>
        <extensions>
          <gpxtpx:TrackPointExtension>
            <gpxtpx:atemp>34</gpxtpx:atemp>
            <gpxtpx:hr>84</gpxtpx:hr>
            <gpxtpx:cad>50</gpxtpx:cad>
          </gpxtpx:TrackPointExtension>
          <gpxx:TrackPointExtension>
            <gpxx:Temperature>34</gpxx:Temperature>
          </gpxx:TrackPointExtension>
        </extensions>
      </trkpt>
      <trkpt lat="42.758857039734721" lon="-0.510263023898005">
        <ele>1260.5999999999999</ele>
        <time>2026-07-08T10:23:46Z</time>
        <extensions>
          <gpxtpx:TrackPointExtension>
            <gpxtpx:atemp>34</gpxtpx:atemp>
            <gpxtpx:hr>87</gpxtpx:hr>
            <gpxtpx:cad>0</gpxtpx:cad>
          </gpxtpx:TrackPointExtension>
          <gpxx:TrackPointExtension>
            <gpxx:Temperature>34</gpxx:Temperature>
          </gpxx:TrackPointExtension>
        </extensions>
      </trkpt>
      <trkpt lat="42.758859973400831" lon="-0.510263023898005">
        <ele>1260.4000000000001</ele>
        <time>2026-07-08T10:23:47Z</time>
        <extensions>
          <gpxtpx:TrackPointExtension>
            <gpxtpx:atemp>34</gpxtpx:atemp>
            <gpxtpx:hr>86</gpxtpx:hr>
            <gpxtpx:cad>0</gpxtpx:cad>
          </gpxtpx:TrackPointExtension>
          <gpxx:TrackPointExtension>
            <gpxx:Temperature>34</gpxx:Temperature>
          </gpxx:TrackPointExtension>
        </extensions>
      </trkpt>
      <trkpt lat="42.758866008371115" lon="-0.51027299836278">
        <ele>1260.2</ele>
        <time>2026-07-08T10:23:51Z</time>
        <extensions>
          <gpxtpx:TrackPointExtension>
            <gpxtpx:atemp>34</gpxtpx:atemp>
            <gpxtpx:hr>84</gpxtpx:hr>
            <gpxtpx:cad>0</gpxtpx:cad>
          </gpxtpx:TrackPointExtension>
          <gpxx:TrackPointExtension>
            <gpxx:Temperature>34</gpxx:Temperature>
          </gpxx:TrackPointExtension>
        </extensions>
      </trkpt>
      <trkpt lat="42.758857039734721" lon="-0.510309040546417">
        <ele>1259.8</ele>
        <time>2026-07-08T10:23:54Z</time>
        <extensions>
          <gpxtpx:TrackPointExtension>
            <gpxtpx:atemp>34</gpxtpx:atemp>
            <gpxtpx:hr>87</gpxtpx:hr>
            <gpxtpx:cad>0</gpxtpx:cad>
          </gpxtpx:TrackPointExtension>
          <gpxx:TrackPointExtension>
            <gpxx:Temperature>34</gpxx:Temperature>
          </gpxx:TrackPointExtension>
        </extensions>
      </trkpt>
      <trkpt lat="42.758859973400831" lon="-0.510309040546417">
        <ele>1259.8</ele>
        <time>2026-07-08T10:23:56Z</time>
        <extensions>
          <gpxtpx:TrackPointExtension>
            <gpxtpx:atemp>34</gpxtpx:atemp>
            <gpxtpx:hr>88</gpxtpx:hr>
            <gpxtpx:cad>0</gpxtpx:cad>
          </gpxtpx:TrackPointExtension>
          <gpxx:TrackPointExtension>
            <gpxx:Temperature>34</gpxx:Temperature>
          </gpxx:TrackPointExtension>
        </extensions>
      </trkpt>
      <trkpt lat="42.758801970630884" lon="-0.510344998911023">
        <ele>1260</ele>
        <time>2026-07-08T10:24:01Z</time>
        <extensions>
          <gpxtpx:TrackPointExtension>
            <gpxtpx:atemp>34</gpxtpx:atemp>
            <gpxtpx:hr>89</gpxtpx:hr>
            <gpxtpx:cad>0</gpxtpx:cad>
          </gpxtpx:TrackPointExtension>
          <gpxx:TrackPointExtension>
            <gpxx:Temperature>34</gpxx:Temperature>
          </gpxx:TrackPointExtension>
        </extensions>
      </trkpt>
      <trkpt lat="42.758790990337729" lon="-0.510350028052926">
        <ele>1260</ele>
        <time>2026-07-08T10:24:02Z</time>
        <extensions>
          <gpxtpx:TrackPointExtension>
            <gpxtpx:atemp>34</gpxtpx:atemp>
            <gpxtpx:hr>87</gpxtpx:hr>
            <gpxtpx:cad>0</gpxtpx:cad>
          </gpxtpx:TrackPointExtension>
          <gpxx:TrackPointExtension>
            <gpxx:Temperature>34</gpxx:Temperature>
          </gpxx:TrackPointExtension>
        </extensions>
      </trkpt>
      <trkpt lat="42.758752014487982" lon="-0.510366959497333">
        <ele>1259.8</ele>
        <time>2026-07-08T10:24:04Z</time>
        <extensions>
          <gpxtpx:TrackPointExtension>
            <gpxtpx:atemp>34</gpxtpx:atemp>
            <gpxtpx:hr>88</gpxtpx:hr>
            <gpxtpx:cad>48</gpxtpx:cad>
          </gpxtpx:TrackPointExtension>
          <gpxx:TrackPointExtension>
            <gpxx:Temperature>34</gpxx:Temperature>
          </gpxx:TrackPointExtension>
        </extensions>
      </trkpt>
      <trkpt lat="42.758721001446247" lon="-0.510410964488983">
        <ele>1259.5999999999999</ele>
        <time>2026-07-08T10:24:07Z</time>
        <extensions>
          <gpxtpx:TrackPointExtension>
            <gpxtpx:atemp>34</gpxtpx:atemp>
            <gpxtpx:hr>89</gpxtpx:hr>
            <gpxtpx:cad>49</gpxtpx:cad>
          </gpxtpx:TrackPointExtension>
          <gpxx:TrackPointExtension>
            <gpxx:Temperature>34</gpxx:Temperature>
          </gpxx:TrackPointExtension>
        </extensions>
      </trkpt>
      <trkpt lat="42.758654030039907" lon="-0.51046603359282">
        <ele>1259.2</ele>
        <time>2026-07-08T10:24:13Z</time>
        <extensions>
          <gpxtpx:TrackPointExtension>
            <gpxtpx:atemp>34</gpxtpx:atemp>
            <gpxtpx:hr>90</gpxtpx:hr>
            <gpxtpx:cad>50</gpxtpx:cad>
          </gpxtpx:TrackPointExtension>
          <gpxx:TrackPointExtension>
            <gpxx:Temperature>34</gpxx:Temperature>
          </gpxx:TrackPointExtension>
        </extensions>
      </trkpt>
      <trkpt lat="42.758598038926721" lon="-0.510514983907342">
        <ele>1258.8</ele>
        <time>2026-07-08T10:24:20Z</time>
        <extensions>
          <gpxtpx:TrackPointExtension>
            <gpxtpx:atemp>34</gpxtpx:atemp>
            <gpxtpx:hr>90</gpxtpx:hr>
            <gpxtpx:cad>51</gpxtpx:cad>
          </gpxtpx:TrackPointExtension>
          <gpxx:TrackPointExtension>
            <gpxx:Temperature>34</gpxx:Temperature>
          </gpxx:TrackPointExtension>
        </extensions>
      </trkpt>
      <trkpt lat="42.758584963157773" lon="-0.510522024706006">
        <ele>1258.5999999999999</ele>
        <time>2026-07-08T10:24:22Z</time>
        <extensions>
          <gpxtpx:TrackPointExtension>
            <gpxtpx:atemp>34</gpxtpx:atemp>
            <gpxtpx:hr>90</gpxtpx:hr>
            <gpxtpx:cad>51</gpxtpx:cad>
          </gpxtpx:TrackPointExtension>
          <gpxx:TrackPointExtension>
            <gpxx:Temperature>34</gpxx:Temperature>
          </gpxx:TrackPointExtension>
        </extensions>
      </trkpt>
      <trkpt lat="42.758512040600181" lon="-0.510607017204165">
        <ele>1258.4000000000001</ele>
        <time>2026-07-08T10:24:30Z</time>
        <extensions>
          <gpxtpx:TrackPointExtension>
            <gpxtpx:atemp>34</gpxtpx:atemp>
            <gpxtpx:hr>90</gpxtpx:hr>
            <gpxtpx:cad>52</gpxtpx:cad>
          </gpxtpx:TrackPointExtension>
          <gpxx:TrackPointExtension>
            <gpxx:Temperature>34</gpxx:Temperature>
          </gpxx:TrackPointExtension>
        </extensions>
      </trkpt>
      <trkpt lat="42.758425958454609" lon="-0.51072402857244">
        <ele>1258</ele>
        <time>2026-07-08T10:24:41Z</time>
        <extensions>
          <gpxtpx:TrackPointExtension>
            <gpxtpx:atemp>33</gpxtpx:atemp>
            <gpxtpx:hr>86</gpxtpx:hr>
            <gpxtpx:cad>50</gpxtpx:cad>
          </gpxtpx:TrackPointExtension>
          <gpxx:TrackPointExtension>
            <gpxx:Temperature>33</gpxx:Temperature>
          </gpxx:TrackPointExtension>
        </extensions>
      </trkpt>
      <trkpt lat="42.758420007303357" lon="-0.510732997208834">
        <ele>1257.8</ele>
        <time>2026-07-08T10:24:42Z</time>
        <extensions>
          <gpxtpx:TrackPointExtension>
            <gpxtpx:atemp>33</gpxtpx:atemp>
            <gpxtpx:hr>85</gpxtpx:hr>
            <gpxtpx:cad>50</gpxtpx:cad>
          </gpxtpx:TrackPointExtension>
          <gpxx:TrackPointExtension>
            <gpxx:Temperature>33</gpxx:Temperature>
          </gpxx:TrackPointExtension>
        </extensions>
      </trkpt>
      <trkpt lat="42.758411038666964" lon="-0.510742971673608">
        <ele>1257.8</ele>
        <time>2026-07-08T10:24:43Z</time>
        <extensions>
          <gpxtpx:TrackPointExtension>
            <gpxtpx:atemp>33</gpxtpx:atemp>
            <gpxtpx:hr>86</gpxtpx:hr>
            <gpxtpx:cad>50</gpxtpx:cad>
          </gpxtpx:TrackPointExtension>
          <gpxx:TrackPointExtension>
            <gpxx:Temperature>33</gpxx:Temperature>
          </gpxx:TrackPointExtension>
        </extensions>
      </trkpt>
      <trkpt lat="42.758397040888667" lon="-0.510763004422188">
        <ele>1257.8</ele>
        <time>2026-07-08T10:24:45Z</time>
        <extensions>
          <gpxtpx:TrackPointExtension>
            <gpxtpx:atemp>33</gpxtpx:atemp>
            <gpxtpx:hr>87</gpxtpx:hr>
            <gpxtpx:cad>50</gpxtpx:cad>
          </gpxtpx:TrackPointExtension>
          <gpxx:TrackPointExtension>
            <gpxx:Temperature>33</gpxx:Temperature>
          </gpxx:TrackPointExtension>
        </extensions>
      </trkpt>
      <trkpt lat="42.758382959291339" lon="-0.51076996140182">
        <ele>1257.2</ele>
        <time>2026-07-08T10:24:48Z</time>
        <extensions>
          <gpxtpx:TrackPointExtension>
            <gpxtpx:atemp>33</gpxtpx:atemp>
            <gpxtpx:hr>90</gpxtpx:hr>
            <gpxtpx:cad>51</gpxtpx:cad>
          </gpxtpx:TrackPointExtension>
          <gpxx:TrackPointExtension>
            <gpxx:Temperature>33</gpxx:Temperature>
          </gpxx:TrackPointExtension>
        </extensions>
      </trkpt>
      <trkpt lat="42.758369967341423" lon="-0.510779013857245">
        <ele>1257</ele>
        <time>2026-07-08T10:24:49Z</time>
        <extensions>
          <gpxtpx:TrackPointExtension>
            <gpxtpx:atemp>33</gpxtpx:atemp>
            <gpxtpx:hr>90</gpxtpx:hr>
            <gpxtpx:cad>51</gpxtpx:cad>
          </gpxtpx:TrackPointExtension>
          <gpxx:TrackPointExtension>
            <gpxx:Temperature>33</gpxx:Temperature>
          </gpxx:TrackPointExtension>
        </extensions>
      </trkpt>
      <trkpt lat="42.758345995098352" lon="-0.510793011635542">
        <ele>1257</ele>
        <time>2026-07-08T10:24:51Z</time>
        <extensions>
          <gpxtpx:TrackPointExtension>
            <gpxtpx:atemp>33</gpxtpx:atemp>
            <gpxtpx:hr>93</gpxtpx:hr>
            <gpxtpx:cad>0</gpxtpx:cad>
          </gpxtpx:TrackPointExtension>
          <gpxx:TrackPointExtension>
            <gpxx:Temperature>33</gpxx:Temperature>
          </gpxx:TrackPointExtension>
        </extensions>
      </trkpt>
      <trkpt lat="42.758325962349772" lon="-0.5108090210706">
        <ele>1257.2</ele>
        <time>2026-07-08T10:24:53Z</time>
        <extensions>
          <gpxtpx:TrackPointExtension>
            <gpxtpx:atemp>33</gpxtpx:atemp>
            <gpxtpx:hr>89</gpxtpx:hr>
            <gpxtpx:cad>49</gpxtpx:cad>
          </gpxtpx:TrackPointExtension>
          <gpxx:TrackPointExtension>
            <gpxx:Temperature>33</gpxx:Temperature>
          </gpxx:TrackPointExtension>
        </extensions>
      </trkpt>
      <trkpt lat="42.758304001763463" lon="-0.510829975828528">
        <ele>1257</ele>
        <time>2026-07-08T10:24:56Z</time>
        <extensions>
          <gpxtpx:TrackPointExtension>
            <gpxtpx:atemp>33</gpxtpx:atemp>
            <gpxtpx:hr>90</gpxtpx:hr>
            <gpxtpx:cad>49</gpxtpx:cad>
          </gpxtpx:TrackPointExtension>
          <gpxx:TrackPointExtension>
            <gpxx:Temperature>33</gpxx:Temperature>
          </gpxx:TrackPointExtension>
        </extensions>
      </trkpt>
      <trkpt lat="42.75825303979218" lon="-0.510872974991798">
        <ele>1256.5999999999999</ele>
        <time>2026-07-08T10:25:01Z</time>
        <extensions>
          <gpxtpx:TrackPointExtension>
            <gpxtpx:atemp>33</gpxtpx:atemp>
            <gpxtpx:hr>87</gpxtpx:hr>
            <gpxtpx:cad>49</gpxtpx:cad>
          </gpxtpx:TrackPointExtension>
          <gpxx:TrackPointExtension>
            <gpxx:Temperature>33</gpxx:Temperature>
          </gpxx:TrackPointExtension>
        </extensions>
      </trkpt>
      <trkpt lat="42.758219009265304" lon="-0.510913040488958">
        <ele>1256.4000000000001</ele>
        <time>2026-07-08T10:25:05Z</time>
        <extensions>
          <gpxtpx:TrackPointExtension>
            <gpxtpx:atemp>33</gpxtpx:atemp>
            <gpxtpx:hr>86</gpxtpx:hr>
            <gpxtpx:cad>50</gpxtpx:cad>
          </gpxtpx:TrackPointExtension>
          <gpxx:TrackPointExtension>
            <gpxx:Temperature>33</gpxx:Temperature>
          </gpxx:TrackPointExtension>
        </extensions>
      </trkpt>
      <trkpt lat="42.758209034800529" lon="-0.51091798581183">
        <ele>1256.2</ele>
        <time>2026-07-08T10:25:06Z</time>
        <extensions>
          <gpxtpx:TrackPointExtension>
            <gpxtpx:atemp>33</gpxtpx:atemp>
            <gpxtpx:hr>86</gpxtpx:hr>
            <gpxtpx:cad>50</gpxtpx:cad>
          </gpxtpx:TrackPointExtension>
          <gpxx:TrackPointExtension>
            <gpxx:Temperature>33</gpxx:Temperature>
          </gpxx:TrackPointExtension>
        </extensions>
      </trkpt>
      <trkpt lat="42.758187996223569" lon="-0.510930977761745">
        <ele>1255.4000000000001</ele>
        <time>2026-07-08T10:25:08Z</time>
        <extensions>
          <gpxtpx:TrackPointExtension>
            <gpxtpx:atemp>33</gpxtpx:atemp>
            <gpxtpx:hr>85</gpxtpx:hr>
            <gpxtpx:cad>49</gpxtpx:cad>
          </gpxtpx:TrackPointExtension>
          <gpxx:TrackPointExtension>
            <gpxx:Temperature>33</gpxx:Temperature>
          </gpxx:TrackPointExtension>
        </extensions>
      </trkpt>
      <trkpt lat="42.758178021758795" lon="-0.510942041873932">
        <ele>1255.4000000000001</ele>
        <time>2026-07-08T10:25:10Z</time>
        <extensions>
          <gpxtpx:TrackPointExtension>
            <gpxtpx:atemp>33</gpxtpx:atemp>
            <gpxtpx:hr>88</gpxtpx:hr>
            <gpxtpx:cad>51</gpxtpx:cad>
          </gpxtpx:TrackPointExtension>
          <gpxx:TrackPointExtension>
            <gpxx:Temperature>33</gpxx:Temperature>
          </gpxx:TrackPointExtension>
        </extensions>
      </trkpt>
      <trkpt lat="42.75816704146564" lon="-0.510943969711661">
        <ele>1255.4000000000001</ele>
        <time>2026-07-08T10:25:11Z</time>
        <extensions>
          <gpxtpx:TrackPointExtension>
            <gpxtpx:atemp>33</gpxtpx:atemp>
            <gpxtpx:hr>88</gpxtpx:hr>
            <gpxtpx:cad>51</gpxtpx:cad>
          </gpxtpx:TrackPointExtension>
          <gpxx:TrackPointExtension>
            <gpxx:Temperature>33</gpxx:Temperature>
          </gpxx:TrackPointExtension>
        </extensions>
      </trkpt>
      <trkpt lat="42.75814600288868" lon="-0.510983029380441">
        <ele>1255.2</ele>
        <time>2026-07-08T10:25:15Z</time>
        <extensions>
          <gpxtpx:TrackPointExtension>
            <gpxtpx:atemp>33</gpxtpx:atemp>
            <gpxtpx:hr>88</gpxtpx:hr>
            <gpxtpx:cad>50</gpxtpx:cad>
          </gpxtpx:TrackPointExtension>
          <gpxx:TrackPointExtension>
            <gpxx:Temperature>33</gpxx:Temperature>
          </gpxx:TrackPointExtension>
        </extensions>
      </trkpt>
      <trkpt lat="42.758119013160467" lon="-0.511026028543711">
        <ele>1255.4000000000001</ele>
        <time>2026-07-08T10:25:18Z</time>
        <extensions>
          <gpxtpx:TrackPointExtension>
            <gpxtpx:atemp>33</gpxtpx:atemp>
            <gpxtpx:hr>89</gpxtpx:hr>
            <gpxtpx:cad>50</gpxtpx:cad>
          </gpxtpx:TrackPointExtension>
          <gpxx:TrackPointExtension>
            <gpxx:Temperature>33</gpxx:Temperature>
          </gpxx:TrackPointExtension>
        </extensions>
      </trkpt>
      <trkpt lat="42.758057992905378" lon="-0.511103980243206">
        <ele>1254.5999999999999</ele>
        <time>2026-07-08T10:25:25Z</time>
        <extensions>
          <gpxtpx:TrackPointExtension>
            <gpxtpx:atemp>33</gpxtpx:atemp>
            <gpxtpx:hr>92</gpxtpx:hr>
            <gpxtpx:cad>53</gpxtpx:cad>
          </gpxtpx:TrackPointExtension>
          <gpxx:TrackPointExtension>
            <gpxx:Temperature>33</gpxx:Temperature>
          </gpxx:TrackPointExtension>
        </extensions>
      </trkpt>
      <trkpt lat="42.758063022047281" lon="-0.511106997728348">
        <ele>1254.4000000000001</ele>
        <time>2026-07-08T10:25:26Z</time>
        <extensions>
          <gpxtpx:TrackPointExtension>
            <gpxtpx:atemp>33</gpxtpx:atemp>
            <gpxtpx:hr>90</gpxtpx:hr>
            <gpxtpx:cad>53</gpxtpx:cad>
          </gpxtpx:TrackPointExtension>
          <gpxx:TrackPointExtension>
            <gpxx:Temperature>33</gpxx:Temperature>
          </gpxx:TrackPointExtension>
        </extensions>
      </trkpt>
      <trkpt lat="42.758068973198533" lon="-0.511113032698631">
        <ele>1254.2</ele>
        <time>2026-07-08T10:25:27Z</time>
        <extensions>
          <gpxtpx:TrackPointExtension>
            <gpxtpx:atemp>33</gpxtpx:atemp>
            <gpxtpx:hr>90</gpxtpx:hr>
            <gpxtpx:cad>53</gpxtpx:cad>
          </gpxtpx:TrackPointExtension>
          <gpxx:TrackPointExtension>
            <gpxx:Temperature>33</gpxx:Temperature>
          </gpxx:TrackPointExtension>
        </extensions>
      </trkpt>
      <trkpt lat="42.757990015670657" lon="-0.511184027418494">
        <ele>1254</ele>
        <time>2026-07-08T10:25:34Z</time>
        <extensions>
          <gpxtpx:TrackPointExtension>
            <gpxtpx:atemp>33</gpxtpx:atemp>
            <gpxtpx:hr>87</gpxtpx:hr>
            <gpxtpx:cad>50</gpxtpx:cad>
          </gpxtpx:TrackPointExtension>
          <gpxx:TrackPointExtension>
            <gpxx:Temperature>33</gpxx:Temperature>
          </gpxx:TrackPointExtension>
        </extensions>
      </trkpt>
      <trkpt lat="42.757939975708723" lon="-0.511204982176423">
        <ele>1253.8</ele>
        <time>2026-07-08T10:25:38Z</time>
        <extensions>
          <gpxtpx:TrackPointExtension>
            <gpxtpx:atemp>33</gpxtpx:atemp>
            <gpxtpx:hr>85</gpxtpx:hr>
            <gpxtpx:cad>52</gpxtpx:cad>
          </gpxtpx:TrackPointExtension>
          <gpxx:TrackPointExtension>
            <gpxx:Temperature>33</gpxx:Temperature>
          </gpxx:TrackPointExtension>
        </extensions>
      </trkpt>
      <trkpt lat="42.75791198015213" lon="-0.511217974126339">
        <ele>1253.5999999999999</ele>
        <time>2026-07-08T10:25:40Z</time>
        <extensions>
          <gpxtpx:TrackPointExtension>
            <gpxtpx:atemp>33</gpxtpx:atemp>
            <gpxtpx:hr>85</gpxtpx:hr>
            <gpxtpx:cad>52</gpxtpx:cad>
          </gpxtpx:TrackPointExtension>
          <gpxx:TrackPointExtension>
            <gpxx:Temperature>33</gpxx:Temperature>
          </gpxx:TrackPointExtension>
        </extensions>
      </trkpt>
      <trkpt lat="42.757904017344117" lon="-0.511216968297958">
        <ele>1253.5999999999999</ele>
        <time>2026-07-08T10:25:41Z</time>
        <extensions>
          <gpxtpx:TrackPointExtension>
            <gpxtpx:atemp>33</gpxtpx:atemp>
            <gpxtpx:hr>82</gpxtpx:hr>
            <gpxtpx:cad>50</gpxtpx:cad>
          </gpxtpx:TrackPointExtension>
          <gpxx:TrackPointExtension>
            <gpxx:Temperature>33</gpxx:Temperature>
          </gpxx:TrackPointExtension>
        </extensions>
      </trkpt>
      <trkpt lat="42.757871998474002" lon="-0.511233983561397">
        <ele>1253.4000000000001</ele>
        <time>2026-07-08T10:25:44Z</time>
        <extensions>
          <gpxtpx:TrackPointExtension>
            <gpxtpx:atemp>33</gpxtpx:atemp>
            <gpxtpx:hr>83</gpxtpx:hr>
            <gpxtpx:cad>50</gpxtpx:cad>
          </gpxtpx:TrackPointExtension>
          <gpxx:TrackPointExtension>
            <gpxx:Temperature>33</gpxx:Temperature>
          </gpxx:TrackPointExtension>
        </extensions>
      </trkpt>
      <trkpt lat="42.757861018180847" lon="-0.511233983561397">
        <ele>1253.4000000000001</ele>
        <time>2026-07-08T10:25:45Z</time>
        <extensions>
          <gpxtpx:TrackPointExtension>
            <gpxtpx:atemp>33</gpxtpx:atemp>
            <gpxtpx:hr>80</gpxtpx:hr>
            <gpxtpx:cad>50</gpxtpx:cad>
          </gpxtpx:TrackPointExtension>
          <gpxx:TrackPointExtension>
            <gpxx:Temperature>33</gpxx:Temperature>
          </gpxx:TrackPointExtension>
        </extensions>
      </trkpt>
      <trkpt lat="42.757831010967493" lon="-0.511223003268242">
        <ele>1253.2</ele>
        <time>2026-07-08T10:25:48Z</time>
        <extensions>
          <gpxtpx:TrackPointExtension>
            <gpxtpx:atemp>33</gpxtpx:atemp>
            <gpxtpx:hr>81</gpxtpx:hr>
            <gpxtpx:cad>50</gpxtpx:cad>
          </gpxtpx:TrackPointExtension>
          <gpxx:TrackPointExtension>
            <gpxx:Temperature>33</gpxx:Temperature>
          </gpxx:TrackPointExtension>
        </extensions>
      </trkpt>
      <trkpt lat="42.757813995704055" lon="-0.511211017146707">
        <ele>1252.8</ele>
        <time>2026-07-08T10:25:50Z</time>
        <extensions>
          <gpxtpx:TrackPointExtension>
            <gpxtpx:atemp>33</gpxtpx:atemp>
            <gpxtpx:hr>76</gpxtpx:hr>
            <gpxtpx:cad>49</gpxtpx:cad>
          </gpxtpx:TrackPointExtension>
          <gpxx:TrackPointExtension>
            <gpxx:Temperature>33</gpxx:Temperature>
          </gpxx:TrackPointExtension>
        </extensions>
      </trkpt>
      <trkpt lat="42.757807038724422" lon="-0.511204982176423">
        <ele>1252.5999999999999</ele>
        <time>2026-07-08T10:25:51Z</time>
        <extensions>
          <gpxtpx:TrackPointExtension>
            <gpxtpx:atemp>33</gpxtpx:atemp>
            <gpxtpx:hr>79</gpxtpx:hr>
            <gpxtpx:cad>49</gpxtpx:cad>
          </gpxtpx:TrackPointExtension>
          <gpxx:TrackPointExtension>
            <gpxx:Temperature>33</gpxx:Temperature>
          </gpxx:TrackPointExtension>
        </extensions>
      </trkpt>
      <trkpt lat="42.757791029289365" lon="-0.511199031025171">
        <ele>1252.4000000000001</ele>
        <time>2026-07-08T10:25:53Z</time>
        <extensions>
          <gpxtpx:TrackPointExtension>
            <gpxtpx:atemp>33</gpxtpx:atemp>
            <gpxtpx:hr>82</gpxtpx:hr>
            <gpxtpx:cad>49</gpxtpx:cad>
          </gpxtpx:TrackPointExtension>
          <gpxx:TrackPointExtension>
            <gpxx:Temperature>33</gpxx:Temperature>
          </gpxx:TrackPointExtension>
        </extensions>
      </trkpt>
      <trkpt lat="42.757776025682688" lon="-0.511184027418494">
        <ele>1252.4000000000001</ele>
        <time>2026-07-08T10:25:55Z</time>
        <extensions>
          <gpxtpx:TrackPointExtension>
            <gpxtpx:atemp>33</gpxtpx:atemp>
            <gpxtpx:hr>85</gpxtpx:hr>
            <gpxtpx:cad>50</gpxtpx:cad>
          </gpxtpx:TrackPointExtension>
          <gpxx:TrackPointExtension>
            <gpxx:Temperature>33</gpxx:Temperature>
          </gpxx:TrackPointExtension>
        </extensions>
      </trkpt>
      <trkpt lat="42.757767979055643" lon="-0.511174974963069">
        <ele>1252.2</ele>
        <time>2026-07-08T10:25:56Z</time>
        <extensions>
          <gpxtpx:TrackPointExtension>
            <gpxtpx:atemp>33</gpxtpx:atemp>
            <gpxtpx:hr>86</gpxtpx:hr>
            <gpxtpx:cad>50</gpxtpx:cad>
          </gpxtpx:TrackPointExtension>
          <gpxx:TrackPointExtension>
            <gpxx:Temperature>33</gpxx:Temperature>
          </gpxx:TrackPointExtension>
        </extensions>
      </trkpt>
      <trkpt lat="42.75776001624763" lon="-0.511171035468578">
        <ele>1252.2</ele>
        <time>2026-07-08T10:25:57Z</time>
        <extensions>
          <gpxtpx:TrackPointExtension>
            <gpxtpx:atemp>33</gpxtpx:atemp>
            <gpxtpx:hr>90</gpxtpx:hr>
            <gpxtpx:cad>50</gpxtpx:cad>
          </gpxtpx:TrackPointExtension>
          <gpxx:TrackPointExtension>
            <gpxx:Temperature>33</gpxx:Temperature>
          </gpxx:TrackPointExtension>
        </extensions>
      </trkpt>
      <trkpt lat="42.757750963792205" lon="-0.511166006326675">
        <ele>1252.2</ele>
        <time>2026-07-08T10:25:58Z</time>
        <extensions>
          <gpxtpx:TrackPointExtension>
            <gpxtpx:atemp>33</gpxtpx:atemp>
            <gpxtpx:hr>88</gpxtpx:hr>
            <gpxtpx:cad>50</gpxtpx:cad>
          </gpxtpx:TrackPointExtension>
          <gpxx:TrackPointExtension>
            <gpxx:Temperature>33</gpxx:Temperature>
          </gpxx:TrackPointExtension>
        </extensions>
      </trkpt>
      <trkpt lat="42.757676029577851" lon="-0.511122001335025">
        <ele>1251.4000000000001</ele>
        <time>2026-07-08T10:26:06Z</time>
        <extensions>
          <gpxtpx:TrackPointExtension>
            <gpxtpx:atemp>33</gpxtpx:atemp>
            <gpxtpx:hr>88</gpxtpx:hr>
            <gpxtpx:cad>52</gpxtpx:cad>
          </gpxtpx:TrackPointExtension>
          <gpxx:TrackPointExtension>
            <gpxx:Temperature>33</gpxx:Temperature>
          </gpxx:TrackPointExtension>
        </extensions>
      </trkpt>
      <trkpt lat="42.757665971294045" lon="-0.511117978021502">
        <ele>1251.2</ele>
        <time>2026-07-08T10:26:07Z</time>
        <extensions>
          <gpxtpx:TrackPointExtension>
            <gpxtpx:atemp>33</gpxtpx:atemp>
            <gpxtpx:hr>88</gpxtpx:hr>
            <gpxtpx:cad>52</gpxtpx:cad>
          </gpxtpx:TrackPointExtension>
          <gpxx:TrackPointExtension>
            <gpxx:Temperature>33</gpxx:Temperature>
          </gpxx:TrackPointExtension>
        </extensions>
      </trkpt>
      <trkpt lat="42.757598999887705" lon="-0.511062992736697">
        <ele>1250.2</ele>
        <time>2026-07-08T10:26:14Z</time>
        <extensions>
          <gpxtpx:TrackPointExtension>
            <gpxtpx:atemp>33</gpxtpx:atemp>
            <gpxtpx:hr>90</gpxtpx:hr>
            <gpxtpx:cad>53</gpxtpx:cad>
          </gpxtpx:TrackPointExtension>
          <gpxx:TrackPointExtension>
            <gpxx:Temperature>33</gpxx:Temperature>
          </gpxx:TrackPointExtension>
        </extensions>
      </trkpt>
      <trkpt lat="42.75758701376617" lon="-0.511062992736697">
        <ele>1250.2</ele>
        <time>2026-07-08T10:26:15Z</time>
        <extensions>
          <gpxtpx:TrackPointExtension>
            <gpxtpx:atemp>33</gpxtpx:atemp>
            <gpxtpx:hr>87</gpxtpx:hr>
            <gpxtpx:cad>53</gpxtpx:cad>
          </gpxtpx:TrackPointExtension>
          <gpxx:TrackPointExtension>
            <gpxx:Temperature>33</gpxx:Temperature>
          </gpxx:TrackPointExtension>
        </extensions>
      </trkpt>
      <trkpt lat="42.757560024037957" lon="-0.511040026322007">
        <ele>1249.8</ele>
        <time>2026-07-08T10:26:18Z</time>
        <extensions>
          <gpxtpx:TrackPointExtension>
            <gpxtpx:atemp>33</gpxtpx:atemp>
            <gpxtpx:hr>85</gpxtpx:hr>
            <gpxtpx:cad>51</gpxtpx:cad>
          </gpxtpx:TrackPointExtension>
          <gpxx:TrackPointExtension>
            <gpxx:Temperature>33</gpxx:Temperature>
          </gpxx:TrackPointExtension>
        </extensions>
      </trkpt>
      <trkpt lat="42.757534962147474" lon="-0.511026028543711">
        <ele>1249.4000000000001</ele>
        <time>2026-07-08T10:26:20Z</time>
        <extensions>
          <gpxtpx:TrackPointExtension>
            <gpxtpx:atemp>33</gpxtpx:atemp>
            <gpxtpx:hr>84</gpxtpx:hr>
            <gpxtpx:cad>0</gpxtpx:cad>
          </gpxtpx:TrackPointExtension>
          <gpxx:TrackPointExtension>
            <gpxx:Temperature>33</gpxx:Temperature>
          </gpxx:TrackPointExtension>
        </extensions>
      </trkpt>
      <trkpt lat="42.757522976025939" lon="-0.511022005230188">
        <ele>1249.2</ele>
        <time>2026-07-08T10:26:21Z</time>
        <extensions>
          <gpxtpx:TrackPointExtension>
            <gpxtpx:atemp>33</gpxtpx:atemp>
            <gpxtpx:hr>84</gpxtpx:hr>
            <gpxtpx:cad>0</gpxtpx:cad>
          </gpxtpx:TrackPointExtension>
          <gpxx:TrackPointExtension>
            <gpxx:Temperature>33</gpxx:Temperature>
          </gpxx:TrackPointExtension>
        </extensions>
      </trkpt>
      <trkpt lat="42.757457010447979" lon="-0.510996021330357">
        <ele>1249</ele>
        <time>2026-07-08T10:26:26Z</time>
        <extensions>
          <gpxtpx:TrackPointExtension>
            <gpxtpx:atemp>33</gpxtpx:atemp>
            <gpxtpx:hr>81</gpxtpx:hr>
            <gpxtpx:cad>0</gpxtpx:cad>
          </gpxtpx:TrackPointExtension>
          <gpxx:TrackPointExtension>
            <gpxx:Temperature>33</gpxx:Temperature>
          </gpxx:TrackPointExtension>
        </extensions>
      </trkpt>
      <trkpt lat="42.757422979921103" lon="-0.510976994410157">
        <ele>1249</ele>
        <time>2026-07-08T10:26:29Z</time>
        <extensions>
          <gpxtpx:TrackPointExtension>
            <gpxtpx:atemp>33</gpxtpx:atemp>
            <gpxtpx:hr>81</gpxtpx:hr>
            <gpxtpx:cad>0</gpxtpx:cad>
          </gpxtpx:TrackPointExtension>
          <gpxx:TrackPointExtension>
            <gpxx:Temperature>33</gpxx:Temperature>
          </gpxx:TrackPointExtension>
        </extensions>
      </trkpt>
      <trkpt lat="42.757422979921103" lon="-0.51096199080348">
        <ele>1248.8</ele>
        <time>2026-07-08T10:26:30Z</time>
        <extensions>
          <gpxtpx:TrackPointExtension>
            <gpxtpx:atemp>33</gpxtpx:atemp>
            <gpxtpx:hr>81</gpxtpx:hr>
            <gpxtpx:cad>0</gpxtpx:cad>
          </gpxtpx:TrackPointExtension>
          <gpxx:TrackPointExtension>
            <gpxx:Temperature>33</gpxx:Temperature>
          </gpxx:TrackPointExtension>
        </extensions>
      </trkpt>
      <trkpt lat="42.757334969937801" lon="-0.510916979983449">
        <ele>1248</ele>
        <time>2026-07-08T10:26:37Z</time>
        <extensions>
          <gpxtpx:TrackPointExtension>
            <gpxtpx:atemp>33</gpxtpx:atemp>
            <gpxtpx:hr>82</gpxtpx:hr>
            <gpxtpx:cad>52</gpxtpx:cad>
          </gpxtpx:TrackPointExtension>
          <gpxx:TrackPointExtension>
            <gpxx:Temperature>33</gpxx:Temperature>
          </gpxx:TrackPointExtension>
        </extensions>
      </trkpt>
      <trkpt lat="42.757278978824615" lon="-0.510907005518675">
        <ele>1247.2</ele>
        <time>2026-07-08T10:26:42Z</time>
        <extensions>
          <gpxtpx:TrackPointExtension>
            <gpxtpx:atemp>33</gpxtpx:atemp>
            <gpxtpx:hr>79</gpxtpx:hr>
            <gpxtpx:cad>51</gpxtpx:cad>
          </gpxtpx:TrackPointExtension>
          <gpxx:TrackPointExtension>
            <gpxx:Temperature>33</gpxx:Temperature>
          </gpxx:TrackPointExtension>
        </extensions>
      </trkpt>
      <trkpt lat="42.757221981883049" lon="-0.510913962498307">
        <ele>1247.2</ele>
        <time>2026-07-08T10:26:46Z</time>
        <extensions>
          <gpxtpx:TrackPointExtension>
            <gpxtpx:atemp>33</gpxtpx:atemp>
            <gpxtpx:hr>78</gpxtpx:hr>
            <gpxtpx:cad>51</gpxtpx:cad>
          </gpxtpx:TrackPointExtension>
          <gpxx:TrackPointExtension>
            <gpxx:Temperature>33</gpxx:Temperature>
          </gpxx:TrackPointExtension>
        </extensions>
      </trkpt>
      <trkpt lat="42.757185017690063" lon="-0.510924020782113">
        <ele>1247</ele>
        <time>2026-07-08T10:26:49Z</time>
        <extensions>
          <gpxtpx:TrackPointExtension>
            <gpxtpx:atemp>33</gpxtpx:atemp>
            <gpxtpx:hr>79</gpxtpx:hr>
            <gpxtpx:cad>51</gpxtpx:cad>
          </gpxtpx:TrackPointExtension>
          <gpxx:TrackPointExtension>
            <gpxx:Temperature>33</gpxx:Temperature>
          </gpxx:TrackPointExtension>
        </extensions>
      </trkpt>
      <trkpt lat="42.757160039618611" lon="-0.510924020782113">
        <ele>1246.2</ele>
        <time>2026-07-08T10:26:53Z</time>
        <extensions>
          <gpxtpx:TrackPointExtension>
            <gpxtpx:atemp>33</gpxtpx:atemp>
            <gpxtpx:hr>78</gpxtpx:hr>
            <gpxtpx:cad>50</gpxtpx:cad>
          </gpxtpx:TrackPointExtension>
          <gpxx:TrackPointExtension>
            <gpxx:Temperature>33</gpxx:Temperature>
          </gpxx:TrackPointExtension>
        </extensions>
      </trkpt>
      <trkpt lat="42.757149981334805" lon="-0.510926032438874">
        <ele>1245.8</ele>
        <time>2026-07-08T10:26:56Z</time>
        <extensions>
          <gpxtpx:TrackPointExtension>
            <gpxtpx:atemp>33</gpxtpx:atemp>
            <gpxtpx:hr>77</gpxtpx:hr>
            <gpxtpx:cad>0</gpxtpx:cad>
          </gpxtpx:TrackPointExtension>
          <gpxx:TrackPointExtension>
            <gpxx:Temperature>33</gpxx:Temperature>
          </gpxx:TrackPointExtension>
        </extensions>
      </trkpt>
      <trkpt lat="42.757127014920115" lon="-0.510940030217171">
        <ele>1245.5999999999999</ele>
        <time>2026-07-08T10:27:02Z</time>
        <extensions>
          <gpxtpx:TrackPointExtension>
            <gpxtpx:atemp>33</gpxtpx:atemp>
            <gpxtpx:hr>79</gpxtpx:hr>
            <gpxtpx:cad>0</gpxtpx:cad>
          </gpxtpx:TrackPointExtension>
          <gpxx:TrackPointExtension>
            <gpxx:Temperature>33</gpxx:Temperature>
          </gpxx:TrackPointExtension>
        </extensions>
      </trkpt>
      <trkpt lat="42.757034981623292" lon="-0.510966014117002">
        <ele>1245.5999999999999</ele>
        <time>2026-07-08T10:27:09Z</time>
        <extensions>
          <gpxtpx:TrackPointExtension>
            <gpxtpx:atemp>33</gpxtpx:atemp>
            <gpxtpx:hr>76</gpxtpx:hr>
            <gpxtpx:cad>0</gpxtpx:cad>
          </gpxtpx:TrackPointExtension>
          <gpxx:TrackPointExtension>
            <gpxx:Temperature>33</gpxx:Temperature>
          </gpxx:TrackPointExtension>
        </extensions>
      </trkpt>
      <trkpt lat="42.75703095830977" lon="-0.510959979146719">
        <ele>1245.5999999999999</ele>
        <time>2026-07-08T10:27:10Z</time>
        <extensions>
          <gpxtpx:TrackPointExtension>
            <gpxtpx:atemp>33</gpxtpx:atemp>
            <gpxtpx:hr>75</gpxtpx:hr>
            <gpxtpx:cad>0</gpxtpx:cad>
          </gpxtpx:TrackPointExtension>
          <gpxx:TrackPointExtension>
            <gpxx:Temperature>33</gpxx:Temperature>
          </gpxx:TrackPointExtension>
        </extensions>
      </trkpt>
      <trkpt lat="42.757002040743828" lon="-0.51096199080348">
        <ele>1245.5999999999999</ele>
        <time>2026-07-08T10:27:12Z</time>
        <extensions>
          <gpxtpx:TrackPointExtension>
            <gpxtpx:atemp>33</gpxtpx:atemp>
            <gpxtpx:hr>78</gpxtpx:hr>
            <gpxtpx:cad>50</gpxtpx:cad>
          </gpxtpx:TrackPointExtension>
          <gpxx:TrackPointExtension>
            <gpxx:Temperature>33</gpxx:Temperature>
          </gpxx:TrackPointExtension>
        </extensions>
      </trkpt>
      <trkpt lat="42.75698502548039" lon="-0.510952016338706">
        <ele>1245.5999999999999</ele>
        <time>2026-07-08T10:27:14Z</time>
        <extensions>
          <gpxtpx:TrackPointExtension>
            <gpxtpx:atemp>33</gpxtpx:atemp>
            <gpxtpx:hr>75</gpxtpx:hr>
            <gpxtpx:cad>50</gpxtpx:cad>
          </gpxtpx:TrackPointExtension>
          <gpxx:TrackPointExtension>
            <gpxx:Temperature>33</gpxx:Temperature>
          </gpxx:TrackPointExtension>
        </extensions>
      </trkpt>
      <trkpt lat="42.756978990510106" lon="-0.510950004681945">
        <ele>1245.5999999999999</ele>
        <time>2026-07-08T10:27:15Z</time>
        <extensions>
          <gpxtpx:TrackPointExtension>
            <gpxtpx:atemp>33</gpxtpx:atemp>
            <gpxtpx:hr>77</gpxtpx:hr>
            <gpxtpx:cad>50</gpxtpx:cad>
          </gpxtpx:TrackPointExtension>
          <gpxx:TrackPointExtension>
            <gpxx:Temperature>33</gpxx:Temperature>
          </gpxx:TrackPointExtension>
        </extensions>
      </trkpt>
      <trkpt lat="42.75694202631712" lon="-0.510954027995467">
        <ele>1244.8</ele>
        <time>2026-07-08T10:27:19Z</time>
        <extensions>
          <gpxtpx:TrackPointExtension>
            <gpxtpx:atemp>33</gpxtpx:atemp>
            <gpxtpx:hr>77</gpxtpx:hr>
            <gpxtpx:cad>51</gpxtpx:cad>
          </gpxtpx:TrackPointExtension>
          <gpxx:TrackPointExtension>
            <gpxx:Temperature>33</gpxx:Temperature>
          </gpxx:TrackPointExtension>
        </extensions>
      </trkpt>
      <trkpt lat="42.756903972476721" lon="-0.510956961661577">
        <ele>1244.5999999999999</ele>
        <time>2026-07-08T10:27:24Z</time>
        <extensions>
          <gpxtpx:TrackPointExtension>
            <gpxtpx:atemp>33</gpxtpx:atemp>
            <gpxtpx:hr>79</gpxtpx:hr>
            <gpxtpx:cad>0</gpxtpx:cad>
          </gpxtpx:TrackPointExtension>
          <gpxx:TrackPointExtension>
            <gpxx:Temperature>33</gpxx:Temperature>
          </gpxx:TrackPointExtension>
        </extensions>
      </trkpt>
      <trkpt lat="42.756866002455354" lon="-0.5109609849751">
        <ele>1244.5999999999999</ele>
        <time>2026-07-08T10:27:28Z</time>
        <extensions>
          <gpxtpx:TrackPointExtension>
            <gpxtpx:atemp>33</gpxtpx:atemp>
            <gpxtpx:hr>77</gpxtpx:hr>
            <gpxtpx:cad>51</gpxtpx:cad>
          </gpxtpx:TrackPointExtension>
          <gpxx:TrackPointExtension>
            <gpxx:Temperature>33</gpxx:Temperature>
          </gpxx:TrackPointExtension>
        </extensions>
      </trkpt>
      <trkpt lat="42.75685896165669" lon="-0.510965008288622">
        <ele>1244.5999999999999</ele>
        <time>2026-07-08T10:27:29Z</time>
        <extensions>
          <gpxtpx:TrackPointExtension>
            <gpxtpx:atemp>33</gpxtpx:atemp>
            <gpxtpx:hr>77</gpxtpx:hr>
            <gpxtpx:cad>52</gpxtpx:cad>
          </gpxtpx:TrackPointExtension>
          <gpxx:TrackPointExtension>
            <gpxx:Temperature>33</gpxx:Temperature>
          </gpxx:TrackPointExtension>
        </extensions>
      </trkpt>
      <trkpt lat="42.756809005513787" lon="-0.510979006066918">
        <ele>1243.5999999999999</ele>
        <time>2026-07-08T10:27:34Z</time>
        <extensions>
          <gpxtpx:TrackPointExtension>
            <gpxtpx:atemp>33</gpxtpx:atemp>
            <gpxtpx:hr>77</gpxtpx:hr>
            <gpxtpx:cad>50</gpxtpx:cad>
          </gpxtpx:TrackPointExtension>
          <gpxx:TrackPointExtension>
            <gpxx:Temperature>33</gpxx:Temperature>
          </gpxx:TrackPointExtension>
        </extensions>
      </trkpt>
      <trkpt lat="42.756796013563871" lon="-0.510985041037202">
        <ele>1243.4000000000001</ele>
        <time>2026-07-08T10:27:36Z</time>
        <extensions>
          <gpxtpx:TrackPointExtension>
            <gpxtpx:atemp>33</gpxtpx:atemp>
            <gpxtpx:hr>80</gpxtpx:hr>
            <gpxtpx:cad>51</gpxtpx:cad>
          </gpxtpx:TrackPointExtension>
          <gpxx:TrackPointExtension>
            <gpxx:Temperature>33</gpxx:Temperature>
          </gpxx:TrackPointExtension>
        </extensions>
      </trkpt>
      <trkpt lat="42.756790984421968" lon="-0.510985963046551">
        <ele>1243.4000000000001</ele>
        <time>2026-07-08T10:27:37Z</time>
        <extensions>
          <gpxtpx:TrackPointExtension>
            <gpxtpx:atemp>33</gpxtpx:atemp>
            <gpxtpx:hr>77</gpxtpx:hr>
            <gpxtpx:cad>51</gpxtpx:cad>
          </gpxtpx:TrackPointExtension>
          <gpxx:TrackPointExtension>
            <gpxx:Temperature>33</gpxx:Temperature>
          </gpxx:TrackPointExtension>
        </extensions>
      </trkpt>
      <trkpt lat="42.756763994693756" lon="-0.510997027158737">
        <ele>1243</ele>
        <time>2026-07-08T10:27:40Z</time>
        <extensions>
          <gpxtpx:TrackPointExtension>
            <gpxtpx:atemp>33</gpxtpx:atemp>
            <gpxtpx:hr>81</gpxtpx:hr>
            <gpxtpx:cad>49</gpxtpx:cad>
          </gpxtpx:TrackPointExtension>
          <gpxx:TrackPointExtension>
            <gpxx:Temperature>33</gpxx:Temperature>
          </gpxx:TrackPointExtension>
        </extensions>
      </trkpt>
      <trkpt lat="42.756714038550854" lon="-0.511018987745047">
        <ele>1243</ele>
        <time>2026-07-08T10:27:45Z</time>
        <extensions>
          <gpxtpx:TrackPointExtension>
            <gpxtpx:atemp>33</gpxtpx:atemp>
            <gpxtpx:hr>84</gpxtpx:hr>
            <gpxtpx:cad>49</gpxtpx:cad>
          </gpxtpx:TrackPointExtension>
          <gpxx:TrackPointExtension>
            <gpxx:Temperature>33</gpxx:Temperature>
          </gpxx:TrackPointExtension>
        </extensions>
      </trkpt>
      <trkpt lat="42.756703980267048" lon="-0.511016976088285">
        <ele>1243</ele>
        <time>2026-07-08T10:27:46Z</time>
        <extensions>
          <gpxtpx:TrackPointExtension>
            <gpxtpx:atemp>33</gpxtpx:atemp>
            <gpxtpx:hr>84</gpxtpx:hr>
            <gpxtpx:cad>48</gpxtpx:cad>
          </gpxtpx:TrackPointExtension>
          <gpxx:TrackPointExtension>
            <gpxx:Temperature>33</gpxx:Temperature>
          </gpxx:TrackPointExtension>
        </extensions>
      </trkpt>
      <trkpt lat="42.756623011082411" lon="-0.511034997180104">
        <ele>1242.5999999999999</ele>
        <time>2026-07-08T10:27:54Z</time>
        <extensions>
          <gpxtpx:TrackPointExtension>
            <gpxtpx:atemp>33</gpxtpx:atemp>
            <gpxtpx:hr>85</gpxtpx:hr>
            <gpxtpx:cad>47</gpxtpx:cad>
          </gpxtpx:TrackPointExtension>
          <gpxx:TrackPointExtension>
            <gpxx:Temperature>33</gpxx:Temperature>
          </gpxx:TrackPointExtension>
        </extensions>
      </trkpt>
      <trkpt lat="42.756593003869057" lon="-0.511071961373091">
        <ele>1241.8</ele>
        <time>2026-07-08T10:28:00Z</time>
        <extensions>
          <gpxtpx:TrackPointExtension>
            <gpxtpx:atemp>33</gpxtpx:atemp>
            <gpxtpx:hr>89</gpxtpx:hr>
            <gpxtpx:cad>49</gpxtpx:cad>
          </gpxtpx:TrackPointExtension>
          <gpxx:TrackPointExtension>
            <gpxx:Temperature>33</gpxx:Temperature>
          </gpxx:TrackPointExtension>
        </extensions>
      </trkpt>
      <trkpt lat="42.756547993049026" lon="-0.511098029091954">
        <ele>1241.4000000000001</ele>
        <time>2026-07-08T10:28:05Z</time>
        <extensions>
          <gpxtpx:TrackPointExtension>
            <gpxtpx:atemp>33</gpxtpx:atemp>
            <gpxtpx:hr>88</gpxtpx:hr>
            <gpxtpx:cad>49</gpxtpx:cad>
          </gpxtpx:TrackPointExtension>
          <gpxx:TrackPointExtension>
            <gpxx:Temperature>33</gpxx:Temperature>
          </gpxx:TrackPointExtension>
        </extensions>
      </trkpt>
      <trkpt lat="42.75649300776422" lon="-0.511099034920335">
        <ele>1240.5999999999999</ele>
        <time>2026-07-08T10:28:14Z</time>
        <extensions>
          <gpxtpx:TrackPointExtension>
            <gpxtpx:atemp>33</gpxtpx:atemp>
            <gpxtpx:hr>88</gpxtpx:hr>
            <gpxtpx:cad>43</gpxtpx:cad>
          </gpxtpx:TrackPointExtension>
          <gpxx:TrackPointExtension>
            <gpxx:Temperature>33</gpxx:Temperature>
          </gpxx:TrackPointExtension>
        </extensions>
      </trkpt>
      <trkpt lat="42.756458977237344" lon="-0.511100962758064">
        <ele>1240.2</ele>
        <time>2026-07-08T10:28:17Z</time>
        <extensions>
          <gpxtpx:TrackPointExtension>
            <gpxtpx:atemp>33</gpxtpx:atemp>
            <gpxtpx:hr>88</gpxtpx:hr>
            <gpxtpx:cad>0</gpxtpx:cad>
          </gpxtpx:TrackPointExtension>
          <gpxx:TrackPointExtension>
            <gpxx:Temperature>33</gpxx:Temperature>
          </gpxx:TrackPointExtension>
        </extensions>
      </trkpt>
      <trkpt lat="42.756425030529499" lon="-0.511116972193122">
        <ele>1240.2</ele>
        <time>2026-07-08T10:28:20Z</time>
        <extensions>
          <gpxtpx:TrackPointExtension>
            <gpxtpx:atemp>33</gpxtpx:atemp>
            <gpxtpx:hr>89</gpxtpx:hr>
            <gpxtpx:cad>76</gpxtpx:cad>
          </gpxtpx:TrackPointExtension>
          <gpxx:TrackPointExtension>
            <gpxx:Temperature>33</gpxx:Temperature>
          </gpxx:TrackPointExtension>
        </extensions>
      </trkpt>
      <trkpt lat="42.75638303719461" lon="-0.511114960536361">
        <ele>1240</ele>
        <time>2026-07-08T10:28:28Z</time>
        <extensions>
          <gpxtpx:TrackPointExtension>
            <gpxtpx:atemp>32</gpxtpx:atemp>
            <gpxtpx:hr>89</gpxtpx:hr>
            <gpxtpx:cad>0</gpxtpx:cad>
          </gpxtpx:TrackPointExtension>
          <gpxx:TrackPointExtension>
            <gpxx:Temperature>32</gpxx:Temperature>
          </gpxx:TrackPointExtension>
        </extensions>
      </trkpt>
      <trkpt lat="42.756384965032339" lon="-0.51113398745656">
        <ele>1240</ele>
        <time>2026-07-08T10:28:34Z</time>
        <extensions>
          <gpxtpx:TrackPointExtension>
            <gpxtpx:atemp>32</gpxtpx:atemp>
            <gpxtpx:hr>89</gpxtpx:hr>
            <gpxtpx:cad>0</gpxtpx:cad>
          </gpxtpx:TrackPointExtension>
          <gpxx:TrackPointExtension>
            <gpxx:Temperature>32</gpxx:Temperature>
          </gpxx:TrackPointExtension>
        </extensions>
      </trkpt>
      <trkpt lat="42.756351018324494" lon="-0.511141028255224">
        <ele>1239.8</ele>
        <time>2026-07-08T10:28:40Z</time>
        <extensions>
          <gpxtpx:TrackPointExtension>
            <gpxtpx:atemp>32</gpxtpx:atemp>
            <gpxtpx:hr>87</gpxtpx:hr>
            <gpxtpx:cad>0</gpxtpx:cad>
          </gpxtpx:TrackPointExtension>
          <gpxx:TrackPointExtension>
            <gpxx:Temperature>32</gpxx:Temperature>
          </gpxx:TrackPointExtension>
        </extensions>
      </trkpt>
      <trkpt lat="42.756325034424663" lon="-0.511135999113321">
        <ele>1239.8</ele>
        <time>2026-07-08T10:28:44Z</time>
        <extensions>
          <gpxtpx:TrackPointExtension>
            <gpxtpx:atemp>32</gpxtpx:atemp>
            <gpxtpx:hr>85</gpxtpx:hr>
            <gpxtpx:cad>0</gpxtpx:cad>
          </gpxtpx:TrackPointExtension>
          <gpxx:TrackPointExtension>
            <gpxx:Temperature>32</gpxx:Temperature>
          </gpxx:TrackPointExtension>
        </extensions>
      </trkpt>
      <trkpt lat="42.756305001676083" lon="-0.511141028255224">
        <ele>1239.8</ele>
        <time>2026-07-08T10:28:46Z</time>
        <extensions>
          <gpxtpx:TrackPointExtension>
            <gpxtpx:atemp>32</gpxtpx:atemp>
            <gpxtpx:hr>89</gpxtpx:hr>
            <gpxtpx:cad>0</gpxtpx:cad>
          </gpxtpx:TrackPointExtension>
          <gpxx:TrackPointExtension>
            <gpxx:Temperature>32</gpxx:Temperature>
          </gpxx:TrackPointExtension>
        </extensions>
      </trkpt>
      <trkpt lat="42.756291003897786" lon="-0.511146979406476">
        <ele>1239.8</ele>
        <time>2026-07-08T10:28:47Z</time>
        <extensions>
          <gpxtpx:TrackPointExtension>
            <gpxtpx:atemp>32</gpxtpx:atemp>
            <gpxtpx:hr>87</gpxtpx:hr>
            <gpxtpx:cad>0</gpxtpx:cad>
          </gpxtpx:TrackPointExtension>
          <gpxx:TrackPointExtension>
            <gpxx:Temperature>32</gpxx:Temperature>
          </gpxx:TrackPointExtension>
        </extensions>
      </trkpt>
      <trkpt lat="42.756230989471078" lon="-0.511139016598463">
        <ele>1239.5999999999999</ele>
        <time>2026-07-08T10:28:54Z</time>
        <extensions>
          <gpxtpx:TrackPointExtension>
            <gpxtpx:atemp>32</gpxtpx:atemp>
            <gpxtpx:hr>84</gpxtpx:hr>
            <gpxtpx:cad>0</gpxtpx:cad>
          </gpxtpx:TrackPointExtension>
          <gpxx:TrackPointExtension>
            <gpxx:Temperature>32</gpxx:Temperature>
          </gpxx:TrackPointExtension>
        </extensions>
      </trkpt>
      <trkpt lat="42.756219003349543" lon="-0.511145973578095">
        <ele>1239.5999999999999</ele>
        <time>2026-07-08T10:28:55Z</time>
        <extensions>
          <gpxtpx:TrackPointExtension>
            <gpxtpx:atemp>32</gpxtpx:atemp>
            <gpxtpx:hr>85</gpxtpx:hr>
            <gpxtpx:cad>0</gpxtpx:cad>
          </gpxtpx:TrackPointExtension>
          <gpxx:TrackPointExtension>
            <gpxx:Temperature>32</gpxx:Temperature>
          </gpxx:TrackPointExtension>
        </extensions>
      </trkpt>
      <trkpt lat="42.756206011399627" lon="-0.511146979406476">
        <ele>1239.5999999999999</ele>
        <time>2026-07-08T10:28:56Z</time>
        <extensions>
          <gpxtpx:TrackPointExtension>
            <gpxtpx:atemp>32</gpxtpx:atemp>
            <gpxtpx:hr>82</gpxtpx:hr>
            <gpxtpx:cad>0</gpxtpx:cad>
          </gpxtpx:TrackPointExtension>
          <gpxx:TrackPointExtension>
            <gpxx:Temperature>32</gpxx:Temperature>
          </gpxx:TrackPointExtension>
        </extensions>
      </trkpt>
      <trkpt lat="42.756196958944201" lon="-0.511145973578095">
        <ele>1239.5999999999999</ele>
        <time>2026-07-08T10:28:57Z</time>
        <extensions>
          <gpxtpx:TrackPointExtension>
            <gpxtpx:atemp>32</gpxtpx:atemp>
            <gpxtpx:hr>85</gpxtpx:hr>
            <gpxtpx:cad>45</gpxtpx:cad>
          </gpxtpx:TrackPointExtension>
          <gpxx:TrackPointExtension>
            <gpxx:Temperature>32</gpxx:Temperature>
          </gpxx:TrackPointExtension>
        </extensions>
      </trkpt>
      <trkpt lat="42.756161000579596" lon="-0.511155026033521">
        <ele>1239.4000000000001</ele>
        <time>2026-07-08T10:29:00Z</time>
        <extensions>
          <gpxtpx:TrackPointExtension>
            <gpxtpx:atemp>32</gpxtpx:atemp>
            <gpxtpx:hr>81</gpxtpx:hr>
            <gpxtpx:cad>45</gpxtpx:cad>
          </gpxtpx:TrackPointExtension>
          <gpxx:TrackPointExtension>
            <gpxx:Temperature>32</gpxx:Temperature>
          </gpxx:TrackPointExtension>
        </extensions>
      </trkpt>
      <trkpt lat="42.756137028336525" lon="-0.511161983013153">
        <ele>1239.4000000000001</ele>
        <time>2026-07-08T10:29:03Z</time>
        <extensions>
          <gpxtpx:TrackPointExtension>
            <gpxtpx:atemp>32</gpxtpx:atemp>
            <gpxtpx:hr>85</gpxtpx:hr>
            <gpxtpx:cad>43</gpxtpx:cad>
          </gpxtpx:TrackPointExtension>
          <gpxx:TrackPointExtension>
            <gpxx:Temperature>32</gpxx:Temperature>
          </gpxx:TrackPointExtension>
        </extensions>
      </trkpt>
      <trkpt lat="42.756124036386609" lon="-0.511166006326675">
        <ele>1239.4000000000001</ele>
        <time>2026-07-08T10:29:04Z</time>
        <extensions>
          <gpxtpx:TrackPointExtension>
            <gpxtpx:atemp>32</gpxtpx:atemp>
            <gpxtpx:hr>82</gpxtpx:hr>
            <gpxtpx:cad>46</gpxtpx:cad>
          </gpxtpx:TrackPointExtension>
          <gpxx:TrackPointExtension>
            <gpxx:Temperature>32</gpxx:Temperature>
          </gpxx:TrackPointExtension>
        </extensions>
      </trkpt>
      <trkpt lat="42.756094029173255" lon="-0.51117598079145">
        <ele>1239.4000000000001</ele>
        <time>2026-07-08T10:29:07Z</time>
        <extensions>
          <gpxtpx:TrackPointExtension>
            <gpxtpx:atemp>32</gpxtpx:atemp>
            <gpxtpx:hr>78</gpxtpx:hr>
            <gpxtpx:cad>47</gpxtpx:cad>
          </gpxtpx:TrackPointExtension>
          <gpxx:TrackPointExtension>
            <gpxx:Temperature>32</gpxx:Temperature>
          </gpxx:TrackPointExtension>
        </extensions>
      </trkpt>
      <trkpt lat="42.756083970889449" lon="-0.51117598079145">
        <ele>1239.4000000000001</ele>
        <time>2026-07-08T10:29:08Z</time>
        <extensions>
          <gpxtpx:TrackPointExtension>
            <gpxtpx:atemp>32</gpxtpx:atemp>
            <gpxtpx:hr>75</gpxtpx:hr>
            <gpxtpx:cad>47</gpxtpx:cad>
          </gpxtpx:TrackPointExtension>
          <gpxx:TrackPointExtension>
            <gpxx:Temperature>32</gpxx:Temperature>
          </gpxx:TrackPointExtension>
        </extensions>
      </trkpt>
      <trkpt lat="42.756068967282772" lon="-0.51117598079145">
        <ele>1239.2</ele>
        <time>2026-07-08T10:29:10Z</time>
        <extensions>
          <gpxtpx:TrackPointExtension>
            <gpxtpx:atemp>32</gpxtpx:atemp>
            <gpxtpx:hr>77</gpxtpx:hr>
            <gpxtpx:cad>46</gpxtpx:cad>
          </gpxtpx:TrackPointExtension>
          <gpxx:TrackPointExtension>
            <gpxx:Temperature>32</gpxx:Temperature>
          </gpxx:TrackPointExtension>
        </extensions>
      </trkpt>
      <trkpt lat="42.756051030009985" lon="-0.511177992448211">
        <ele>1239</ele>
        <time>2026-07-08T10:29:13Z</time>
        <extensions>
          <gpxtpx:TrackPointExtension>
            <gpxtpx:atemp>32</gpxtpx:atemp>
            <gpxtpx:hr>74</gpxtpx:hr>
            <gpxtpx:cad>0</gpxtpx:cad>
          </gpxtpx:TrackPointExtension>
          <gpxx:TrackPointExtension>
            <gpxx:Temperature>32</gpxx:Temperature>
          </gpxx:TrackPointExtension>
        </extensions>
      </trkpt>
      <trkpt lat="42.756050024181604" lon="-0.51117698661983">
        <ele>1239</ele>
        <time>2026-07-08T10:29:14Z</time>
        <extensions>
          <gpxtpx:TrackPointExtension>
            <gpxtpx:atemp>32</gpxtpx:atemp>
            <gpxtpx:hr>82</gpxtpx:hr>
            <gpxtpx:cad>0</gpxtpx:cad>
          </gpxtpx:TrackPointExtension>
          <gpxx:TrackPointExtension>
            <gpxx:Temperature>32</gpxx:Temperature>
          </gpxx:TrackPointExtension>
        </extensions>
      </trkpt>
      <trkpt lat="42.756048012524843" lon="-0.51117698661983">
        <ele>1238.8</ele>
        <time>2026-07-08T10:29:15Z</time>
        <extensions>
          <gpxtpx:TrackPointExtension>
            <gpxtpx:atemp>32</gpxtpx:atemp>
            <gpxtpx:hr>82</gpxtpx:hr>
            <gpxtpx:cad>0</gpxtpx:cad>
          </gpxtpx:TrackPointExtension>
          <gpxx:TrackPointExtension>
            <gpxx:Temperature>32</gpxx:Temperature>
          </gpxx:TrackPointExtension>
        </extensions>
      </trkpt>
      <trkpt lat="42.756046000868082" lon="-0.511177992448211">
        <ele>1238.4000000000001</ele>
        <time>2026-07-08T10:29:17Z</time>
        <extensions>
          <gpxtpx:TrackPointExtension>
            <gpxtpx:atemp>32</gpxtpx:atemp>
            <gpxtpx:hr>87</gpxtpx:hr>
            <gpxtpx:cad>0</gpxtpx:cad>
          </gpxtpx:TrackPointExtension>
          <gpxx:TrackPointExtension>
            <gpxx:Temperature>32</gpxx:Temperature>
          </gpxx:TrackPointExtension>
        </extensions>
      </trkpt>
      <trkpt lat="42.756047006696463" lon="-0.511180004104972">
        <ele>1238.2</ele>
        <time>2026-07-08T10:29:18Z</time>
        <extensions>
          <gpxtpx:TrackPointExtension>
            <gpxtpx:atemp>32</gpxtpx:atemp>
            <gpxtpx:hr>90</gpxtpx:hr>
            <gpxtpx:cad>0</gpxtpx:cad>
          </gpxtpx:TrackPointExtension>
          <gpxx:TrackPointExtension>
            <gpxx:Temperature>32</gpxx:Temperature>
          </gpxx:TrackPointExtension>
        </extensions>
      </trkpt>
      <trkpt lat="42.75604298338294" lon="-0.511184027418494">
        <ele>1238.2</ele>
        <time>2026-07-08T10:29:19Z</time>
        <extensions>
          <gpxtpx:TrackPointExtension>
            <gpxtpx:atemp>32</gpxtpx:atemp>
            <gpxtpx:hr>96</gpxtpx:hr>
            <gpxtpx:cad>0</gpxtpx:cad>
          </gpxtpx:TrackPointExtension>
          <gpxx:TrackPointExtension>
            <gpxx:Temperature>32</gpxx:Temperature>
          </gpxx:TrackPointExtension>
        </extensions>
      </trkpt>
      <trkpt lat="42.756039965897799" lon="-0.511182015761733">
        <ele>1238.2</ele>
        <time>2026-07-08T10:29:21Z</time>
        <extensions>
          <gpxtpx:TrackPointExtension>
            <gpxtpx:atemp>32</gpxtpx:atemp>
            <gpxtpx:hr>97</gpxtpx:hr>
            <gpxtpx:cad>0</gpxtpx:cad>
          </gpxtpx:TrackPointExtension>
          <gpxx:TrackPointExtension>
            <gpxx:Temperature>32</gpxx:Temperature>
          </gpxx:TrackPointExtension>
        </extensions>
      </trkpt>
      <trkpt lat="42.756032003089786" lon="-0.51117598079145">
        <ele>1238</ele>
        <time>2026-07-08T10:29:24Z</time>
        <extensions>
          <gpxtpx:TrackPointExtension>
            <gpxtpx:atemp>32</gpxtpx:atemp>
            <gpxtpx:hr>97</gpxtpx:hr>
            <gpxtpx:cad>0</gpxtpx:cad>
          </gpxtpx:TrackPointExtension>
          <gpxx:TrackPointExtension>
            <gpxx:Temperature>32</gpxx:Temperature>
          </gpxx:TrackPointExtension>
        </extensions>
      </trkpt>
      <trkpt lat="42.756032003089786" lon="-0.51117598079145">
        <ele>1237.8</ele>
        <time>2026-07-08T10:29:28Z</time>
        <extensions>
          <gpxtpx:TrackPointExtension>
            <gpxtpx:atemp>32</gpxtpx:atemp>
            <gpxtpx:hr>94</gpxtpx:hr>
            <gpxtpx:cad>0</gpxtpx:cad>
          </gpxtpx:TrackPointExtension>
          <gpxx:TrackPointExtension>
            <gpxx:Temperature>32</gpxx:Temperature>
          </gpxx:TrackPointExtension>
        </extensions>
      </trkpt>
      <trkpt lat="42.756029991433024" lon="-0.511186039075255">
        <ele>1237.4000000000001</ele>
        <time>2026-07-08T10:29:45Z</time>
        <extensions>
          <gpxtpx:TrackPointExtension>
            <gpxtpx:atemp>32</gpxtpx:atemp>
            <gpxtpx:hr>97</gpxtpx:hr>
            <gpxtpx:cad>0</gpxtpx:cad>
          </gpxtpx:TrackPointExtension>
          <gpxx:TrackPointExtension>
            <gpxx:Temperature>32</gpxx:Temperature>
          </gpxx:TrackPointExtension>
        </extensions>
      </trkpt>
      <trkpt lat="42.756028985604644" lon="-0.511186039075255">
        <ele>1237.4000000000001</ele>
        <time>2026-07-08T10:29:49Z</time>
        <extensions>
          <gpxtpx:TrackPointExtension>
            <gpxtpx:atemp>32</gpxtpx:atemp>
            <gpxtpx:hr>100</gpxtpx:hr>
            <gpxtpx:cad>78</gpxtpx:cad>
          </gpxtpx:TrackPointExtension>
          <gpxx:TrackPointExtension>
            <gpxx:Temperature>32</gpxx:Temperature>
          </gpxx:TrackPointExtension>
        </extensions>
      </trkpt>
      <trkpt lat="42.756021022796631" lon="-0.511186039075255">
        <ele>1237.2</ele>
        <time>2026-07-08T10:29:57Z</time>
        <extensions>
          <gpxtpx:TrackPointExtension>
            <gpxtpx:atemp>32</gpxtpx:atemp>
            <gpxtpx:hr>100</gpxtpx:hr>
            <gpxtpx:cad>0</gpxtpx:cad>
          </gpxtpx:TrackPointExtension>
          <gpxx:TrackPointExtension>
            <gpxx:Temperature>32</gpxx:Temperature>
          </gpxx:TrackPointExtension>
        </extensions>
      </trkpt>
      <trkpt lat="42.755989003926516" lon="-0.511181009933352">
        <ele>1236.4000000000001</ele>
        <time>2026-07-08T10:30:10Z</time>
        <extensions>
          <gpxtpx:TrackPointExtension>
            <gpxtpx:atemp>33</gpxtpx:atemp>
            <gpxtpx:hr>97</gpxtpx:hr>
            <gpxtpx:cad>44</gpxtpx:cad>
          </gpxtpx:TrackPointExtension>
          <gpxx:TrackPointExtension>
            <gpxx:Temperature>33</gpxx:Temperature>
          </gpxx:TrackPointExtension>
        </extensions>
      </trkpt>
      <trkpt lat="42.755896970629692" lon="-0.511106997728348">
        <ele>1236.8</ele>
        <time>2026-07-08T10:30:20Z</time>
        <extensions>
          <gpxtpx:TrackPointExtension>
            <gpxtpx:atemp>33</gpxtpx:atemp>
            <gpxtpx:hr>100</gpxtpx:hr>
            <gpxtpx:cad>47</gpxtpx:cad>
          </gpxtpx:TrackPointExtension>
          <gpxx:TrackPointExtension>
            <gpxx:Temperature>33</gpxx:Temperature>
          </gpxx:TrackPointExtension>
        </extensions>
      </trkpt>
      <trkpt lat="42.75582698173821" lon="-0.511069027706981">
        <ele>1236.2</ele>
        <time>2026-07-08T10:30:24Z</time>
        <extensions>
          <gpxtpx:TrackPointExtension>
            <gpxtpx:atemp>33</gpxtpx:atemp>
            <gpxtpx:hr>97</gpxtpx:hr>
            <gpxtpx:cad>48</gpxtpx:cad>
          </gpxtpx:TrackPointExtension>
          <gpxx:TrackPointExtension>
            <gpxx:Temperature>33</gpxx:Temperature>
          </gpxx:TrackPointExtension>
        </extensions>
      </trkpt>
      <trkpt lat="42.755812983959913" lon="-0.511065004393458">
        <ele>1236</ele>
        <time>2026-07-08T10:30:25Z</time>
        <extensions>
          <gpxtpx:TrackPointExtension>
            <gpxtpx:atemp>33</gpxtpx:atemp>
            <gpxtpx:hr>97</gpxtpx:hr>
            <gpxtpx:cad>48</gpxtpx:cad>
          </gpxtpx:TrackPointExtension>
          <gpxx:TrackPointExtension>
            <gpxx:Temperature>33</gpxx:Temperature>
          </gpxx:TrackPointExtension>
        </extensions>
      </trkpt>
      <trkpt lat="42.755790017545223" lon="-0.51106701605022">
        <ele>1236</ele>
        <time>2026-07-08T10:30:26Z</time>
        <extensions>
          <gpxtpx:TrackPointExtension>
            <gpxtpx:atemp>33</gpxtpx:atemp>
            <gpxtpx:hr>98</gpxtpx:hr>
            <gpxtpx:cad>48</gpxtpx:cad>
          </gpxtpx:TrackPointExtension>
          <gpxx:TrackPointExtension>
            <gpxx:Temperature>33</gpxx:Temperature>
          </gpxx:TrackPointExtension>
        </extensions>
      </trkpt>
      <trkpt lat="42.755754981189966" lon="-0.511062992736697">
        <ele>1235.8</ele>
        <time>2026-07-08T10:30:28Z</time>
        <extensions>
          <gpxtpx:TrackPointExtension>
            <gpxtpx:atemp>33</gpxtpx:atemp>
            <gpxtpx:hr>95</gpxtpx:hr>
            <gpxtpx:cad>48</gpxtpx:cad>
          </gpxtpx:TrackPointExtension>
          <gpxx:TrackPointExtension>
            <gpxx:Temperature>33</gpxx:Temperature>
          </gpxx:TrackPointExtension>
        </extensions>
      </trkpt>
      <trkpt lat="42.755752969533205" lon="-0.511054024100304">
        <ele>1236</ele>
        <time>2026-07-08T10:30:29Z</time>
        <extensions>
          <gpxtpx:TrackPointExtension>
            <gpxtpx:atemp>33</gpxtpx:atemp>
            <gpxtpx:hr>97</gpxtpx:hr>
            <gpxtpx:cad>48</gpxtpx:cad>
          </gpxtpx:TrackPointExtension>
          <gpxx:TrackPointExtension>
            <gpxx:Temperature>33</gpxx:Temperature>
          </gpxx:TrackPointExtension>
        </extensions>
      </trkpt>
      <trkpt lat="42.755714999511838" lon="-0.511065004393458">
        <ele>1236</ele>
        <time>2026-07-08T10:30:33Z</time>
        <extensions>
          <gpxtpx:TrackPointExtension>
            <gpxtpx:atemp>33</gpxtpx:atemp>
            <gpxtpx:hr>97</gpxtpx:hr>
            <gpxtpx:cad>50</gpxtpx:cad>
          </gpxtpx:TrackPointExtension>
          <gpxx:TrackPointExtension>
            <gpxx:Temperature>33</gpxx:Temperature>
          </gpxx:TrackPointExtension>
        </extensions>
      </trkpt>
      <trkpt lat="42.755666971206665" lon="-0.511070033535361">
        <ele>1235.8</ele>
        <time>2026-07-08T10:30:39Z</time>
        <extensions>
          <gpxtpx:TrackPointExtension>
            <gpxtpx:atemp>33</gpxtpx:atemp>
            <gpxtpx:hr>100</gpxtpx:hr>
            <gpxtpx:cad>49</gpxtpx:cad>
          </gpxtpx:TrackPointExtension>
          <gpxx:TrackPointExtension>
            <gpxx:Temperature>33</gpxx:Temperature>
          </gpxx:TrackPointExtension>
        </extensions>
      </trkpt>
      <trkpt lat="42.755579967051744" lon="-0.511112026870251">
        <ele>1235.4000000000001</ele>
        <time>2026-07-08T10:30:45Z</time>
        <extensions>
          <gpxtpx:TrackPointExtension>
            <gpxtpx:atemp>33</gpxtpx:atemp>
            <gpxtpx:hr>100</gpxtpx:hr>
            <gpxtpx:cad>49</gpxtpx:cad>
          </gpxtpx:TrackPointExtension>
          <gpxx:TrackPointExtension>
            <gpxx:Temperature>33</gpxx:Temperature>
          </gpxx:TrackPointExtension>
        </extensions>
      </trkpt>
      <trkpt lat="42.755472008138895" lon="-0.511118983849883">
        <ele>1235.4000000000001</ele>
        <time>2026-07-08T10:30:52Z</time>
        <extensions>
          <gpxtpx:TrackPointExtension>
            <gpxtpx:atemp>33</gpxtpx:atemp>
            <gpxtpx:hr>99</gpxtpx:hr>
            <gpxtpx:cad>0</gpxtpx:cad>
          </gpxtpx:TrackPointExtension>
          <gpxx:TrackPointExtension>
            <gpxx:Temperature>33</gpxx:Temperature>
          </gpxx:TrackPointExtension>
        </extensions>
      </trkpt>
      <trkpt lat="42.755423979833722" lon="-0.511166006326675">
        <ele>1235</ele>
        <time>2026-07-08T10:30:57Z</time>
        <extensions>
          <gpxtpx:TrackPointExtension>
            <gpxtpx:atemp>33</gpxtpx:atemp>
            <gpxtpx:hr>98</gpxtpx:hr>
            <gpxtpx:cad>48</gpxtpx:cad>
          </gpxtpx:TrackPointExtension>
          <gpxx:TrackPointExtension>
            <gpxx:Temperature>33</gpxx:Temperature>
          </gpxx:TrackPointExtension>
        </extensions>
      </trkpt>
      <trkpt lat="42.755416017025709" lon="-0.511162988841534">
        <ele>1235</ele>
        <time>2026-07-08T10:30:58Z</time>
        <extensions>
          <gpxtpx:TrackPointExtension>
            <gpxtpx:atemp>33</gpxtpx:atemp>
            <gpxtpx:hr>98</gpxtpx:hr>
            <gpxtpx:cad>0</gpxtpx:cad>
          </gpxtpx:TrackPointExtension>
          <gpxx:TrackPointExtension>
            <gpxx:Temperature>33</gpxx:Temperature>
          </gpxx:TrackPointExtension>
        </extensions>
      </trkpt>
      <trkpt lat="42.755406964570284" lon="-0.511163994669914">
        <ele>1235.2</ele>
        <time>2026-07-08T10:30:59Z</time>
        <extensions>
          <gpxtpx:TrackPointExtension>
            <gpxtpx:atemp>33</gpxtpx:atemp>
            <gpxtpx:hr>98</gpxtpx:hr>
            <gpxtpx:cad>0</gpxtpx:cad>
          </gpxtpx:TrackPointExtension>
          <gpxx:TrackPointExtension>
            <gpxx:Temperature>33</gpxx:Temperature>
          </gpxx:TrackPointExtension>
        </extensions>
      </trkpt>
      <trkpt lat="42.755377041175961" lon="-0.511158965528011">
        <ele>1235.5999999999999</ele>
        <time>2026-07-08T10:31:05Z</time>
        <extensions>
          <gpxtpx:TrackPointExtension>
            <gpxtpx:atemp>33</gpxtpx:atemp>
            <gpxtpx:hr>98</gpxtpx:hr>
            <gpxtpx:cad>51</gpxtpx:cad>
          </gpxtpx:TrackPointExtension>
          <gpxx:TrackPointExtension>
            <gpxx:Temperature>33</gpxx:Temperature>
          </gpxx:TrackPointExtension>
        </extensions>
      </trkpt>
      <trkpt lat="42.75528903119266" lon="-0.511109009385109">
        <ele>1234.8</ele>
        <time>2026-07-08T10:31:13Z</time>
        <extensions>
          <gpxtpx:TrackPointExtension>
            <gpxtpx:atemp>33</gpxtpx:atemp>
            <gpxtpx:hr>100</gpxtpx:hr>
            <gpxtpx:cad>50</gpxtpx:cad>
          </gpxtpx:TrackPointExtension>
          <gpxx:TrackPointExtension>
            <gpxx:Temperature>33</gpxx:Temperature>
          </gpxx:TrackPointExtension>
        </extensions>
      </trkpt>
      <trkpt lat="42.75524795986712" lon="-0.511116972193122">
        <ele>1234.8</ele>
        <time>2026-07-08T10:31:19Z</time>
        <extensions>
          <gpxtpx:TrackPointExtension>
            <gpxtpx:atemp>33</gpxtpx:atemp>
            <gpxtpx:hr>100</gpxtpx:hr>
            <gpxtpx:cad>49</gpxtpx:cad>
          </gpxtpx:TrackPointExtension>
          <gpxx:TrackPointExtension>
            <gpxx:Temperature>33</gpxx:Temperature>
          </gpxx:TrackPointExtension>
        </extensions>
      </trkpt>
      <trkpt lat="42.755196997895837" lon="-0.511091994121671">
        <ele>1235</ele>
        <time>2026-07-08T10:31:25Z</time>
        <extensions>
          <gpxtpx:TrackPointExtension>
            <gpxtpx:atemp>33</gpxtpx:atemp>
            <gpxtpx:hr>97</gpxtpx:hr>
            <gpxtpx:cad>0</gpxtpx:cad>
          </gpxtpx:TrackPointExtension>
          <gpxx:TrackPointExtension>
            <gpxx:Temperature>33</gpxx:Temperature>
          </gpxx:TrackPointExtension>
        </extensions>
      </trkpt>
      <trkpt lat="42.755187023431063" lon="-0.51109098829329">
        <ele>1235.2</ele>
        <time>2026-07-08T10:31:26Z</time>
        <extensions>
          <gpxtpx:TrackPointExtension>
            <gpxtpx:atemp>33</gpxtpx:atemp>
            <gpxtpx:hr>99</gpxtpx:hr>
            <gpxtpx:cad>0</gpxtpx:cad>
          </gpxtpx:TrackPointExtension>
          <gpxx:TrackPointExtension>
            <gpxx:Temperature>33</gpxx:Temperature>
          </gpxx:TrackPointExtension>
        </extensions>
      </trkpt>
      <trkpt lat="42.755135977640748" lon="-0.511058969423175">
        <ele>1235.2</ele>
        <time>2026-07-08T10:31:32Z</time>
        <extensions>
          <gpxtpx:TrackPointExtension>
            <gpxtpx:atemp>32</gpxtpx:atemp>
            <gpxtpx:hr>99</gpxtpx:hr>
            <gpxtpx:cad>49</gpxtpx:cad>
          </gpxtpx:TrackPointExtension>
          <gpxx:TrackPointExtension>
            <gpxx:Temperature>32</gpxx:Temperature>
          </gpxx:TrackPointExtension>
        </extensions>
      </trkpt>
      <trkpt lat="42.755029024556279" lon="-0.511041032150388">
        <ele>1234.4000000000001</ele>
        <time>2026-07-08T10:31:39Z</time>
        <extensions>
          <gpxtpx:TrackPointExtension>
            <gpxtpx:atemp>32</gpxtpx:atemp>
            <gpxtpx:hr>100</gpxtpx:hr>
            <gpxtpx:cad>0</gpxtpx:cad>
          </gpxtpx:TrackPointExtension>
          <gpxx:TrackPointExtension>
            <gpxx:Temperature>32</gpxx:Temperature>
          </gpxx:TrackPointExtension>
        </extensions>
      </trkpt>
      <trkpt lat="42.75500999763608" lon="-0.511058969423175">
        <ele>1234.4000000000001</ele>
        <time>2026-07-08T10:31:40Z</time>
        <extensions>
          <gpxtpx:TrackPointExtension>
            <gpxtpx:atemp>33</gpxtpx:atemp>
            <gpxtpx:hr>100</gpxtpx:hr>
            <gpxtpx:cad>0</gpxtpx:cad>
          </gpxtpx:TrackPointExtension>
          <gpxx:TrackPointExtension>
            <gpxx:Temperature>33</gpxx:Temperature>
          </gpxx:TrackPointExtension>
        </extensions>
      </trkpt>
      <trkpt lat="42.754999017342925" lon="-0.511061986908317">
        <ele>1234.4000000000001</ele>
        <time>2026-07-08T10:31:42Z</time>
        <extensions>
          <gpxtpx:TrackPointExtension>
            <gpxtpx:atemp>32</gpxtpx:atemp>
            <gpxtpx:hr>100</gpxtpx:hr>
            <gpxtpx:cad>50</gpxtpx:cad>
          </gpxtpx:TrackPointExtension>
          <gpxx:TrackPointExtension>
            <gpxx:Temperature>32</gpxx:Temperature>
          </gpxx:TrackPointExtension>
        </extensions>
      </trkpt>
      <trkpt lat="42.754988959059119" lon="-0.511050000786781">
        <ele>1234.2</ele>
        <time>2026-07-08T10:31:45Z</time>
        <extensions>
          <gpxtpx:TrackPointExtension>
            <gpxtpx:atemp>32</gpxtpx:atemp>
            <gpxtpx:hr>100</gpxtpx:hr>
            <gpxtpx:cad>50</gpxtpx:cad>
          </gpxtpx:TrackPointExtension>
          <gpxx:TrackPointExtension>
            <gpxx:Temperature>32</gpxx:Temperature>
          </gpxx:TrackPointExtension>
        </extensions>
      </trkpt>
      <trkpt lat="42.754979990422726" lon="-0.511022005230188">
        <ele>1233.8</ele>
        <time>2026-07-08T10:31:47Z</time>
        <extensions>
          <gpxtpx:TrackPointExtension>
            <gpxtpx:atemp>32</gpxtpx:atemp>
            <gpxtpx:hr>100</gpxtpx:hr>
            <gpxtpx:cad>50</gpxtpx:cad>
          </gpxtpx:TrackPointExtension>
          <gpxx:TrackPointExtension>
            <gpxx:Temperature>32</gpxx:Temperature>
          </gpxx:TrackPointExtension>
        </extensions>
      </trkpt>
      <trkpt lat="42.754970015957952" lon="-0.511014964431524">
        <ele>1233.8</ele>
        <time>2026-07-08T10:31:48Z</time>
        <extensions>
          <gpxtpx:TrackPointExtension>
            <gpxtpx:atemp>32</gpxtpx:atemp>
            <gpxtpx:hr>100</gpxtpx:hr>
            <gpxtpx:cad>50</gpxtpx:cad>
          </gpxtpx:TrackPointExtension>
          <gpxx:TrackPointExtension>
            <gpxx:Temperature>32</gpxx:Temperature>
          </gpxx:TrackPointExtension>
        </extensions>
      </trkpt>
      <trkpt lat="42.754948977380991" lon="-0.510990992188454">
        <ele>1233.2</ele>
        <time>2026-07-08T10:31:52Z</time>
        <extensions>
          <gpxtpx:TrackPointExtension>
            <gpxtpx:atemp>32</gpxtpx:atemp>
            <gpxtpx:hr>101</gpxtpx:hr>
            <gpxtpx:cad>50</gpxtpx:cad>
          </gpxtpx:TrackPointExtension>
          <gpxx:TrackPointExtension>
            <gpxx:Temperature>32</gpxx:Temperature>
          </gpxx:TrackPointExtension>
        </extensions>
      </trkpt>
      <trkpt lat="42.754921987652779" lon="-0.510976994410157">
        <ele>1233</ele>
        <time>2026-07-08T10:31:56Z</time>
        <extensions>
          <gpxtpx:TrackPointExtension>
            <gpxtpx:atemp>32</gpxtpx:atemp>
            <gpxtpx:hr>99</gpxtpx:hr>
            <gpxtpx:cad>50</gpxtpx:cad>
          </gpxtpx:TrackPointExtension>
          <gpxx:TrackPointExtension>
            <gpxx:Temperature>32</gpxx:Temperature>
          </gpxx:TrackPointExtension>
        </extensions>
      </trkpt>
      <trkpt lat="42.75490396656096" lon="-0.510954027995467">
        <ele>1232.8</ele>
        <time>2026-07-08T10:31:58Z</time>
        <extensions>
          <gpxtpx:TrackPointExtension>
            <gpxtpx:atemp>32</gpxtpx:atemp>
            <gpxtpx:hr>97</gpxtpx:hr>
            <gpxtpx:cad>50</gpxtpx:cad>
          </gpxtpx:TrackPointExtension>
          <gpxx:TrackPointExtension>
            <gpxx:Temperature>32</gpxx:Temperature>
          </gpxx:TrackPointExtension>
        </extensions>
      </trkpt>
      <trkpt lat="42.754875971004367" lon="-0.510945981368423">
        <ele>1232.4000000000001</ele>
        <time>2026-07-08T10:32:03Z</time>
        <extensions>
          <gpxtpx:TrackPointExtension>
            <gpxtpx:atemp>32</gpxtpx:atemp>
            <gpxtpx:hr>96</gpxtpx:hr>
            <gpxtpx:cad>52</gpxtpx:cad>
          </gpxtpx:TrackPointExtension>
          <gpxx:TrackPointExtension>
            <gpxx:Temperature>32</gpxx:Temperature>
          </gpxx:TrackPointExtension>
        </extensions>
      </trkpt>
      <trkpt lat="42.754843030124903" lon="-0.510913040488958">
        <ele>1231.8</ele>
        <time>2026-07-08T10:32:08Z</time>
        <extensions>
          <gpxtpx:TrackPointExtension>
            <gpxtpx:atemp>32</gpxtpx:atemp>
            <gpxtpx:hr>96</gpxtpx:hr>
            <gpxtpx:cad>49</gpxtpx:cad>
          </gpxtpx:TrackPointExtension>
          <gpxx:TrackPointExtension>
            <gpxx:Temperature>32</gpxx:Temperature>
          </gpxx:TrackPointExtension>
        </extensions>
      </trkpt>
      <trkpt lat="42.754833977669477" lon="-0.510903988033533">
        <ele>1231.5999999999999</ele>
        <time>2026-07-08T10:32:12Z</time>
        <extensions>
          <gpxtpx:TrackPointExtension>
            <gpxtpx:atemp>32</gpxtpx:atemp>
            <gpxtpx:hr>96</gpxtpx:hr>
            <gpxtpx:cad>49</gpxtpx:cad>
          </gpxtpx:TrackPointExtension>
          <gpxx:TrackPointExtension>
            <gpxx:Temperature>32</gpxx:Temperature>
          </gpxx:TrackPointExtension>
        </extensions>
      </trkpt>
      <trkpt lat="42.754824003204703" lon="-0.510902982205153">
        <ele>1231.4000000000001</ele>
        <time>2026-07-08T10:32:13Z</time>
        <extensions>
          <gpxtpx:TrackPointExtension>
            <gpxtpx:atemp>32</gpxtpx:atemp>
            <gpxtpx:hr>95</gpxtpx:hr>
            <gpxtpx:cad>50</gpxtpx:cad>
          </gpxtpx:TrackPointExtension>
          <gpxx:TrackPointExtension>
            <gpxx:Temperature>32</gpxx:Temperature>
          </gpxx:TrackPointExtension>
        </extensions>
      </trkpt>
      <trkpt lat="42.754791984334588" lon="-0.510882027447224">
        <ele>1230.8</ele>
        <time>2026-07-08T10:32:17Z</time>
        <extensions>
          <gpxtpx:TrackPointExtension>
            <gpxtpx:atemp>32</gpxtpx:atemp>
            <gpxtpx:hr>95</gpxtpx:hr>
            <gpxtpx:cad>50</gpxtpx:cad>
          </gpxtpx:TrackPointExtension>
          <gpxx:TrackPointExtension>
            <gpxx:Temperature>32</gpxx:Temperature>
          </gpxx:TrackPointExtension>
        </extensions>
      </trkpt>
      <trkpt lat="42.754779998213053" lon="-0.510880015790462">
        <ele>1230.8</ele>
        <time>2026-07-08T10:32:18Z</time>
        <extensions>
          <gpxtpx:TrackPointExtension>
            <gpxtpx:atemp>32</gpxtpx:atemp>
            <gpxtpx:hr>94</gpxtpx:hr>
            <gpxtpx:cad>50</gpxtpx:cad>
          </gpxtpx:TrackPointExtension>
          <gpxx:TrackPointExtension>
            <gpxx:Temperature>32</gpxx:Temperature>
          </gpxx:TrackPointExtension>
        </extensions>
      </trkpt>
      <trkpt lat="42.754768012091517" lon="-0.510866018012166">
        <ele>1230.5999999999999</ele>
        <time>2026-07-08T10:32:19Z</time>
        <extensions>
          <gpxtpx:TrackPointExtension>
            <gpxtpx:atemp>33</gpxtpx:atemp>
            <gpxtpx:hr>94</gpxtpx:hr>
            <gpxtpx:cad>50</gpxtpx:cad>
          </gpxtpx:TrackPointExtension>
          <gpxx:TrackPointExtension>
            <gpxx:Temperature>33</gpxx:Temperature>
          </gpxx:TrackPointExtension>
        </extensions>
      </trkpt>
      <trkpt lat="42.754728030413389" lon="-0.510863000527024">
        <ele>1230.2</ele>
        <time>2026-07-08T10:32:23Z</time>
        <extensions>
          <gpxtpx:TrackPointExtension>
            <gpxtpx:atemp>32</gpxtpx:atemp>
            <gpxtpx:hr>94</gpxtpx:hr>
            <gpxtpx:cad>50</gpxtpx:cad>
          </gpxtpx:TrackPointExtension>
          <gpxx:TrackPointExtension>
            <gpxx:Temperature>32</gpxx:Temperature>
          </gpxx:TrackPointExtension>
        </extensions>
      </trkpt>
      <trkpt lat="42.754672039300203" lon="-0.510849002748728">
        <ele>1229.8</ele>
        <time>2026-07-08T10:32:27Z</time>
        <extensions>
          <gpxtpx:TrackPointExtension>
            <gpxtpx:atemp>32</gpxtpx:atemp>
            <gpxtpx:hr>94</gpxtpx:hr>
            <gpxtpx:cad>52</gpxtpx:cad>
          </gpxtpx:TrackPointExtension>
          <gpxx:TrackPointExtension>
            <gpxx:Temperature>32</gpxx:Temperature>
          </gpxx:TrackPointExtension>
        </extensions>
      </trkpt>
      <trkpt lat="42.754654018208385" lon="-0.51085202023387">
        <ele>1229.5999999999999</ele>
        <time>2026-07-08T10:32:28Z</time>
        <extensions>
          <gpxtpx:TrackPointExtension>
            <gpxtpx:atemp>32</gpxtpx:atemp>
            <gpxtpx:hr>95</gpxtpx:hr>
            <gpxtpx:cad>52</gpxtpx:cad>
          </gpxtpx:TrackPointExtension>
          <gpxx:TrackPointExtension>
            <gpxx:Temperature>32</gpxx:Temperature>
          </gpxx:TrackPointExtension>
        </extensions>
      </trkpt>
      <trkpt lat="42.754621999338269" lon="-0.51085595972836">
        <ele>1229.4000000000001</ele>
        <time>2026-07-08T10:32:30Z</time>
        <extensions>
          <gpxtpx:TrackPointExtension>
            <gpxtpx:atemp>32</gpxtpx:atemp>
            <gpxtpx:hr>94</gpxtpx:hr>
            <gpxtpx:cad>51</gpxtpx:cad>
          </gpxtpx:TrackPointExtension>
          <gpxx:TrackPointExtension>
            <gpxx:Temperature>32</gpxx:Temperature>
          </gpxx:TrackPointExtension>
        </extensions>
      </trkpt>
      <trkpt lat="42.754576988518238" lon="-0.510860988870263">
        <ele>1228.8</ele>
        <time>2026-07-08T10:32:33Z</time>
        <extensions>
          <gpxtpx:TrackPointExtension>
            <gpxtpx:atemp>32</gpxtpx:atemp>
            <gpxtpx:hr>97</gpxtpx:hr>
            <gpxtpx:cad>51</gpxtpx:cad>
          </gpxtpx:TrackPointExtension>
          <gpxx:TrackPointExtension>
            <gpxx:Temperature>32</gpxx:Temperature>
          </gpxx:TrackPointExtension>
        </extensions>
      </trkpt>
      <trkpt lat="42.754579000174999" lon="-0.510865012183785">
        <ele>1228.5999999999999</ele>
        <time>2026-07-08T10:32:34Z</time>
        <extensions>
          <gpxtpx:TrackPointExtension>
            <gpxtpx:atemp>32</gpxtpx:atemp>
            <gpxtpx:hr>96</gpxtpx:hr>
            <gpxtpx:cad>51</gpxtpx:cad>
          </gpxtpx:TrackPointExtension>
          <gpxx:TrackPointExtension>
            <gpxx:Temperature>32</gpxx:Temperature>
          </gpxx:TrackPointExtension>
        </extensions>
      </trkpt>
      <trkpt lat="42.754567014053464" lon="-0.51087498664856">
        <ele>1228.4000000000001</ele>
        <time>2026-07-08T10:32:35Z</time>
        <extensions>
          <gpxtpx:TrackPointExtension>
            <gpxtpx:atemp>32</gpxtpx:atemp>
            <gpxtpx:hr>93</gpxtpx:hr>
            <gpxtpx:cad>52</gpxtpx:cad>
          </gpxtpx:TrackPointExtension>
          <gpxx:TrackPointExtension>
            <gpxx:Temperature>32</gpxx:Temperature>
          </gpxx:TrackPointExtension>
        </extensions>
      </trkpt>
      <trkpt lat="42.754554022103548" lon="-0.510880015790462">
        <ele>1228.4000000000001</ele>
        <time>2026-07-08T10:32:36Z</time>
        <extensions>
          <gpxtpx:TrackPointExtension>
            <gpxtpx:atemp>32</gpxtpx:atemp>
            <gpxtpx:hr>93</gpxtpx:hr>
            <gpxtpx:cad>52</gpxtpx:cad>
          </gpxtpx:TrackPointExtension>
          <gpxx:TrackPointExtension>
            <gpxx:Temperature>32</gpxx:Temperature>
          </gpxx:TrackPointExtension>
        </extensions>
      </trkpt>
      <trkpt lat="42.75453700684011" lon="-0.510883033275604">
        <ele>1228.2</ele>
        <time>2026-07-08T10:32:37Z</time>
        <extensions>
          <gpxtpx:TrackPointExtension>
            <gpxtpx:atemp>32</gpxtpx:atemp>
            <gpxtpx:hr>93</gpxtpx:hr>
            <gpxtpx:cad>51</gpxtpx:cad>
          </gpxtpx:TrackPointExtension>
          <gpxx:TrackPointExtension>
            <gpxx:Temperature>32</gpxx:Temperature>
          </gpxx:TrackPointExtension>
        </extensions>
      </trkpt>
      <trkpt lat="42.754518985748291" lon="-0.510890996083617">
        <ele>1228</ele>
        <time>2026-07-08T10:32:39Z</time>
        <extensions>
          <gpxtpx:TrackPointExtension>
            <gpxtpx:atemp>32</gpxtpx:atemp>
            <gpxtpx:hr>92</gpxtpx:hr>
            <gpxtpx:cad>51</gpxtpx:cad>
          </gpxtpx:TrackPointExtension>
          <gpxx:TrackPointExtension>
            <gpxx:Temperature>32</gpxx:Temperature>
          </gpxx:TrackPointExtension>
        </extensions>
      </trkpt>
      <trkpt lat="42.754503982141614" lon="-0.510902982205153">
        <ele>1227.5999999999999</ele>
        <time>2026-07-08T10:32:41Z</time>
        <extensions>
          <gpxtpx:TrackPointExtension>
            <gpxtpx:atemp>32</gpxtpx:atemp>
            <gpxtpx:hr>93</gpxtpx:hr>
            <gpxtpx:cad>50</gpxtpx:cad>
          </gpxtpx:TrackPointExtension>
          <gpxx:TrackPointExtension>
            <gpxx:Temperature>32</gpxx:Temperature>
          </gpxx:TrackPointExtension>
        </extensions>
      </trkpt>
      <trkpt lat="42.754462994635105" lon="-0.51091798581183">
        <ele>1227.2</ele>
        <time>2026-07-08T10:32:48Z</time>
        <extensions>
          <gpxtpx:TrackPointExtension>
            <gpxtpx:atemp>32</gpxtpx:atemp>
            <gpxtpx:hr>90</gpxtpx:hr>
            <gpxtpx:cad>0</gpxtpx:cad>
          </gpxtpx:TrackPointExtension>
          <gpxx:TrackPointExtension>
            <gpxx:Temperature>32</gpxx:Temperature>
          </gpxx:TrackPointExtension>
        </extensions>
      </trkpt>
      <trkpt lat="42.754460982978344" lon="-0.510916979983449">
        <ele>1227.2</ele>
        <time>2026-07-08T10:32:49Z</time>
        <extensions>
          <gpxtpx:TrackPointExtension>
            <gpxtpx:atemp>32</gpxtpx:atemp>
            <gpxtpx:hr>94</gpxtpx:hr>
            <gpxtpx:cad>0</gpxtpx:cad>
          </gpxtpx:TrackPointExtension>
          <gpxx:TrackPointExtension>
            <gpxx:Temperature>32</gpxx:Temperature>
          </gpxx:TrackPointExtension>
        </extensions>
      </trkpt>
      <trkpt lat="42.754459977149963" lon="-0.510916979983449">
        <ele>1227.2</ele>
        <time>2026-07-08T10:32:54Z</time>
        <extensions>
          <gpxtpx:TrackPointExtension>
            <gpxtpx:atemp>33</gpxtpx:atemp>
            <gpxtpx:hr>93</gpxtpx:hr>
            <gpxtpx:cad>0</gpxtpx:cad>
          </gpxtpx:TrackPointExtension>
          <gpxx:TrackPointExtension>
            <gpxx:Temperature>33</gpxx:Temperature>
          </gpxx:TrackPointExtension>
        </extensions>
      </trkpt>
      <trkpt lat="42.754450002685189" lon="-0.510952016338706">
        <ele>1227.2</ele>
        <time>2026-07-08T10:32:58Z</time>
        <extensions>
          <gpxtpx:TrackPointExtension>
            <gpxtpx:atemp>32</gpxtpx:atemp>
            <gpxtpx:hr>96</gpxtpx:hr>
            <gpxtpx:cad>0</gpxtpx:cad>
          </gpxtpx:TrackPointExtension>
          <gpxx:TrackPointExtension>
            <gpxx:Temperature>32</gpxx:Temperature>
          </gpxx:TrackPointExtension>
        </extensions>
      </trkpt>
      <trkpt lat="42.754434999078512" lon="-0.510969031602144">
        <ele>1227.2</ele>
        <time>2026-07-08T10:32:59Z</time>
        <extensions>
          <gpxtpx:TrackPointExtension>
            <gpxtpx:atemp>32</gpxtpx:atemp>
            <gpxtpx:hr>95</gpxtpx:hr>
            <gpxtpx:cad>0</gpxtpx:cad>
          </gpxtpx:TrackPointExtension>
          <gpxx:TrackPointExtension>
            <gpxx:Temperature>32</gpxx:Temperature>
          </gpxx:TrackPointExtension>
        </extensions>
      </trkpt>
      <trkpt lat="42.754457965493202" lon="-0.511027034372091">
        <ele>1226.5999999999999</ele>
        <time>2026-07-08T10:33:03Z</time>
        <extensions>
          <gpxtpx:TrackPointExtension>
            <gpxtpx:atemp>32</gpxtpx:atemp>
            <gpxtpx:hr>92</gpxtpx:hr>
            <gpxtpx:cad>45</gpxtpx:cad>
          </gpxtpx:TrackPointExtension>
          <gpxx:TrackPointExtension>
            <gpxx:Temperature>32</gpxx:Temperature>
          </gpxx:TrackPointExtension>
        </extensions>
      </trkpt>
      <trkpt lat="42.754460982978344" lon="-0.511051006615162">
        <ele>1226.4000000000001</ele>
        <time>2026-07-08T10:33:05Z</time>
        <extensions>
          <gpxtpx:TrackPointExtension>
            <gpxtpx:atemp>32</gpxtpx:atemp>
            <gpxtpx:hr>95</gpxtpx:hr>
            <gpxtpx:cad>45</gpxtpx:cad>
          </gpxtpx:TrackPointExtension>
          <gpxx:TrackPointExtension>
            <gpxx:Temperature>32</gpxx:Temperature>
          </gpxx:TrackPointExtension>
        </extensions>
      </trkpt>
      <trkpt lat="42.754476992413402" lon="-0.511081013828516">
        <ele>1226.2</ele>
        <time>2026-07-08T10:33:08Z</time>
        <extensions>
          <gpxtpx:TrackPointExtension>
            <gpxtpx:atemp>32</gpxtpx:atemp>
            <gpxtpx:hr>93</gpxtpx:hr>
            <gpxtpx:cad>50</gpxtpx:cad>
          </gpxtpx:TrackPointExtension>
          <gpxx:TrackPointExtension>
            <gpxx:Temperature>32</gpxx:Temperature>
          </gpxx:TrackPointExtension>
        </extensions>
      </trkpt>
      <trkpt lat="42.754486966878176" lon="-0.51108998246491">
        <ele>1226</ele>
        <time>2026-07-08T10:33:09Z</time>
        <extensions>
          <gpxtpx:TrackPointExtension>
            <gpxtpx:atemp>32</gpxtpx:atemp>
            <gpxtpx:hr>93</gpxtpx:hr>
            <gpxtpx:cad>52</gpxtpx:cad>
          </gpxtpx:TrackPointExtension>
          <gpxx:TrackPointExtension>
            <gpxx:Temperature>32</gpxx:Temperature>
          </gpxx:TrackPointExtension>
        </extensions>
      </trkpt>
      <trkpt lat="42.75449501350522" lon="-0.511103980243206">
        <ele>1225.8</ele>
        <time>2026-07-08T10:33:10Z</time>
        <extensions>
          <gpxtpx:TrackPointExtension>
            <gpxtpx:atemp>32</gpxtpx:atemp>
            <gpxtpx:hr>92</gpxtpx:hr>
            <gpxtpx:cad>52</gpxtpx:cad>
          </gpxtpx:TrackPointExtension>
          <gpxx:TrackPointExtension>
            <gpxx:Temperature>32</gpxx:Temperature>
          </gpxx:TrackPointExtension>
        </extensions>
      </trkpt>
      <trkpt lat="42.754501970484853" lon="-0.511147985234857">
        <ele>1225.4000000000001</ele>
        <time>2026-07-08T10:33:13Z</time>
        <extensions>
          <gpxtpx:TrackPointExtension>
            <gpxtpx:atemp>32</gpxtpx:atemp>
            <gpxtpx:hr>93</gpxtpx:hr>
            <gpxtpx:cad>50</gpxtpx:cad>
          </gpxtpx:TrackPointExtension>
          <gpxx:TrackPointExtension>
            <gpxx:Temperature>32</gpxx:Temperature>
          </gpxx:TrackPointExtension>
        </extensions>
      </trkpt>
      <trkpt lat="42.754501970484853" lon="-0.511169023811817">
        <ele>1225.2</ele>
        <time>2026-07-08T10:33:15Z</time>
        <extensions>
          <gpxtpx:TrackPointExtension>
            <gpxtpx:atemp>32</gpxtpx:atemp>
            <gpxtpx:hr>95</gpxtpx:hr>
            <gpxtpx:cad>51</gpxtpx:cad>
          </gpxtpx:TrackPointExtension>
          <gpxx:TrackPointExtension>
            <gpxx:Temperature>32</gpxx:Temperature>
          </gpxx:TrackPointExtension>
        </extensions>
      </trkpt>
      <trkpt lat="42.754504987969995" lon="-0.511173969134688">
        <ele>1225.2</ele>
        <time>2026-07-08T10:33:16Z</time>
        <extensions>
          <gpxtpx:TrackPointExtension>
            <gpxtpx:atemp>32</gpxtpx:atemp>
            <gpxtpx:hr>91</gpxtpx:hr>
            <gpxtpx:cad>50</gpxtpx:cad>
          </gpxtpx:TrackPointExtension>
          <gpxx:TrackPointExtension>
            <gpxx:Temperature>32</gpxx:Temperature>
          </gpxx:TrackPointExtension>
        </extensions>
      </trkpt>
      <trkpt lat="42.75451404042542" lon="-0.511235995218158">
        <ele>1225</ele>
        <time>2026-07-08T10:33:20Z</time>
        <extensions>
          <gpxtpx:TrackPointExtension>
            <gpxtpx:atemp>32</gpxtpx:atemp>
            <gpxtpx:hr>91</gpxtpx:hr>
            <gpxtpx:cad>49</gpxtpx:cad>
          </gpxtpx:TrackPointExtension>
          <gpxx:TrackPointExtension>
            <gpxx:Temperature>32</gpxx:Temperature>
          </gpxx:TrackPointExtension>
        </extensions>
      </trkpt>
      <trkpt lat="42.754551004618406" lon="-0.511286035180092">
        <ele>1224.4000000000001</ele>
        <time>2026-07-08T10:33:23Z</time>
        <extensions>
          <gpxtpx:TrackPointExtension>
            <gpxtpx:atemp>32</gpxtpx:atemp>
            <gpxtpx:hr>91</gpxtpx:hr>
            <gpxtpx:cad>0</gpxtpx:cad>
          </gpxtpx:TrackPointExtension>
          <gpxx:TrackPointExtension>
            <gpxx:Temperature>32</gpxx:Temperature>
          </gpxx:TrackPointExtension>
        </extensions>
      </trkpt>
      <trkpt lat="42.754586040973663" lon="-0.511333979666233">
        <ele>1224.2</ele>
        <time>2026-07-08T10:33:26Z</time>
        <extensions>
          <gpxtpx:TrackPointExtension>
            <gpxtpx:atemp>32</gpxtpx:atemp>
            <gpxtpx:hr>92</gpxtpx:hr>
            <gpxtpx:cad>0</gpxtpx:cad>
          </gpxtpx:TrackPointExtension>
          <gpxx:TrackPointExtension>
            <gpxx:Temperature>32</gpxx:Temperature>
          </gpxx:TrackPointExtension>
        </extensions>
      </trkpt>
      <trkpt lat="42.754618981853127" lon="-0.511378990486264">
        <ele>1223.8</ele>
        <time>2026-07-08T10:33:31Z</time>
        <extensions>
          <gpxtpx:TrackPointExtension>
            <gpxtpx:atemp>32</gpxtpx:atemp>
            <gpxtpx:hr>95</gpxtpx:hr>
            <gpxtpx:cad>50</gpxtpx:cad>
          </gpxtpx:TrackPointExtension>
          <gpxx:TrackPointExtension>
            <gpxx:Temperature>32</gpxx:Temperature>
          </gpxx:TrackPointExtension>
        </extensions>
      </trkpt>
      <trkpt lat="42.754647983238101" lon="-0.511392988264561">
        <ele>1223.4000000000001</ele>
        <time>2026-07-08T10:33:34Z</time>
        <extensions>
          <gpxtpx:TrackPointExtension>
            <gpxtpx:atemp>32</gpxtpx:atemp>
            <gpxtpx:hr>95</gpxtpx:hr>
            <gpxtpx:cad>53</gpxtpx:cad>
          </gpxtpx:TrackPointExtension>
          <gpxx:TrackPointExtension>
            <gpxx:Temperature>32</gpxx:Temperature>
          </gpxx:TrackPointExtension>
        </extensions>
      </trkpt>
      <trkpt lat="42.754676984623075" lon="-0.511399023234844">
        <ele>1223.4000000000001</ele>
        <time>2026-07-08T10:33:36Z</time>
        <extensions>
          <gpxtpx:TrackPointExtension>
            <gpxtpx:atemp>32</gpxtpx:atemp>
            <gpxtpx:hr>95</gpxtpx:hr>
            <gpxtpx:cad>52</gpxtpx:cad>
          </gpxtpx:TrackPointExtension>
          <gpxx:TrackPointExtension>
            <gpxx:Temperature>32</gpxx:Temperature>
          </gpxx:TrackPointExtension>
        </extensions>
      </trkpt>
      <trkpt lat="42.754734987393022" lon="-0.511443028226495">
        <ele>1223</ele>
        <time>2026-07-08T10:33:40Z</time>
        <extensions>
          <gpxtpx:TrackPointExtension>
            <gpxtpx:atemp>32</gpxtpx:atemp>
            <gpxtpx:hr>95</gpxtpx:hr>
            <gpxtpx:cad>50</gpxtpx:cad>
          </gpxtpx:TrackPointExtension>
          <gpxx:TrackPointExtension>
            <gpxx:Temperature>32</gpxx:Temperature>
          </gpxx:TrackPointExtension>
        </extensions>
      </trkpt>
      <trkpt lat="42.754738004878163" lon="-0.511475969105959">
        <ele>1222.8</ele>
        <time>2026-07-08T10:33:42Z</time>
        <extensions>
          <gpxtpx:TrackPointExtension>
            <gpxtpx:atemp>32</gpxtpx:atemp>
            <gpxtpx:hr>96</gpxtpx:hr>
            <gpxtpx:cad>50</gpxtpx:cad>
          </gpxtpx:TrackPointExtension>
          <gpxx:TrackPointExtension>
            <gpxx:Temperature>32</gpxx:Temperature>
          </gpxx:TrackPointExtension>
        </extensions>
      </trkpt>
      <trkpt lat="42.754745967686176" lon="-0.511503964662552">
        <ele>1222.5999999999999</ele>
        <time>2026-07-08T10:33:45Z</time>
        <extensions>
          <gpxtpx:TrackPointExtension>
            <gpxtpx:atemp>32</gpxtpx:atemp>
            <gpxtpx:hr>96</gpxtpx:hr>
            <gpxtpx:cad>52</gpxtpx:cad>
          </gpxtpx:TrackPointExtension>
          <gpxx:TrackPointExtension>
            <gpxx:Temperature>32</gpxx:Temperature>
          </gpxx:TrackPointExtension>
        </extensions>
      </trkpt>
      <trkpt lat="42.754788966849446" lon="-0.511509999632835">
        <ele>1222.2</ele>
        <time>2026-07-08T10:33:48Z</time>
        <extensions>
          <gpxtpx:TrackPointExtension>
            <gpxtpx:atemp>32</gpxtpx:atemp>
            <gpxtpx:hr>96</gpxtpx:hr>
            <gpxtpx:cad>50</gpxtpx:cad>
          </gpxtpx:TrackPointExtension>
          <gpxx:TrackPointExtension>
            <gpxx:Temperature>32</gpxx:Temperature>
          </gpxx:TrackPointExtension>
        </extensions>
      </trkpt>
      <trkpt lat="42.754807993769646" lon="-0.511515028774738">
        <ele>1222.2</ele>
        <time>2026-07-08T10:33:49Z</time>
        <extensions>
          <gpxtpx:TrackPointExtension>
            <gpxtpx:atemp>32</gpxtpx:atemp>
            <gpxtpx:hr>96</gpxtpx:hr>
            <gpxtpx:cad>50</gpxtpx:cad>
          </gpxtpx:TrackPointExtension>
          <gpxx:TrackPointExtension>
            <gpxx:Temperature>32</gpxx:Temperature>
          </gpxx:TrackPointExtension>
        </extensions>
      </trkpt>
      <trkpt lat="42.754820985719562" lon="-0.511548975482583">
        <ele>1222.2</ele>
        <time>2026-07-08T10:33:51Z</time>
        <extensions>
          <gpxtpx:TrackPointExtension>
            <gpxtpx:atemp>32</gpxtpx:atemp>
            <gpxtpx:hr>96</gpxtpx:hr>
            <gpxtpx:cad>50</gpxtpx:cad>
          </gpxtpx:TrackPointExtension>
          <gpxx:TrackPointExtension>
            <gpxx:Temperature>32</gpxx:Temperature>
          </gpxx:TrackPointExtension>
        </extensions>
      </trkpt>
      <trkpt lat="42.754876976832747" lon="-0.511613013222814">
        <ele>1221.5999999999999</ele>
        <time>2026-07-08T10:33:57Z</time>
        <extensions>
          <gpxtpx:TrackPointExtension>
            <gpxtpx:atemp>32</gpxtpx:atemp>
            <gpxtpx:hr>94</gpxtpx:hr>
            <gpxtpx:cad>50</gpxtpx:cad>
          </gpxtpx:TrackPointExtension>
          <gpxx:TrackPointExtension>
            <gpxx:Temperature>32</gpxx:Temperature>
          </gpxx:TrackPointExtension>
        </extensions>
      </trkpt>
      <trkpt lat="42.754892986267805" lon="-0.511638997122645">
        <ele>1221.5999999999999</ele>
        <time>2026-07-08T10:34:00Z</time>
        <extensions>
          <gpxtpx:TrackPointExtension>
            <gpxtpx:atemp>32</gpxtpx:atemp>
            <gpxtpx:hr>91</gpxtpx:hr>
            <gpxtpx:cad>50</gpxtpx:cad>
          </gpxtpx:TrackPointExtension>
          <gpxx:TrackPointExtension>
            <gpxx:Temperature>32</gpxx:Temperature>
          </gpxx:TrackPointExtension>
        </extensions>
      </trkpt>
      <trkpt lat="42.754931040108204" lon="-0.511658024042845">
        <ele>1221.2</ele>
        <time>2026-07-08T10:34:03Z</time>
        <extensions>
          <gpxtpx:TrackPointExtension>
            <gpxtpx:atemp>32</gpxtpx:atemp>
            <gpxtpx:hr>89</gpxtpx:hr>
            <gpxtpx:cad>49</gpxtpx:cad>
          </gpxtpx:TrackPointExtension>
          <gpxx:TrackPointExtension>
            <gpxx:Temperature>32</gpxx:Temperature>
          </gpxx:TrackPointExtension>
        </extensions>
      </trkpt>
      <trkpt lat="42.754939002916217" lon="-0.511660035699606">
        <ele>1221.2</ele>
        <time>2026-07-08T10:34:04Z</time>
        <extensions>
          <gpxtpx:TrackPointExtension>
            <gpxtpx:atemp>32</gpxtpx:atemp>
            <gpxtpx:hr>88</gpxtpx:hr>
            <gpxtpx:cad>49</gpxtpx:cad>
          </gpxtpx:TrackPointExtension>
          <gpxx:TrackPointExtension>
            <gpxx:Temperature>32</gpxx:Temperature>
          </gpxx:TrackPointExtension>
        </extensions>
      </trkpt>
      <trkpt lat="42.75494797155261" lon="-0.511673027649522">
        <ele>1220.8</ele>
        <time>2026-07-08T10:34:06Z</time>
        <extensions>
          <gpxtpx:TrackPointExtension>
            <gpxtpx:atemp>32</gpxtpx:atemp>
            <gpxtpx:hr>89</gpxtpx:hr>
            <gpxtpx:cad>49</gpxtpx:cad>
          </gpxtpx:TrackPointExtension>
          <gpxx:TrackPointExtension>
            <gpxx:Temperature>32</gpxx:Temperature>
          </gpxx:TrackPointExtension>
        </extensions>
      </trkpt>
      <trkpt lat="42.754980996251106" lon="-0.511664981022477">
        <ele>1220.5999999999999</ele>
        <time>2026-07-08T10:34:10Z</time>
        <extensions>
          <gpxtpx:TrackPointExtension>
            <gpxtpx:atemp>32</gpxtpx:atemp>
            <gpxtpx:hr>89</gpxtpx:hr>
            <gpxtpx:cad>49</gpxtpx:cad>
          </gpxtpx:TrackPointExtension>
          <gpxx:TrackPointExtension>
            <gpxx:Temperature>32</gpxx:Temperature>
          </gpxx:TrackPointExtension>
        </extensions>
      </trkpt>
      <trkpt lat="42.755015026777983" lon="-0.511693982407451">
        <ele>1220.4000000000001</ele>
        <time>2026-07-08T10:34:15Z</time>
        <extensions>
          <gpxtpx:TrackPointExtension>
            <gpxtpx:atemp>32</gpxtpx:atemp>
            <gpxtpx:hr>88</gpxtpx:hr>
            <gpxtpx:cad>49</gpxtpx:cad>
          </gpxtpx:TrackPointExtension>
          <gpxx:TrackPointExtension>
            <gpxx:Temperature>32</gpxx:Temperature>
          </gpxx:TrackPointExtension>
        </extensions>
      </trkpt>
      <trkpt lat="42.755037993192673" lon="-0.51171300932765">
        <ele>1220.4000000000001</ele>
        <time>2026-07-08T10:34:17Z</time>
        <extensions>
          <gpxtpx:TrackPointExtension>
            <gpxtpx:atemp>32</gpxtpx:atemp>
            <gpxtpx:hr>89</gpxtpx:hr>
            <gpxtpx:cad>49</gpxtpx:cad>
          </gpxtpx:TrackPointExtension>
          <gpxx:TrackPointExtension>
            <gpxx:Temperature>32</gpxx:Temperature>
          </gpxx:TrackPointExtension>
        </extensions>
      </trkpt>
      <trkpt lat="42.755065988749266" lon="-0.511747961863875">
        <ele>1220</ele>
        <time>2026-07-08T10:34:21Z</time>
        <extensions>
          <gpxtpx:TrackPointExtension>
            <gpxtpx:atemp>32</gpxtpx:atemp>
            <gpxtpx:hr>89</gpxtpx:hr>
            <gpxtpx:cad>50</gpxtpx:cad>
          </gpxtpx:TrackPointExtension>
          <gpxx:TrackPointExtension>
            <gpxx:Temperature>32</gpxx:Temperature>
          </gpxx:TrackPointExtension>
        </extensions>
      </trkpt>
      <trkpt lat="42.755100019276142" lon="-0.51177796907723">
        <ele>1219.8</ele>
        <time>2026-07-08T10:34:24Z</time>
        <extensions>
          <gpxtpx:TrackPointExtension>
            <gpxtpx:atemp>32</gpxtpx:atemp>
            <gpxtpx:hr>89</gpxtpx:hr>
            <gpxtpx:cad>50</gpxtpx:cad>
          </gpxtpx:TrackPointExtension>
          <gpxx:TrackPointExtension>
            <gpxx:Temperature>32</gpxx:Temperature>
          </gpxx:TrackPointExtension>
        </extensions>
      </trkpt>
      <trkpt lat="42.755129020661116" lon="-0.51177796907723">
        <ele>1219.5999999999999</ele>
        <time>2026-07-08T10:34:26Z</time>
        <extensions>
          <gpxtpx:TrackPointExtension>
            <gpxtpx:atemp>32</gpxtpx:atemp>
            <gpxtpx:hr>89</gpxtpx:hr>
            <gpxtpx:cad>50</gpxtpx:cad>
          </gpxtpx:TrackPointExtension>
          <gpxx:TrackPointExtension>
            <gpxx:Temperature>32</gpxx:Temperature>
          </gpxx:TrackPointExtension>
        </extensions>
      </trkpt>
      <trkpt lat="42.755155004560947" lon="-0.511789033189416">
        <ele>1219.5999999999999</ele>
        <time>2026-07-08T10:34:28Z</time>
        <extensions>
          <gpxtpx:TrackPointExtension>
            <gpxtpx:atemp>32</gpxtpx:atemp>
            <gpxtpx:hr>86</gpxtpx:hr>
            <gpxtpx:cad>48</gpxtpx:cad>
          </gpxtpx:TrackPointExtension>
          <gpxx:TrackPointExtension>
            <gpxx:Temperature>32</gpxx:Temperature>
          </gpxx:TrackPointExtension>
        </extensions>
      </trkpt>
      <trkpt lat="42.755164979025722" lon="-0.511802025139332">
        <ele>1219.5999999999999</ele>
        <time>2026-07-08T10:34:29Z</time>
        <extensions>
          <gpxtpx:TrackPointExtension>
            <gpxtpx:atemp>32</gpxtpx:atemp>
            <gpxtpx:hr>85</gpxtpx:hr>
            <gpxtpx:cad>48</gpxtpx:cad>
          </gpxtpx:TrackPointExtension>
          <gpxx:TrackPointExtension>
            <gpxx:Temperature>32</gpxx:Temperature>
          </gpxx:TrackPointExtension>
        </extensions>
      </trkpt>
      <trkpt lat="42.755195992067456" lon="-0.511828009039164">
        <ele>1219.4000000000001</ele>
        <time>2026-07-08T10:34:32Z</time>
        <extensions>
          <gpxtpx:TrackPointExtension>
            <gpxtpx:atemp>32</gpxtpx:atemp>
            <gpxtpx:hr>82</gpxtpx:hr>
            <gpxtpx:cad>48</gpxtpx:cad>
          </gpxtpx:TrackPointExtension>
          <gpxx:TrackPointExtension>
            <gpxx:Temperature>32</gpxx:Temperature>
          </gpxx:TrackPointExtension>
        </extensions>
      </trkpt>
      <trkpt lat="42.755260029807687" lon="-0.511879976838827">
        <ele>1219.2</ele>
        <time>2026-07-08T10:34:37Z</time>
        <extensions>
          <gpxtpx:TrackPointExtension>
            <gpxtpx:atemp>32</gpxtpx:atemp>
            <gpxtpx:hr>80</gpxtpx:hr>
            <gpxtpx:cad>49</gpxtpx:cad>
          </gpxtpx:TrackPointExtension>
          <gpxx:TrackPointExtension>
            <gpxx:Temperature>32</gpxx:Temperature>
          </gpxx:TrackPointExtension>
        </extensions>
      </trkpt>
      <trkpt lat="42.75526899844408" lon="-0.511893974617124">
        <ele>1219</ele>
        <time>2026-07-08T10:34:38Z</time>
        <extensions>
          <gpxtpx:TrackPointExtension>
            <gpxtpx:atemp>32</gpxtpx:atemp>
            <gpxtpx:hr>80</gpxtpx:hr>
            <gpxtpx:cad>49</gpxtpx:cad>
          </gpxtpx:TrackPointExtension>
          <gpxx:TrackPointExtension>
            <gpxx:Temperature>32</gpxx:Temperature>
          </gpxx:TrackPointExtension>
        </extensions>
      </trkpt>
      <trkpt lat="42.75529095903039" lon="-0.511919036507607">
        <ele>1219</ele>
        <time>2026-07-08T10:34:40Z</time>
        <extensions>
          <gpxtpx:TrackPointExtension>
            <gpxtpx:atemp>32</gpxtpx:atemp>
            <gpxtpx:hr>80</gpxtpx:hr>
            <gpxtpx:cad>50</gpxtpx:cad>
          </gpxtpx:TrackPointExtension>
          <gpxx:TrackPointExtension>
            <gpxx:Temperature>32</gpxx:Temperature>
          </gpxx:TrackPointExtension>
        </extensions>
      </trkpt>
      <trkpt lat="42.755383998155594" lon="-0.511968992650509">
        <ele>1218.4000000000001</ele>
        <time>2026-07-08T10:34:48Z</time>
        <extensions>
          <gpxtpx:TrackPointExtension>
            <gpxtpx:atemp>32</gpxtpx:atemp>
            <gpxtpx:hr>83</gpxtpx:hr>
            <gpxtpx:cad>49</gpxtpx:cad>
          </gpxtpx:TrackPointExtension>
          <gpxx:TrackPointExtension>
            <gpxx:Temperature>32</gpxx:Temperature>
          </gpxx:TrackPointExtension>
        </extensions>
      </trkpt>
      <trkpt lat="42.755451975390315" lon="-0.511977961286902">
        <ele>1218</ele>
        <time>2026-07-08T10:34:55Z</time>
        <extensions>
          <gpxtpx:TrackPointExtension>
            <gpxtpx:atemp>32</gpxtpx:atemp>
            <gpxtpx:hr>83</gpxtpx:hr>
            <gpxtpx:cad>50</gpxtpx:cad>
          </gpxtpx:TrackPointExtension>
          <gpxx:TrackPointExtension>
            <gpxx:Temperature>32</gpxx:Temperature>
          </gpxx:TrackPointExtension>
        </extensions>
      </trkpt>
      <trkpt lat="42.75546396151185" lon="-0.511983996257186">
        <ele>1217.8</ele>
        <time>2026-07-08T10:34:56Z</time>
        <extensions>
          <gpxtpx:TrackPointExtension>
            <gpxtpx:atemp>32</gpxtpx:atemp>
            <gpxtpx:hr>81</gpxtpx:hr>
            <gpxtpx:cad>0</gpxtpx:cad>
          </gpxtpx:TrackPointExtension>
          <gpxx:TrackPointExtension>
            <gpxx:Temperature>32</gpxx:Temperature>
          </gpxx:TrackPointExtension>
        </extensions>
      </trkpt>
      <trkpt lat="42.755518024787307" lon="-0.511977961286902">
        <ele>1217.5999999999999</ele>
        <time>2026-07-08T10:35:01Z</time>
        <extensions>
          <gpxtpx:TrackPointExtension>
            <gpxtpx:atemp>32</gpxtpx:atemp>
            <gpxtpx:hr>84</gpxtpx:hr>
            <gpxtpx:cad>44</gpxtpx:cad>
          </gpxtpx:TrackPointExtension>
          <gpxx:TrackPointExtension>
            <gpxx:Temperature>32</gpxx:Temperature>
          </gpxx:TrackPointExtension>
        </extensions>
      </trkpt>
      <trkpt lat="42.755541997030377" lon="-0.511962035670877">
        <ele>1217.2</ele>
        <time>2026-07-08T10:35:03Z</time>
        <extensions>
          <gpxtpx:TrackPointExtension>
            <gpxtpx:atemp>32</gpxtpx:atemp>
            <gpxtpx:hr>85</gpxtpx:hr>
            <gpxtpx:cad>44</gpxtpx:cad>
          </gpxtpx:TrackPointExtension>
          <gpxx:TrackPointExtension>
            <gpxx:Temperature>32</gpxx:Temperature>
          </gpxx:TrackPointExtension>
        </extensions>
      </trkpt>
      <trkpt lat="42.755572004243731" lon="-0.51197100430727">
        <ele>1217</ele>
        <time>2026-07-08T10:35:09Z</time>
        <extensions>
          <gpxtpx:TrackPointExtension>
            <gpxtpx:atemp>32</gpxtpx:atemp>
            <gpxtpx:hr>86</gpxtpx:hr>
            <gpxtpx:cad>0</gpxtpx:cad>
          </gpxtpx:TrackPointExtension>
          <gpxx:TrackPointExtension>
            <gpxx:Temperature>32</gpxx:Temperature>
          </gpxx:TrackPointExtension>
        </extensions>
      </trkpt>
      <trkpt lat="42.755562029778957" lon="-0.511967986822128">
        <ele>1216.8</ele>
        <time>2026-07-08T10:35:12Z</time>
        <extensions>
          <gpxtpx:TrackPointExtension>
            <gpxtpx:atemp>32</gpxtpx:atemp>
            <gpxtpx:hr>87</gpxtpx:hr>
            <gpxtpx:cad>0</gpxtpx:cad>
          </gpxtpx:TrackPointExtension>
          <gpxx:TrackPointExtension>
            <gpxx:Temperature>32</gpxx:Temperature>
          </gpxx:TrackPointExtension>
        </extensions>
      </trkpt>
      <trkpt lat="42.755507966503501" lon="-0.511948959901929">
        <ele>1215.5999999999999</ele>
        <time>2026-07-08T10:35:17Z</time>
        <extensions>
          <gpxtpx:TrackPointExtension>
            <gpxtpx:atemp>32</gpxtpx:atemp>
            <gpxtpx:hr>88</gpxtpx:hr>
            <gpxtpx:cad>74</gpxtpx:cad>
          </gpxtpx:TrackPointExtension>
          <gpxx:TrackPointExtension>
            <gpxx:Temperature>32</gpxx:Temperature>
          </gpxx:TrackPointExtension>
        </extensions>
      </trkpt>
      <trkpt lat="42.755500003695488" lon="-0.51195097155869">
        <ele>1215.2</ele>
        <time>2026-07-08T10:35:18Z</time>
        <extensions>
          <gpxtpx:TrackPointExtension>
            <gpxtpx:atemp>32</gpxtpx:atemp>
            <gpxtpx:hr>88</gpxtpx:hr>
            <gpxtpx:cad>74</gpxtpx:cad>
          </gpxtpx:TrackPointExtension>
          <gpxx:TrackPointExtension>
            <gpxx:Temperature>32</gpxx:Temperature>
          </gpxx:TrackPointExtension>
        </extensions>
      </trkpt>
      <trkpt lat="42.755462033674121" lon="-0.511961029842496">
        <ele>1214.4000000000001</ele>
        <time>2026-07-08T10:35:22Z</time>
        <extensions>
          <gpxtpx:TrackPointExtension>
            <gpxtpx:atemp>32</gpxtpx:atemp>
            <gpxtpx:hr>88</gpxtpx:hr>
            <gpxtpx:cad>54</gpxtpx:cad>
          </gpxtpx:TrackPointExtension>
          <gpxx:TrackPointExtension>
            <gpxx:Temperature>32</gpxx:Temperature>
          </gpxx:TrackPointExtension>
        </extensions>
      </trkpt>
      <trkpt lat="42.755435965955257" lon="-0.511957006528974">
        <ele>1213.5999999999999</ele>
        <time>2026-07-08T10:35:25Z</time>
        <extensions>
          <gpxtpx:TrackPointExtension>
            <gpxtpx:atemp>32</gpxtpx:atemp>
            <gpxtpx:hr>90</gpxtpx:hr>
            <gpxtpx:cad>54</gpxtpx:cad>
          </gpxtpx:TrackPointExtension>
          <gpxx:TrackPointExtension>
            <gpxx:Temperature>32</gpxx:Temperature>
          </gpxx:TrackPointExtension>
        </extensions>
      </trkpt>
      <trkpt lat="42.755412999540567" lon="-0.511972010135651">
        <ele>1213</ele>
        <time>2026-07-08T10:35:27Z</time>
        <extensions>
          <gpxtpx:TrackPointExtension>
            <gpxtpx:atemp>32</gpxtpx:atemp>
            <gpxtpx:hr>88</gpxtpx:hr>
            <gpxtpx:cad>49</gpxtpx:cad>
          </gpxtpx:TrackPointExtension>
          <gpxx:TrackPointExtension>
            <gpxx:Temperature>32</gpxx:Temperature>
          </gpxx:TrackPointExtension>
        </extensions>
      </trkpt>
      <trkpt lat="42.755382992327213" lon="-0.511987013742328">
        <ele>1212.2</ele>
        <time>2026-07-08T10:35:31Z</time>
        <extensions>
          <gpxtpx:TrackPointExtension>
            <gpxtpx:atemp>32</gpxtpx:atemp>
            <gpxtpx:hr>93</gpxtpx:hr>
            <gpxtpx:cad>49</gpxtpx:cad>
          </gpxtpx:TrackPointExtension>
          <gpxx:TrackPointExtension>
            <gpxx:Temperature>32</gpxx:Temperature>
          </gpxx:TrackPointExtension>
        </extensions>
      </trkpt>
      <trkpt lat="42.7553750295192" lon="-0.51199103705585">
        <ele>1212</ele>
        <time>2026-07-08T10:35:32Z</time>
        <extensions>
          <gpxtpx:TrackPointExtension>
            <gpxtpx:atemp>32</gpxtpx:atemp>
            <gpxtpx:hr>90</gpxtpx:hr>
            <gpxtpx:cad>49</gpxtpx:cad>
          </gpxtpx:TrackPointExtension>
          <gpxx:TrackPointExtension>
            <gpxx:Temperature>32</gpxx:Temperature>
          </gpxx:TrackPointExtension>
        </extensions>
      </trkpt>
      <trkpt lat="42.755344016477466" lon="-0.512012997642159">
        <ele>1210.8</ele>
        <time>2026-07-08T10:35:36Z</time>
        <extensions>
          <gpxtpx:TrackPointExtension>
            <gpxtpx:atemp>32</gpxtpx:atemp>
            <gpxtpx:hr>91</gpxtpx:hr>
            <gpxtpx:cad>48</gpxtpx:cad>
          </gpxtpx:TrackPointExtension>
          <gpxx:TrackPointExtension>
            <gpxx:Temperature>32</gpxx:Temperature>
          </gpxx:TrackPointExtension>
        </extensions>
      </trkpt>
      <trkpt lat="42.755323983728886" lon="-0.512033030390739">
        <ele>1210</ele>
        <time>2026-07-08T10:35:40Z</time>
        <extensions>
          <gpxtpx:TrackPointExtension>
            <gpxtpx:atemp>32</gpxtpx:atemp>
            <gpxtpx:hr>92</gpxtpx:hr>
            <gpxtpx:cad>49</gpxtpx:cad>
          </gpxtpx:TrackPointExtension>
          <gpxx:TrackPointExtension>
            <gpxx:Temperature>32</gpxx:Temperature>
          </gpxx:TrackPointExtension>
        </extensions>
      </trkpt>
      <trkpt lat="42.755302023142576" lon="-0.512032024562359">
        <ele>1209.8</ele>
        <time>2026-07-08T10:35:42Z</time>
        <extensions>
          <gpxtpx:TrackPointExtension>
            <gpxtpx:atemp>32</gpxtpx:atemp>
            <gpxtpx:hr>91</gpxtpx:hr>
            <gpxtpx:cad>49</gpxtpx:cad>
          </gpxtpx:TrackPointExtension>
          <gpxx:TrackPointExtension>
            <gpxx:Temperature>32</gpxx:Temperature>
          </gpxx:TrackPointExtension>
        </extensions>
      </trkpt>
      <trkpt lat="42.755285007879138" lon="-0.512046022340655">
        <ele>1208.8</ele>
        <time>2026-07-08T10:35:47Z</time>
        <extensions>
          <gpxtpx:TrackPointExtension>
            <gpxtpx:atemp>32</gpxtpx:atemp>
            <gpxtpx:hr>94</gpxtpx:hr>
            <gpxtpx:cad>0</gpxtpx:cad>
          </gpxtpx:TrackPointExtension>
          <gpxx:TrackPointExtension>
            <gpxx:Temperature>32</gpxx:Temperature>
          </gpxx:TrackPointExtension>
        </extensions>
      </trkpt>
      <trkpt lat="42.755278972908854" lon="-0.512054990977049">
        <ele>1208.8</ele>
        <time>2026-07-08T10:35:48Z</time>
        <extensions>
          <gpxtpx:TrackPointExtension>
            <gpxtpx:atemp>32</gpxtpx:atemp>
            <gpxtpx:hr>93</gpxtpx:hr>
            <gpxtpx:cad>0</gpxtpx:cad>
          </gpxtpx:TrackPointExtension>
          <gpxx:TrackPointExtension>
            <gpxx:Temperature>32</gpxx:Temperature>
          </gpxx:TrackPointExtension>
        </extensions>
      </trkpt>
      <trkpt lat="42.755297999829054" lon="-0.512086004018784">
        <ele>1207.5999999999999</ele>
        <time>2026-07-08T10:35:54Z</time>
        <extensions>
          <gpxtpx:TrackPointExtension>
            <gpxtpx:atemp>32</gpxtpx:atemp>
            <gpxtpx:hr>91</gpxtpx:hr>
            <gpxtpx:cad>0</gpxtpx:cad>
          </gpxtpx:TrackPointExtension>
          <gpxx:TrackPointExtension>
            <gpxx:Temperature>32</gpxx:Temperature>
          </gpxx:TrackPointExtension>
        </extensions>
      </trkpt>
      <trkpt lat="42.755300011485815" lon="-0.512090027332306">
        <ele>1207.4000000000001</ele>
        <time>2026-07-08T10:35:55Z</time>
        <extensions>
          <gpxtpx:TrackPointExtension>
            <gpxtpx:atemp>32</gpxtpx:atemp>
            <gpxtpx:hr>91</gpxtpx:hr>
            <gpxtpx:cad>0</gpxtpx:cad>
          </gpxtpx:TrackPointExtension>
          <gpxx:TrackPointExtension>
            <gpxx:Temperature>32</gpxx:Temperature>
          </gpxx:TrackPointExtension>
        </extensions>
      </trkpt>
      <trkpt lat="42.755304034799337" lon="-0.512092960998416">
        <ele>1207.2</ele>
        <time>2026-07-08T10:35:56Z</time>
        <extensions>
          <gpxtpx:TrackPointExtension>
            <gpxtpx:atemp>32</gpxtpx:atemp>
            <gpxtpx:hr>94</gpxtpx:hr>
            <gpxtpx:cad>0</gpxtpx:cad>
          </gpxtpx:TrackPointExtension>
          <gpxx:TrackPointExtension>
            <gpxx:Temperature>32</gpxx:Temperature>
          </gpxx:TrackPointExtension>
        </extensions>
      </trkpt>
      <trkpt lat="42.755308980122209" lon="-0.512109976261854">
        <ele>1206.5999999999999</ele>
        <time>2026-07-08T10:35:58Z</time>
        <extensions>
          <gpxtpx:TrackPointExtension>
            <gpxtpx:atemp>32</gpxtpx:atemp>
            <gpxtpx:hr>93</gpxtpx:hr>
            <gpxtpx:cad>0</gpxtpx:cad>
          </gpxtpx:TrackPointExtension>
          <gpxx:TrackPointExtension>
            <gpxx:Temperature>32</gpxx:Temperature>
          </gpxx:TrackPointExtension>
        </extensions>
      </trkpt>
      <trkpt lat="42.755294982343912" lon="-0.512129003182054">
        <ele>1205.5999999999999</ele>
        <time>2026-07-08T10:36:02Z</time>
        <extensions>
          <gpxtpx:TrackPointExtension>
            <gpxtpx:atemp>32</gpxtpx:atemp>
            <gpxtpx:hr>91</gpxtpx:hr>
            <gpxtpx:cad>0</gpxtpx:cad>
          </gpxtpx:TrackPointExtension>
          <gpxx:TrackPointExtension>
            <gpxx:Temperature>32</gpxx:Temperature>
          </gpxx:TrackPointExtension>
        </extensions>
      </trkpt>
      <trkpt lat="42.755264975130558" lon="-0.512164039537311">
        <ele>1204.5999999999999</ele>
        <time>2026-07-08T10:36:08Z</time>
        <extensions>
          <gpxtpx:TrackPointExtension>
            <gpxtpx:atemp>32</gpxtpx:atemp>
            <gpxtpx:hr>88</gpxtpx:hr>
            <gpxtpx:cad>0</gpxtpx:cad>
          </gpxtpx:TrackPointExtension>
          <gpxx:TrackPointExtension>
            <gpxx:Temperature>32</gpxx:Temperature>
          </gpxx:TrackPointExtension>
        </extensions>
      </trkpt>
      <trkpt lat="42.755260029807687" lon="-0.512164961546659">
        <ele>1204.4000000000001</ele>
        <time>2026-07-08T10:36:09Z</time>
        <extensions>
          <gpxtpx:TrackPointExtension>
            <gpxtpx:atemp>32</gpxtpx:atemp>
            <gpxtpx:hr>91</gpxtpx:hr>
            <gpxtpx:cad>0</gpxtpx:cad>
          </gpxtpx:TrackPointExtension>
          <gpxx:TrackPointExtension>
            <gpxx:Temperature>32</gpxx:Temperature>
          </gpxx:TrackPointExtension>
        </extensions>
      </trkpt>
      <trkpt lat="42.755223987624049" lon="-0.512237967923284">
        <ele>1203.4000000000001</ele>
        <time>2026-07-08T10:36:17Z</time>
        <extensions>
          <gpxtpx:TrackPointExtension>
            <gpxtpx:atemp>32</gpxtpx:atemp>
            <gpxtpx:hr>92</gpxtpx:hr>
            <gpxtpx:cad>0</gpxtpx:cad>
          </gpxtpx:TrackPointExtension>
          <gpxx:TrackPointExtension>
            <gpxx:Temperature>32</gpxx:Temperature>
          </gpxx:TrackPointExtension>
        </extensions>
      </trkpt>
      <trkpt lat="42.755214013159275" lon="-0.512266969308257">
        <ele>1203.4000000000001</ele>
        <time>2026-07-08T10:36:20Z</time>
        <extensions>
          <gpxtpx:TrackPointExtension>
            <gpxtpx:atemp>32</gpxtpx:atemp>
            <gpxtpx:hr>90</gpxtpx:hr>
            <gpxtpx:cad>47</gpxtpx:cad>
          </gpxtpx:TrackPointExtension>
          <gpxx:TrackPointExtension>
            <gpxx:Temperature>32</gpxx:Temperature>
          </gpxx:TrackPointExtension>
        </extensions>
      </trkpt>
      <trkpt lat="42.755210995674133" lon="-0.512298988178372">
        <ele>1203.4000000000001</ele>
        <time>2026-07-08T10:36:22Z</time>
        <extensions>
          <gpxtpx:TrackPointExtension>
            <gpxtpx:atemp>32</gpxtpx:atemp>
            <gpxtpx:hr>86</gpxtpx:hr>
            <gpxtpx:cad>47</gpxtpx:cad>
          </gpxtpx:TrackPointExtension>
          <gpxx:TrackPointExtension>
            <gpxx:Temperature>32</gpxx:Temperature>
          </gpxx:TrackPointExtension>
        </extensions>
      </trkpt>
      <trkpt lat="42.75520202703774" lon="-0.512319020926952">
        <ele>1203.2</ele>
        <time>2026-07-08T10:36:24Z</time>
        <extensions>
          <gpxtpx:TrackPointExtension>
            <gpxtpx:atemp>32</gpxtpx:atemp>
            <gpxtpx:hr>84</gpxtpx:hr>
            <gpxtpx:cad>47</gpxtpx:cad>
          </gpxtpx:TrackPointExtension>
          <gpxx:TrackPointExtension>
            <gpxx:Temperature>32</gpxx:Temperature>
          </gpxx:TrackPointExtension>
        </extensions>
      </trkpt>
      <trkpt lat="42.755173025652766" lon="-0.512381969019771">
        <ele>1203.5999999999999</ele>
        <time>2026-07-08T10:36:31Z</time>
        <extensions>
          <gpxtpx:TrackPointExtension>
            <gpxtpx:atemp>32</gpxtpx:atemp>
            <gpxtpx:hr>87</gpxtpx:hr>
            <gpxtpx:cad>45</gpxtpx:cad>
          </gpxtpx:TrackPointExtension>
          <gpxx:TrackPointExtension>
            <gpxx:Temperature>32</gpxx:Temperature>
          </gpxx:TrackPointExtension>
        </extensions>
      </trkpt>
      <trkpt lat="42.755133965983987" lon="-0.512449024245143">
        <ele>1203.4000000000001</ele>
        <time>2026-07-08T10:36:36Z</time>
        <extensions>
          <gpxtpx:TrackPointExtension>
            <gpxtpx:atemp>32</gpxtpx:atemp>
            <gpxtpx:hr>88</gpxtpx:hr>
            <gpxtpx:cad>46</gpxtpx:cad>
          </gpxtpx:TrackPointExtension>
          <gpxx:TrackPointExtension>
            <gpxx:Temperature>32</gpxx:Temperature>
          </gpxx:TrackPointExtension>
        </extensions>
      </trkpt>
      <trkpt lat="42.755110999569297" lon="-0.512496968731284">
        <ele>1203.4000000000001</ele>
        <time>2026-07-08T10:36:40Z</time>
        <extensions>
          <gpxtpx:TrackPointExtension>
            <gpxtpx:atemp>32</gpxtpx:atemp>
            <gpxtpx:hr>91</gpxtpx:hr>
            <gpxtpx:cad>0</gpxtpx:cad>
          </gpxtpx:TrackPointExtension>
          <gpxx:TrackPointExtension>
            <gpxx:Temperature>32</gpxx:Temperature>
          </gpxx:TrackPointExtension>
        </extensions>
      </trkpt>
      <trkpt lat="42.755092978477478" lon="-0.512536028400064">
        <ele>1203.5999999999999</ele>
        <time>2026-07-08T10:36:44Z</time>
        <extensions>
          <gpxtpx:TrackPointExtension>
            <gpxtpx:atemp>32</gpxtpx:atemp>
            <gpxtpx:hr>94</gpxtpx:hr>
            <gpxtpx:cad>47</gpxtpx:cad>
          </gpxtpx:TrackPointExtension>
          <gpxx:TrackPointExtension>
            <gpxx:Temperature>32</gpxx:Temperature>
          </gpxx:TrackPointExtension>
        </extensions>
      </trkpt>
      <trkpt lat="42.755077974870801" lon="-0.512570980936289">
        <ele>1203.4000000000001</ele>
        <time>2026-07-08T10:36:47Z</time>
        <extensions>
          <gpxtpx:TrackPointExtension>
            <gpxtpx:atemp>32</gpxtpx:atemp>
            <gpxtpx:hr>95</gpxtpx:hr>
            <gpxtpx:cad>46</gpxtpx:cad>
          </gpxtpx:TrackPointExtension>
          <gpxx:TrackPointExtension>
            <gpxx:Temperature>32</gpxx:Temperature>
          </gpxx:TrackPointExtension>
        </extensions>
      </trkpt>
      <trkpt lat="42.755046961829066" lon="-0.512623032554984">
        <ele>1203.4000000000001</ele>
        <time>2026-07-08T10:36:51Z</time>
        <extensions>
          <gpxtpx:TrackPointExtension>
            <gpxtpx:atemp>32</gpxtpx:atemp>
            <gpxtpx:hr>98</gpxtpx:hr>
            <gpxtpx:cad>48</gpxtpx:cad>
          </gpxtpx:TrackPointExtension>
          <gpxx:TrackPointExtension>
            <gpxx:Temperature>32</gpxx:Temperature>
          </gpxx:TrackPointExtension>
        </extensions>
      </trkpt>
      <trkpt lat="42.75503003038466" lon="-0.512635018676519">
        <ele>1203.4000000000001</ele>
        <time>2026-07-08T10:36:53Z</time>
        <extensions>
          <gpxtpx:TrackPointExtension>
            <gpxtpx:atemp>32</gpxtpx:atemp>
            <gpxtpx:hr>102</gpxtpx:hr>
            <gpxtpx:cad>48</gpxtpx:cad>
          </gpxtpx:TrackPointExtension>
          <gpxx:TrackPointExtension>
            <gpxx:Temperature>32</gpxx:Temperature>
          </gpxx:TrackPointExtension>
        </extensions>
      </trkpt>
      <trkpt lat="42.755014020949602" lon="-0.512647004798055">
        <ele>1203.4000000000001</ele>
        <time>2026-07-08T10:36:55Z</time>
        <extensions>
          <gpxtpx:TrackPointExtension>
            <gpxtpx:atemp>32</gpxtpx:atemp>
            <gpxtpx:hr>99</gpxtpx:hr>
            <gpxtpx:cad>46</gpxtpx:cad>
          </gpxtpx:TrackPointExtension>
          <gpxx:TrackPointExtension>
            <gpxx:Temperature>32</gpxx:Temperature>
          </gpxx:TrackPointExtension>
        </extensions>
      </trkpt>
      <trkpt lat="42.755000023171306" lon="-0.512667037546635">
        <ele>1203.4000000000001</ele>
        <time>2026-07-08T10:36:57Z</time>
        <extensions>
          <gpxtpx:TrackPointExtension>
            <gpxtpx:atemp>32</gpxtpx:atemp>
            <gpxtpx:hr>98</gpxtpx:hr>
            <gpxtpx:cad>46</gpxtpx:cad>
          </gpxtpx:TrackPointExtension>
          <gpxx:TrackPointExtension>
            <gpxx:Temperature>32</gpxx:Temperature>
          </gpxx:TrackPointExtension>
        </extensions>
      </trkpt>
      <trkpt lat="42.754911007359624" lon="-0.512802992016077">
        <ele>1203.2</ele>
        <time>2026-07-08T10:37:11Z</time>
        <extensions>
          <gpxtpx:TrackPointExtension>
            <gpxtpx:atemp>32</gpxtpx:atemp>
            <gpxtpx:hr>97</gpxtpx:hr>
            <gpxtpx:cad>48</gpxtpx:cad>
          </gpxtpx:TrackPointExtension>
          <gpxx:TrackPointExtension>
            <gpxx:Temperature>32</gpxx:Temperature>
          </gpxx:TrackPointExtension>
        </extensions>
      </trkpt>
      <trkpt lat="42.75490203872323" lon="-0.512806009501219">
        <ele>1203.2</ele>
        <time>2026-07-08T10:37:12Z</time>
        <extensions>
          <gpxtpx:TrackPointExtension>
            <gpxtpx:atemp>32</gpxtpx:atemp>
            <gpxtpx:hr>97</gpxtpx:hr>
            <gpxtpx:cad>48</gpxtpx:cad>
          </gpxtpx:TrackPointExtension>
          <gpxx:TrackPointExtension>
            <gpxx:Temperature>32</gpxx:Temperature>
          </gpxx:TrackPointExtension>
        </extensions>
      </trkpt>
    </trkseg>
  </trk>

</gpx>